:0200000460009A
:100000004643464200000156000000000103030081
:1000100000000000000000000000000000000000E0
:1000200000000000000000000000000000000000D0
:1000300000000000000000000000000000000000C0
:1000400000000000010408000000000000000000A3
:100050000000200000000000000000000000000080
:100060000000000000000000000000000000000090
:100070000000000000000000000000000000000080
:10008000EB04180A063204260000000000000000FD
:10009000050404240000000000000000000000002F
:1000A0000000000000000000000000000000000050
:1000B0000604000000000000000000000000000036
:1000C0000000000000000000000000000000000030
:1000D00020041808000000000000000000000000DC
:1000E0000000000000000000000000000000000010
:1000F0000000000000000000000000000000000000
:10010000D8041808000000000000000000000000F3
:100110000204180804200000000000000000000095
:1001200000000000000000000000000000000000CF
:10013000600400000000000000000000000000005B
:1001400000000000000000000000000000000000AF
:10015000000000000000000000000000000000009F
:10016000000000000000000000000000000000008F
:10017000000000000000000000000000000000007F
:10018000000000000000000000000000000000006F
:10019000000000000000000000000000000000005F
:1001A000000000000000000000000000000000004F
:1001B000000000000000000000000000000000003F
:1001C000000100000010000001000000000000001D
:1001D000000001000000000000000000000000001E
:1001E000000000000000000000000000000000000F
:1001F00000000000000000000000000000000000FF
:10020000FFFFFFFFFFFFFFFFFFFFFFFFFFFFFFFFFE
:10021000FFFFFFFFFFFFFFFFFFFFFFFFFFFFFFFFEE
:10022000FFFFFFFFFFFFFFFFFFFFFFFFFFFFFFFFDE
:10023000FFFFFFFFFFFFFFFFFFFFFFFFFFFFFFFFCE
:10024000FFFFFFFFFFFFFFFFFFFFFFFFFFFFFFFFBE
:10025000FFFFFFFFFFFFFFFFFFFFFFFFFFFFFFFFAE
:10026000FFFFFFFFFFFFFFFFFFFFFFFFFFFFFFFF9E
:10027000FFFFFFFFFFFFFFFFFFFFFFFFFFFFFFFF8E
:10028000FFFFFFFFFFFFFFFFFFFFFFFFFFFFFFFF7E
:10029000FFFFFFFFFFFFFFFFFFFFFFFFFFFFFFFF6E
:1002A000FFFFFFFFFFFFFFFFFFFFFFFFFFFFFFFF5E
:1002B000FFFFFFFFFFFFFFFFFFFFFFFFFFFFFFFF4E
:1002C000FFFFFFFFFFFFFFFFFFFFFFFFFFFFFFFF3E
:1002D000FFFFFFFFFFFFFFFFFFFFFFFFFFFFFFFF2E
:1002E000FFFFFFFFFFFFFFFFFFFFFFFFFFFFFFFF1E
:1002F000FFFFFFFFFFFFFFFFFFFFFFFFFFFFFFFF0E
:10030000FFFFFFFFFFFFFFFFFFFFFFFFFFFFFFFFFD
:10031000FFFFFFFFFFFFFFFFFFFFFFFFFFFFFFFFED
:10032000FFFFFFFFFFFFFFFFFFFFFFFFFFFFFFFFDD
:10033000FFFFFFFFFFFFFFFFFFFFFFFFFFFFFFFFCD
:10034000FFFFFFFFFFFFFFFFFFFFFFFFFFFFFFFFBD
:10035000FFFFFFFFFFFFFFFFFFFFFFFFFFFFFFFFAD
:10036000FFFFFFFFFFFFFFFFFFFFFFFFFFFFFFFF9D
:10037000FFFFFFFFFFFFFFFFFFFFFFFFFFFFFFFF8D
:10038000FFFFFFFFFFFFFFFFFFFFFFFFFFFFFFFF7D
:10039000FFFFFFFFFFFFFFFFFFFFFFFFFFFFFFFF6D
:1003A000FFFFFFFFFFFFFFFFFFFFFFFFFFFFFFFF5D
:1003B000FFFFFFFFFFFFFFFFFFFFFFFFFFFFFFFF4D
:1003C000FFFFFFFFFFFFFFFFFFFFFFFFFFFFFFFF3D
:1003D000FFFFFFFFFFFFFFFFFFFFFFFFFFFFFFFF2D
:1003E000FFFFFFFFFFFFFFFFFFFFFFFFFFFFFFFF1D
:1003F000FFFFFFFFFFFFFFFFFFFFFFFFFFFFFFFF0D
:10040000FFFFFFFFFFFFFFFFFFFFFFFFFFFFFFFFFC
:10041000FFFFFFFFFFFFFFFFFFFFFFFFFFFFFFFFEC
:10042000FFFFFFFFFFFFFFFFFFFFFFFFFFFFFFFFDC
:10043000FFFFFFFFFFFFFFFFFFFFFFFFFFFFFFFFCC
:10044000FFFFFFFFFFFFFFFFFFFFFFFFFFFFFFFFBC
:10045000FFFFFFFFFFFFFFFFFFFFFFFFFFFFFFFFAC
:10046000FFFFFFFFFFFFFFFFFFFFFFFFFFFFFFFF9C
:10047000FFFFFFFFFFFFFFFFFFFFFFFFFFFFFFFF8C
:10048000FFFFFFFFFFFFFFFFFFFFFFFFFFFFFFFF7C
:10049000FFFFFFFFFFFFFFFFFFFFFFFFFFFFFFFF6C
:1004A000FFFFFFFFFFFFFFFFFFFFFFFFFFFFFFFF5C
:1004B000FFFFFFFFFFFFFFFFFFFFFFFFFFFFFFFF4C
:1004C000FFFFFFFFFFFFFFFFFFFFFFFFFFFFFFFF3C
:1004D000FFFFFFFFFFFFFFFFFFFFFFFFFFFFFFFF2C
:1004E000FFFFFFFFFFFFFFFFFFFFFFFFFFFFFFFF1C
:1004F000FFFFFFFFFFFFFFFFFFFFFFFFFFFFFFFF0C
:10050000FFFFFFFFFFFFFFFFFFFFFFFFFFFFFFFFFB
:10051000FFFFFFFFFFFFFFFFFFFFFFFFFFFFFFFFEB
:10052000FFFFFFFFFFFFFFFFFFFFFFFFFFFFFFFFDB
:10053000FFFFFFFFFFFFFFFFFFFFFFFFFFFFFFFFCB
:10054000FFFFFFFFFFFFFFFFFFFFFFFFFFFFFFFFBB
:10055000FFFFFFFFFFFFFFFFFFFFFFFFFFFFFFFFAB
:10056000FFFFFFFFFFFFFFFFFFFFFFFFFFFFFFFF9B
:10057000FFFFFFFFFFFFFFFFFFFFFFFFFFFFFFFF8B
:10058000FFFFFFFFFFFFFFFFFFFFFFFFFFFFFFFF7B
:10059000FFFFFFFFFFFFFFFFFFFFFFFFFFFFFFFF6B
:1005A000FFFFFFFFFFFFFFFFFFFFFFFFFFFFFFFF5B
:1005B000FFFFFFFFFFFFFFFFFFFFFFFFFFFFFFFF4B
:1005C000FFFFFFFFFFFFFFFFFFFFFFFFFFFFFFFF3B
:1005D000FFFFFFFFFFFFFFFFFFFFFFFFFFFFFFFF2B
:1005E000FFFFFFFFFFFFFFFFFFFFFFFFFFFFFFFF1B
:1005F000FFFFFFFFFFFFFFFFFFFFFFFFFFFFFFFF0B
:10060000FFFFFFFFFFFFFFFFFFFFFFFFFFFFFFFFFA
:10061000FFFFFFFFFFFFFFFFFFFFFFFFFFFFFFFFEA
:10062000FFFFFFFFFFFFFFFFFFFFFFFFFFFFFFFFDA
:10063000FFFFFFFFFFFFFFFFFFFFFFFFFFFFFFFFCA
:10064000FFFFFFFFFFFFFFFFFFFFFFFFFFFFFFFFBA
:10065000FFFFFFFFFFFFFFFFFFFFFFFFFFFFFFFFAA
:10066000FFFFFFFFFFFFFFFFFFFFFFFFFFFFFFFF9A
:10067000FFFFFFFFFFFFFFFFFFFFFFFFFFFFFFFF8A
:10068000FFFFFFFFFFFFFFFFFFFFFFFFFFFFFFFF7A
:10069000FFFFFFFFFFFFFFFFFFFFFFFFFFFFFFFF6A
:1006A000FFFFFFFFFFFFFFFFFFFFFFFFFFFFFFFF5A
:1006B000FFFFFFFFFFFFFFFFFFFFFFFFFFFFFFFF4A
:1006C000FFFFFFFFFFFFFFFFFFFFFFFFFFFFFFFF3A
:1006D000FFFFFFFFFFFFFFFFFFFFFFFFFFFFFFFF2A
:1006E000FFFFFFFFFFFFFFFFFFFFFFFFFFFFFFFF1A
:1006F000FFFFFFFFFFFFFFFFFFFFFFFFFFFFFFFF0A
:10070000FFFFFFFFFFFFFFFFFFFFFFFFFFFFFFFFF9
:10071000FFFFFFFFFFFFFFFFFFFFFFFFFFFFFFFFE9
:10072000FFFFFFFFFFFFFFFFFFFFFFFFFFFFFFFFD9
:10073000FFFFFFFFFFFFFFFFFFFFFFFFFFFFFFFFC9
:10074000FFFFFFFFFFFFFFFFFFFFFFFFFFFFFFFFB9
:10075000FFFFFFFFFFFFFFFFFFFFFFFFFFFFFFFFA9
:10076000FFFFFFFFFFFFFFFFFFFFFFFFFFFFFFFF99
:10077000FFFFFFFFFFFFFFFFFFFFFFFFFFFFFFFF89
:10078000FFFFFFFFFFFFFFFFFFFFFFFFFFFFFFFF79
:10079000FFFFFFFFFFFFFFFFFFFFFFFFFFFFFFFF69
:1007A000FFFFFFFFFFFFFFFFFFFFFFFFFFFFFFFF59
:1007B000FFFFFFFFFFFFFFFFFFFFFFFFFFFFFFFF49
:1007C000FFFFFFFFFFFFFFFFFFFFFFFFFFFFFFFF39
:1007D000FFFFFFFFFFFFFFFFFFFFFFFFFFFFFFFF29
:1007E000FFFFFFFFFFFFFFFFFFFFFFFFFFFFFFFF19
:1007F000FFFFFFFFFFFFFFFFFFFFFFFFFFFFFFFF09
:10080000FFFFFFFFFFFFFFFFFFFFFFFFFFFFFFFFF8
:10081000FFFFFFFFFFFFFFFFFFFFFFFFFFFFFFFFE8
:10082000FFFFFFFFFFFFFFFFFFFFFFFFFFFFFFFFD8
:10083000FFFFFFFFFFFFFFFFFFFFFFFFFFFFFFFFC8
:10084000FFFFFFFFFFFFFFFFFFFFFFFFFFFFFFFFB8
:10085000FFFFFFFFFFFFFFFFFFFFFFFFFFFFFFFFA8
:10086000FFFFFFFFFFFFFFFFFFFFFFFFFFFFFFFF98
:10087000FFFFFFFFFFFFFFFFFFFFFFFFFFFFFFFF88
:10088000FFFFFFFFFFFFFFFFFFFFFFFFFFFFFFFF78
:10089000FFFFFFFFFFFFFFFFFFFFFFFFFFFFFFFF68
:1008A000FFFFFFFFFFFFFFFFFFFFFFFFFFFFFFFF58
:1008B000FFFFFFFFFFFFFFFFFFFFFFFFFFFFFFFF48
:1008C000FFFFFFFFFFFFFFFFFFFFFFFFFFFFFFFF38
:1008D000FFFFFFFFFFFFFFFFFFFFFFFFFFFFFFFF28
:1008E000FFFFFFFFFFFFFFFFFFFFFFFFFFFFFFFF18
:1008F000FFFFFFFFFFFFFFFFFFFFFFFFFFFFFFFF08
:10090000FFFFFFFFFFFFFFFFFFFFFFFFFFFFFFFFF7
:10091000FFFFFFFFFFFFFFFFFFFFFFFFFFFFFFFFE7
:10092000FFFFFFFFFFFFFFFFFFFFFFFFFFFFFFFFD7
:10093000FFFFFFFFFFFFFFFFFFFFFFFFFFFFFFFFC7
:10094000FFFFFFFFFFFFFFFFFFFFFFFFFFFFFFFFB7
:10095000FFFFFFFFFFFFFFFFFFFFFFFFFFFFFFFFA7
:10096000FFFFFFFFFFFFFFFFFFFFFFFFFFFFFFFF97
:10097000FFFFFFFFFFFFFFFFFFFFFFFFFFFFFFFF87
:10098000FFFFFFFFFFFFFFFFFFFFFFFFFFFFFFFF77
:10099000FFFFFFFFFFFFFFFFFFFFFFFFFFFFFFFF67
:1009A000FFFFFFFFFFFFFFFFFFFFFFFFFFFFFFFF57
:1009B000FFFFFFFFFFFFFFFFFFFFFFFFFFFFFFFF47
:1009C000FFFFFFFFFFFFFFFFFFFFFFFFFFFFFFFF37
:1009D000FFFFFFFFFFFFFFFFFFFFFFFFFFFFFFFF27
:1009E000FFFFFFFFFFFFFFFFFFFFFFFFFFFFFFFF17
:1009F000FFFFFFFFFFFFFFFFFFFFFFFFFFFFFFFF07
:100A0000FFFFFFFFFFFFFFFFFFFFFFFFFFFFFFFFF6
:100A1000FFFFFFFFFFFFFFFFFFFFFFFFFFFFFFFFE6
:100A2000FFFFFFFFFFFFFFFFFFFFFFFFFFFFFFFFD6
:100A3000FFFFFFFFFFFFFFFFFFFFFFFFFFFFFFFFC6
:100A4000FFFFFFFFFFFFFFFFFFFFFFFFFFFFFFFFB6
:100A5000FFFFFFFFFFFFFFFFFFFFFFFFFFFFFFFFA6
:100A6000FFFFFFFFFFFFFFFFFFFFFFFFFFFFFFFF96
:100A7000FFFFFFFFFFFFFFFFFFFFFFFFFFFFFFFF86
:100A8000FFFFFFFFFFFFFFFFFFFFFFFFFFFFFFFF76
:100A9000FFFFFFFFFFFFFFFFFFFFFFFFFFFFFFFF66
:100AA000FFFFFFFFFFFFFFFFFFFFFFFFFFFFFFFF56
:100AB000FFFFFFFFFFFFFFFFFFFFFFFFFFFFFFFF46
:100AC000FFFFFFFFFFFFFFFFFFFFFFFFFFFFFFFF36
:100AD000FFFFFFFFFFFFFFFFFFFFFFFFFFFFFFFF26
:100AE000FFFFFFFFFFFFFFFFFFFFFFFFFFFFFFFF16
:100AF000FFFFFFFFFFFFFFFFFFFFFFFFFFFFFFFF06
:100B0000FFFFFFFFFFFFFFFFFFFFFFFFFFFFFFFFF5
:100B1000FFFFFFFFFFFFFFFFFFFFFFFFFFFFFFFFE5
:100B2000FFFFFFFFFFFFFFFFFFFFFFFFFFFFFFFFD5
:100B3000FFFFFFFFFFFFFFFFFFFFFFFFFFFFFFFFC5
:100B4000FFFFFFFFFFFFFFFFFFFFFFFFFFFFFFFFB5
:100B5000FFFFFFFFFFFFFFFFFFFFFFFFFFFFFFFFA5
:100B6000FFFFFFFFFFFFFFFFFFFFFFFFFFFFFFFF95
:100B7000FFFFFFFFFFFFFFFFFFFFFFFFFFFFFFFF85
:100B8000FFFFFFFFFFFFFFFFFFFFFFFFFFFFFFFF75
:100B9000FFFFFFFFFFFFFFFFFFFFFFFFFFFFFFFF65
:100BA000FFFFFFFFFFFFFFFFFFFFFFFFFFFFFFFF55
:100BB000FFFFFFFFFFFFFFFFFFFFFFFFFFFFFFFF45
:100BC000FFFFFFFFFFFFFFFFFFFFFFFFFFFFFFFF35
:100BD000FFFFFFFFFFFFFFFFFFFFFFFFFFFFFFFF25
:100BE000FFFFFFFFFFFFFFFFFFFFFFFFFFFFFFFF15
:100BF000FFFFFFFFFFFFFFFFFFFFFFFFFFFFFFFF05
:100C0000FFFFFFFFFFFFFFFFFFFFFFFFFFFFFFFFF4
:100C1000FFFFFFFFFFFFFFFFFFFFFFFFFFFFFFFFE4
:100C2000FFFFFFFFFFFFFFFFFFFFFFFFFFFFFFFFD4
:100C3000FFFFFFFFFFFFFFFFFFFFFFFFFFFFFFFFC4
:100C4000FFFFFFFFFFFFFFFFFFFFFFFFFFFFFFFFB4
:100C5000FFFFFFFFFFFFFFFFFFFFFFFFFFFFFFFFA4
:100C6000FFFFFFFFFFFFFFFFFFFFFFFFFFFFFFFF94
:100C7000FFFFFFFFFFFFFFFFFFFFFFFFFFFFFFFF84
:100C8000FFFFFFFFFFFFFFFFFFFFFFFFFFFFFFFF74
:100C9000FFFFFFFFFFFFFFFFFFFFFFFFFFFFFFFF64
:100CA000FFFFFFFFFFFFFFFFFFFFFFFFFFFFFFFF54
:100CB000FFFFFFFFFFFFFFFFFFFFFFFFFFFFFFFF44
:100CC000FFFFFFFFFFFFFFFFFFFFFFFFFFFFFFFF34
:100CD000FFFFFFFFFFFFFFFFFFFFFFFFFFFFFFFF24
:100CE000FFFFFFFFFFFFFFFFFFFFFFFFFFFFFFFF14
:100CF000FFFFFFFFFFFFFFFFFFFFFFFFFFFFFFFF04
:100D0000FFFFFFFFFFFFFFFFFFFFFFFFFFFFFFFFF3
:100D1000FFFFFFFFFFFFFFFFFFFFFFFFFFFFFFFFE3
:100D2000FFFFFFFFFFFFFFFFFFFFFFFFFFFFFFFFD3
:100D3000FFFFFFFFFFFFFFFFFFFFFFFFFFFFFFFFC3
:100D4000FFFFFFFFFFFFFFFFFFFFFFFFFFFFFFFFB3
:100D5000FFFFFFFFFFFFFFFFFFFFFFFFFFFFFFFFA3
:100D6000FFFFFFFFFFFFFFFFFFFFFFFFFFFFFFFF93
:100D7000FFFFFFFFFFFFFFFFFFFFFFFFFFFFFFFF83
:100D8000FFFFFFFFFFFFFFFFFFFFFFFFFFFFFFFF73
:100D9000FFFFFFFFFFFFFFFFFFFFFFFFFFFFFFFF63
:100DA000FFFFFFFFFFFFFFFFFFFFFFFFFFFFFFFF53
:100DB000FFFFFFFFFFFFFFFFFFFFFFFFFFFFFFFF43
:100DC000FFFFFFFFFFFFFFFFFFFFFFFFFFFFFFFF33
:100DD000FFFFFFFFFFFFFFFFFFFFFFFFFFFFFFFF23
:100DE000FFFFFFFFFFFFFFFFFFFFFFFFFFFFFFFF13
:100DF000FFFFFFFFFFFFFFFFFFFFFFFFFFFFFFFF03
:100E0000FFFFFFFFFFFFFFFFFFFFFFFFFFFFFFFFF2
:100E1000FFFFFFFFFFFFFFFFFFFFFFFFFFFFFFFFE2
:100E2000FFFFFFFFFFFFFFFFFFFFFFFFFFFFFFFFD2
:100E3000FFFFFFFFFFFFFFFFFFFFFFFFFFFFFFFFC2
:100E4000FFFFFFFFFFFFFFFFFFFFFFFFFFFFFFFFB2
:100E5000FFFFFFFFFFFFFFFFFFFFFFFFFFFFFFFFA2
:100E6000FFFFFFFFFFFFFFFFFFFFFFFFFFFFFFFF92
:100E7000FFFFFFFFFFFFFFFFFFFFFFFFFFFFFFFF82
:100E8000FFFFFFFFFFFFFFFFFFFFFFFFFFFFFFFF72
:100E9000FFFFFFFFFFFFFFFFFFFFFFFFFFFFFFFF62
:100EA000FFFFFFFFFFFFFFFFFFFFFFFFFFFFFFFF52
:100EB000FFFFFFFFFFFFFFFFFFFFFFFFFFFFFFFF42
:100EC000FFFFFFFFFFFFFFFFFFFFFFFFFFFFFFFF32
:100ED000FFFFFFFFFFFFFFFFFFFFFFFFFFFFFFFF22
:100EE000FFFFFFFFFFFFFFFFFFFFFFFFFFFFFFFF12
:100EF000FFFFFFFFFFFFFFFFFFFFFFFFFFFFFFFF02
:100F0000FFFFFFFFFFFFFFFFFFFFFFFFFFFFFFFFF1
:100F1000FFFFFFFFFFFFFFFFFFFFFFFFFFFFFFFFE1
:100F2000FFFFFFFFFFFFFFFFFFFFFFFFFFFFFFFFD1
:100F3000FFFFFFFFFFFFFFFFFFFFFFFFFFFFFFFFC1
:100F4000FFFFFFFFFFFFFFFFFFFFFFFFFFFFFFFFB1
:100F5000FFFFFFFFFFFFFFFFFFFFFFFFFFFFFFFFA1
:100F6000FFFFFFFFFFFFFFFFFFFFFFFFFFFFFFFF91
:100F7000FFFFFFFFFFFFFFFFFFFFFFFFFFFFFFFF81
:100F8000FFFFFFFFFFFFFFFFFFFFFFFFFFFFFFFF71
:100F9000FFFFFFFFFFFFFFFFFFFFFFFFFFFFFFFF61
:100FA000FFFFFFFFFFFFFFFFFFFFFFFFFFFFFFFF51
:100FB000FFFFFFFFFFFFFFFFFFFFFFFFFFFFFFFF41
:100FC000FFFFFFFFFFFFFFFFFFFFFFFFFFFFFFFF31
:100FD000FFFFFFFFFFFFFFFFFFFFFFFFFFFFFFFF21
:100FE000FFFFFFFFFFFFFFFFFFFFFFFFFFFFFFFF11
:100FF000FFFFFFFFFFFFFFFFFFFFFFFFFFFFFFFF01
:10100000D1002043491600600000000000000000ED
:10101000201000600010006000B4006000000000BC
:101020000000006000C0000000000000FFFFFFFFA4
:10103000FFFFFFFFFFFFFFFFFFFFFFFFFFFFFFFFC0
:10104000FFFFFFFFFFFFFFFFFFFFFFFFFFFFFFFFB0
:10105000FFFFFFFFFFFFFFFFFFFFFFFFFFFFFFFFA0
:10106000FFFFFFFFFFFFFFFFFFFFFFFFFFFFFFFF90
:10107000FFFFFFFFFFFFFFFFFFFFFFFFFFFFFFFF80
:10108000FFFFFFFFFFFFFFFFFFFFFFFFFFFFFFFF70
:10109000FFFFFFFFFFFFFFFFFFFFFFFFFFFFFFFF60
:1010A000FFFFFFFFFFFFFFFFFFFFFFFFFFFFFFFF50
:1010B000FFFFFFFFFFFFFFFFFFFFFFFFFFFFFFFF40
:1010C000FFFFFFFFFFFFFFFFFFFFFFFFFFFFFFFF30
:1010D000FFFFFFFFFFFFFFFFFFFFFFFFFFFFFFFF20
:1010E000FFFFFFFFFFFFFFFFFFFFFFFFFFFFFFFF10
:1010F000FFFFFFFFFFFFFFFFFFFFFFFFFFFFFFFF00
:10110000FFFFFFFFFFFFFFFFFFFFFFFFFFFFFFFFEF
:10111000FFFFFFFFFFFFFFFFFFFFFFFFFFFFFFFFDF
:10112000FFFFFFFFFFFFFFFFFFFFFFFFFFFFFFFFCF
:10113000FFFFFFFFFFFFFFFFFFFFFFFFFFFFFFFFBF
:10114000FFFFFFFFFFFFFFFFFFFFFFFFFFFFFFFFAF
:10115000FFFFFFFFFFFFFFFFFFFFFFFFFFFFFFFF9F
:10116000FFFFFFFFFFFFFFFFFFFFFFFFFFFFFFFF8F
:10117000FFFFFFFFFFFFFFFFFFFFFFFFFFFFFFFF7F
:10118000FFFFFFFFFFFFFFFFFFFFFFFFFFFFFFFF6F
:10119000FFFFFFFFFFFFFFFFFFFFFFFFFFFFFFFF5F
:1011A000FFFFFFFFFFFFFFFFFFFFFFFFFFFFFFFF4F
:1011B000FFFFFFFFFFFFFFFFFFFFFFFFFFFFFFFF3F
:1011C000FFFFFFFFFFFFFFFFFFFFFFFFFFFFFFFF2F
:1011D000FFFFFFFFFFFFFFFFFFFFFFFFFFFFFFFF1F
:1011E000FFFFFFFFFFFFFFFFFFFFFFFFFFFFFFFF0F
:1011F000FFFFFFFFFFFFFFFFFFFFFFFFFFFFFFFFFF
:10120000FFFFFFFFFFFFFFFFFFFFFFFFFFFFFFFFEE
:10121000FFFFFFFFFFFFFFFFFFFFFFFFFFFFFFFFDE
:10122000FFFFFFFFFFFFFFFFFFFFFFFFFFFFFFFFCE
:10123000FFFFFFFFFFFFFFFFFFFFFFFFFFFFFFFFBE
:10124000FFFFFFFFFFFFFFFFFFFFFFFFFFFFFFFFAE
:10125000FFFFFFFFFFFFFFFFFFFFFFFFFFFFFFFF9E
:10126000FFFFFFFFFFFFFFFFFFFFFFFFFFFFFFFF8E
:10127000FFFFFFFFFFFFFFFFFFFFFFFFFFFFFFFF7E
:10128000FFFFFFFFFFFFFFFFFFFFFFFFFFFFFFFF6E
:10129000FFFFFFFFFFFFFFFFFFFFFFFFFFFFFFFF5E
:1012A000FFFFFFFFFFFFFFFFFFFFFFFFFFFFFFFF4E
:1012B000FFFFFFFFFFFFFFFFFFFFFFFFFFFFFFFF3E
:1012C000FFFFFFFFFFFFFFFFFFFFFFFFFFFFFFFF2E
:1012D000FFFFFFFFFFFFFFFFFFFFFFFFFFFFFFFF1E
:1012E000FFFFFFFFFFFFFFFFFFFFFFFFFFFFFFFF0E
:1012F000FFFFFFFFFFFFFFFFFFFFFFFFFFFFFFFFFE
:10130000FFFFFFFFFFFFFFFFFFFFFFFFFFFFFFFFED
:10131000FFFFFFFFFFFFFFFFFFFFFFFFFFFFFFFFDD
:10132000FFFFFFFFFFFFFFFFFFFFFFFFFFFFFFFFCD
:10133000FFFFFFFFFFFFFFFFFFFFFFFFFFFFFFFFBD
:10134000FFFFFFFFFFFFFFFFFFFFFFFFFFFFFFFFAD
:10135000FFFFFFFFFFFFFFFFFFFFFFFFFFFFFFFF9D
:10136000FFFFFFFFFFFFFFFFFFFFFFFFFFFFFFFF8D
:10137000FFFFFFFFFFFFFFFFFFFFFFFFFFFFFFFF7D
:10138000FFFFFFFFFFFFFFFFFFFFFFFFFFFFFFFF6D
:10139000FFFFFFFFFFFFFFFFFFFFFFFFFFFFFFFF5D
:1013A000FFFFFFFFFFFFFFFFFFFFFFFFFFFFFFFF4D
:1013B000FFFFFFFFFFFFFFFFFFFFFFFFFFFFFFFF3D
:1013C000FFFFFFFFFFFFFFFFFFFFFFFFFFFFFFFF2D
:1013D000FFFFFFFFFFFFFFFFFFFFFFFFFFFFFFFF1D
:1013E000FFFFFFFFFFFFFFFFFFFFFFFFFFFFFFFF0D
:1013F000FFFFFFFFFFFFFFFFFFFFFFFFFFFFFFFFFD
:10140000814205D051F8043B40F8043B8242F9D8B0
:10141000704700BF044A05494FF0000342F8043BFF
:101420009142FBD8704700BFC0120020806A0020A4
:101430002DE98848BFF34F8F00BF00BF00BF00BF3A
:1014400000F016F9674B0822C3F8542100BF00BF13
:1014500000BF00BF00BF00BF00BF00BF00BF00BF94
:1014600000BF00BF00BF00BF00BF00BF5E4A5F49B2
:101470005F48FFF7C5FF5F4A5F496048FFF7C0FF5D
:101480005F4CFFF7C7FF4FF470004FF0E0210023DF
:101490005C4AC1F8880D44F823200133B02BFAD1FF
:1014A000594B8021594A03F8011B9342FBD14FF05D
:1014B000E0254C4E4FF08039DFF880B1DFF880A195
:1014C0004FF0FF31C5F8084D0027C6F80491C6F863
:1014D00000B1C6F8F490C6F8F0A0D5F8243DDFF8C6
:1014E000648143F4E0234A4AC5F8243DD8F81C300F
:1014F00023F07F0343F04003C8F81C30D8F82430B1
:1015000023F07F0343F04003C8F824309166D1668E
:101510001167516700F0B4F83E4B3F49A3633F4B5E
:10152000E36363236B610323AF612B613C4BC5F81D
:10153000203DD5F8FC3D43F08073C5F8FC3D394BA8
:101540001A6842F001021A605B680B6000F020F933
:10155000C6F804913448C6F800B1C6F8F490C6F84D
:10156000F0A000F0B5FAD8F86C10304B304A41F4D6
:101570004051C8F86C101F60C3F80871C3F81871A7
:10158000C3F82871C3F83871936BDB0708D442F6AF
:101590001563284951651365936B43F00103936309
:1015A000234A254C936843F00113936000F054FAEA
:1015B00000F09AFA00F01AF900F05CF82368132B97
:1015C000FCD900F0ABF92368B3F5967FFBD300F0AC
:1015D00055F800F051F800F07FFA00F071FA30BFD2
:1015E000FDE700BF00800D40B0840000001C0060DB
:1015F00000000000C0120020B4A000600000002025
:1016000000100020D96A000000E400E0A0E400E03F
:1016100000C00A409D7E0000D4680020A17E00002A
:1016200000002020001000E080D1F00800400840B9
:1016300000400D400000C056D86800201B10182044
:101640000C0D111300C00F40054B4FF42A01054A41
:1016500005485A641864054A99639546FFF7E8FE01
:1016600000C00A40AFAAAAAA070020000000072075
:10167000704700BF704700BF704700BF00BF704792
:1016800010B44FF0E023002110243148C3F8941D1A
:10169000C3F89C4D1124C3F8A00D2E48C3F89C4DEF
:1016A0001224C3F8A00D2C48C3F89C4D2B4AC3F854
:1016B000A00D2B4C42F015022A48C3F89C4DC3F8EC
:1016C000A00D294C2948C3F89C4DC3F8A00D284C07
:1016D000C3F89C2D2748284AC3F8A04DC3F89C0D99
:1016E000C3F8A02D02F5A022244C0C322448C3F8E4
:1016F0009C4DC3F8A02D234AC3F89C0D224CC3F87F
:10170000A02D02F14062C3F89C4D2048C3F8A02DE3
:101710000C32C3F89C0DC3F8A02D00BF00BF00BF62
:1017200000BF00BF0122C3F8942DBFF34F8FBFF35A
:101730006F8FC3F8501FBFF34F8FBFF36F8FD3F876
:10174000142D5DF8044B42F44032C3F8142D704759
:101750003F0000102500080709001000806A0020E3
:1017600013002000210002071400002025000813A8
:10177000090000101600202027000B13170000405E
:10178000180000602F000B07190000701A0000807D
:10179000F0B4154A40274FF480314FF480564FF48F
:1017A00000554FF4404443F24200136913F0020F16
:1017B0000ED113F4005F0FD013F4805F0ED0002B16
:1017C000F3DA13F4803F0BD15B060BD5F0BC704706
:1017D000946151619061E8E75561E6E75661E4E79D
:1017E0009161E2E75761E0E700800D403F4A032046
:1017F0003F49F3EE095AD2F880304FF0000C9FEDCC
:101800003D6A23F001039FED3C5A30B4C2F88030AA
:10181000C2F89000D1F8E010384DCBB2384C3948BE
:101820002B6007EE903A0B0DC1F30B21F8EEE77A2F
:1018300006EE903A07EE101A334BB8EEC77A2160E5
:10184000F8EEE66A314937EEC66A37EEC55A76EEEB
:10185000C76A77EEE57A26EE266AC3ED006A25EEC2
:10186000265AD2F8803067EEA64AC0ED007AC6EE5E
:10187000275A274885EE276AC4EEA76A75EE875A6D
:10188000FCEEE55A36EE076A15EE904ABCEEC66AE3
:1018900043EA045376EE877AC2F8803016EE103AA7
:1018A000D2F89041FCEEE77A01EA0341214317EEBA
:1018B000903AC2F89011C3F30B03D2F890110B4386
:1018C0001449C2F89031D2F8803043F00203C2F8D4
:1018D0008030114B80F840C0C1F840314FF0E02318
:1018E000012230BCC3F80821704700BF00810D40C1
:1018F00000441F400000AA420000B442806800205B
:101900007C68002084680020886800200000FF0FA9
:1019100000E400E000100020656C0000314B40F650
:10192000617210B5C3F8202140F2044400F0CCF8F5
:101930002D4A2E49D2F880302D4843F00303C2F8D7
:1019400080302C4BC1F8604102681A4203D1D1F8B3
:10195000A8319A071BD0254A4FF00041244B596308
:10196000D2F8403143F00203C2F84031D2F840319E
:101970009B07FBD44FF400304FF0E0211C4B4FF09D
:101980000042C1F88C0219209A6300F0A9F8184AA5
:101990004FF08040154C002190630A20164B1160D7
:1019A0004FF42072C4F8A801184600F085F84FF4EF
:1019B000800203464FF4810040F243111860C4F8DE
:1019C00058311A640D4B0E4AC4F84811C3F804226A
:1019D0004FF0E0224FF400310123C2F80C11C4F89B
:1019E000403110BD00800D4000C00F4000002E406F
:1019F00000900D40001C1E00000000200010002080
:101A00004D6E000008B50E4B1B6E9B0700D4FBBE4D
:101A100072B60C4B00200C4AC3F8400103F160433E
:101A20000A49A3F55F2311649D46BFF34F8F4FF41E
:101A300000130748074ADB6902609B68984700BFAC
:101A400000441F4000002E4000C00A400300200058
:101A500000802020000012EB104BA020104AD96E0D
:101A600041F4403110B4D96640F23764D96E41F484
:101A70004071D96654649064936C1B06FCD4094A87
:101A800040F23761A02351649364936C13F0800398
:101A9000FBD1054A13705DF8044B704700C00F403E
:101AA00000400C4000800C40426A0020F8B500BFA6
:101AB000F8BC08BC9E4670475FF800F0CD8200007D
:101AC0005FF800F0416600005FF800F0BD750000AF
:101AD0005FF800F0C17E00005FF800F07183000045
:101AE0005FF800F0C15F00005FF800F0E5690000FA
:081AF00005010000214F000078
:101AF8001603550053004200200053006500720091
:101B0800690061006C00000018035400650065005E
:101B18006E00730079006400750069006E006F0044
:101B28000403090409026200030100C032080B0023
:101B3800020202010009040000010202010005245A
:101B480000100105240101010424020605240600F1
:101B5800010705820310001009040100020A0000B1
:101B68000007050302400000070584024000000941
:101B780004020002FF6AFF00070581024000010716
:101B8800050102400001000009026200030100C0D3
:101B980032080B00020202010009040000010202DF
:101BA8000100052400100105240101010424020696
:101BB8000524060001070582031000050904010039
:101BC800020A00000007050302000200070584025C
:101BD8000002000904020002FF6AC700070581022B
:101BE8000002010705010200020100000A060002C6
:081BF800EF02014001000000B2
:101C000000000000000000000000000000000000D4
:101C100000000000000000000000000000000000C4
:101C2000F8B54FF084439D695A6915400DD0254F92
:101C300001269D6195FAA5F4B4FA84F457F824308E
:101C400006FA04F49847A543F4D11F4B9D695A69DD
:101C500015400DD01D4F01269D6195FAA5F4B4FAEB
:101C600084F457F8243006FA04F49847A543F4D1D5
:101C7000174B9D695A6915400DD0164F01269D617D
:101C800095FAA5F4B4FA84F457F8243006FA04F46B
:101C90009847A543F4D1104B9D695A6915400DD062
:101CA0000E4F01269D6195FAA5F4B4FA84F457F815
:101CB000243006FA04F49847A543F4D1BFF34F8FBC
:101CC000F8BD00BF040B002000400042840B002040
:101CD00000800042040C002000C00042840C002060
:101CE0000548064B1B1AD90F01EBA301491002D07E
:101CF000034B03B118477047C0120020C0120020E8
:101D00000000000008B5054B1BB105490548AFF3BD
:101D10000080BDE80840FFF7E3BF00BF00000000FF
:101D20002868002000C0006000207047034B18683E
:101D300010B103681B681847704700BF2067002078
:101D4000034B186810B103681B681847704700BF41
:101D5000246700202DE9F04100F5005090B0574C69
:101D60009646574B0094C0F810191B6A5548C3F3A8
:101D700001230468403304F080746B4413F8406C12
:101D8000514B03FB06F60368B6FBF1F2B6FBF2F526
:101D900043F0A0434D1B03600368DF01FCD5052A17
:101DA0004FF0000C2AD96046831C0130B2FBF3F7D8
:101DB000192F07FB03F3F7D84FF00108B6FBF3F335
:101DC000CB1A002BB8BF5B42AB420BDBA7F10C0375
:101DD00018BF4FF00008062B0AD8B8F1000F07D043
:101DE0008446E1E71D46A7F10C038446062BF4D98F
:101DF000052FD9D80CF10103B2FBF3F2B5F5967FAC
:101E0000A2F105024CDC142A4AD802EB42022F4F01
:101E10006E46DFF8B08002F14003BEF1020F0DEB19
:101E200003050FCF0FC60FCF0FC60FCF0FC697E812
:101E30000F0007C626F8023B4FEA1343337015F82C
:101E40003F3C15F83E2C4FEAC34315F8401C4FEABF
:101E5000024203F4601301F0070102F4E02243EAB6
:101E6000020343EA010343F4800343EA0C6343F4AF
:101E70008043C8F80430D8F8043014BF23F00803B6
:101E800043F00803C8F804303CB90E4A136823F045
:101E9000805313601368DB01FCD410B0BDE8F081FF
:101EA000002CFAD1074A136823F08053136013689B
:101EB000D901FCD410B0BDE8F08100BF3C1850003F
:101EC00000C00F4000001D4040420F008002002073
:101ED0002DE9F04100F5005090B0574C9646574B15
:101EE0000094C0F810191B6A5548C3F30123046815
:101EF000403304F080746B4413F8406C514B03FB87
:101F000006F60368B6FBF1F2B6FBF2F543F0A04328
:101F10004D1B03600368DF01FCD5052A4FF0000C60
:101F20002AD96046831C0130B2FBF3F7192F07FB57
:101F300003F3F7D84FF00108B6FBF3F3CB1A002BED
:101F4000B8BF5B42AB420BDBA7F10C0318BF4FF0ED
:101F50000008062B0AD8B8F1000F07D08446E1E745
:101F60001D46A7F10C038446062BF4D9052FD9D8BA
:101F70000CF10103B2FBF3F2B5F5967FA2F1050275
:101F80004CDC142A4AD802EB42022F4F6E46DFF88F
:101F9000B08002F14003BEF1020F0DEB03050FCF3D
:101FA0000FC60FCF0FC60FCF0FC697E80F0007C69B
:101FB00026F8023B4FEA1343337015F83F3C15F8FF
:101FC0003E2C4FEAC34315F8401C4FEA024203F48B
:101FD000601301F0070102F4E02243EA020343EA3E
:101FE000010343F4800343EA0C6343F48043C8F8DD
:101FF0000430D8F8043014BF23F0080343F008037A
:10200000C8F804303CB90E4A136823F080531360BB
:102010001368DB01FCD410B0BDE8F081002CFAD1CC
:10202000074A136823F0805313601368D901FCD466
:1020300010B0BDE8F08100BF3C18500000C00F4058
:1020400000401D4040420F008002002000207047E9
:10205000002070470820704700207047002070471C
:102060000820704710490B68486B0A68496B02F0FA
:102070007F02C1F3036101320431B2EB410F10D38F
:1020800003F07F03C0F30360053B0130A3EB400383
:10209000DBB2054A106800F07F000130C01AC0B200
:1020A00070470023F5E700BF00401D4010490B6852
:1020B000486B0A68496B02F07F02C1F30361013289
:1020C0000431B2EB410F10D303F07F03C0F3036080
:1020D000053B0130A3EB4003DBB2054A106800F07A
:1020E0007F000130C01AC0B270470023F5E700BF7F
:1020F00000001D40634A2DE9F0411468136804F0A4
:10210000807443F0A04313601368DD01FCD51168AF
:102110000023DFF878C121F000515B4F594E116068
:10212000194653629362126803EB0C02DD19013306
:102130001201AD00D160DBB2916051601160296085
:10214000326802F07F0201329342EDD3B164316113
:10215000F26A336BF26233633368002849D1DFF8E7
:102160002C810546474E484F19E0336803F07F0342
:102170000133B0EB930F34BF4FF080634FF08C63AB
:102180001360736BC3F300439B070B603368013527
:1021900003F07F03EDB2013328469D421ED233681F
:1021A00005EB0802E91903F07F03120189000133EE
:1021B000B0EB530FD9D34FF00063136033689A002C
:1021C00003D5FFF74FFFA842E0D801231F2D03FAE4
:1021D00005F34CD8B26A1343B362D7E73CB9294A36
:1021E000136823F0805313601368DB01FCD4BDE84F
:1021F000F08143F000533360356815F000553ED050
:10220000FFF730FF3368054603F07F030133834255
:10221000E4D91E4F4FF00066DFF868800DE0D8F873
:1022200028201343C8F82830D8F80030013503F0CF
:102230007F03EDB201339D42D0D2EB191B011E602A
:10224000D8F80030990003D5FFF70CFF8542EBD397
:1022500001231F2D03FA05F3E1D9A5F12001012384
:10226000D8F824208B401343C8F82430DCE7A5F1CC
:1022700020010123726A8B401343736286E733683F
:10228000C7E700BF00401D402052071008D40104DA
:10229000634A2DE9F0411468136804F0807443F038
:1022A000A04313601368DD01FCD511680023DFF83B
:1022B00078C121F000515B4F594E116019465362AD
:1022C0009362126803EB0C02DD1901331201AD00B9
:1022D000D160DBB29160516011602960326802F018
:1022E0007F0201329342EDD3B1643161F26A336B04
:1022F000F26233633368002849D1DFF82C81054648
:10230000474E484F19E0336803F07F030133B0EBC9
:10231000930F34BF4FF080634FF08C631360736B87
:10232000C3F300439B070B603368013503F07F0361
:10233000EDB2013328469D421ED2336805EB0802F8
:10234000E91903F07F03120189000133B0EB530F49
:10235000D9D34FF00063136033689A0003D5FFF7B9
:10236000A5FEA842E0D801231F2D03FA05F34CD89F
:10237000B26A1343B362D7E73CB9294A136823F022
:10238000805313601368DB01FCD4BDE8F08143F097
:1023900000533360356815F000553ED0FFF786FED8
:1023A0003368054603F07F0301338342E4D91E4FAF
:1023B0004FF00066DFF868800DE0D8F8282013435E
:1023C000C8F82830D8F80030013503F07F03EDB2AB
:1023D00001339D42D0D2EB191B011E60D8F80030AA
:1023E000990003D5FFF762FE8542EBD301231F2D31
:1023F00003FA05F3E1D9A5F120010123D8F824203F
:102400008B401343C8F82430DCE7A5F120010123F9
:10241000726A8B401343736286E73368C7E700BF75
:1024200000001D402042071008D00104164B022076
:1024300010B51C7805F0DEFC844203D02146022052
:1024400005F0E4FD114C032005F0D4FC2178814215
:1024500002D0032005F0DAFD94F82240042005F0B4
:10246000C9FC844203D02146042005F0CFFD084B6F
:1024700005201C7805F0BEFC844203D021460520CF
:1024800005F0C4FD012010BD456A0020B0680020A1
:10249000446A00201C4B1B7873B11C4A1378591EE8
:1024A000022901D900207047022B07D0032B22D02C
:1024B000174B00221A60F5E70120704792F822308E
:1024C000144907EE903AB8EEE77AD1ED007AB4EE0F
:1024D000E77AF1EE10FA13D993B192F82330DFEDD9
:1024E0000E7A9FED0E7A002B47FE277A084B0020CC
:1024F000C3ED007A70470A4A0020054B1A60704706
:10250000DFED057AF2E700BF456A0020B0680020E1
:1025100024680020406800200000C842000000003D
:102520000000F0414A494B4A0B6810681B1AB3F58A
:10253000967FC0F088800B6810B50A2413600420D1
:1025400005F0BCFB034605210C20002B47D005F00D
:10255000A5FF00210A2005F0A1FF05210B2005F0B1
:102560009DFF642005F02CFB00210C2005F096FF58
:1025700000210A2005F092FF00210B2005F08EFFBC
:10258000642005F01DFB631E13F0FF04D7D1324A0F
:102590000B24137883F00103137005210C2005F040
:1025A0007DFF00210A2005F079FF05210B2005F0B1
:1025B00075FF4FF4FA7005F003FB00210C2005F0C5
:1025C0006DFF00210A2005F069FF0B20002105F0B6
:1025D00065FF4FF4FA7005F0F3FA013CDDD11F4BB3
:1025E0001A7872B91E490B7881F823200133DBB2C7
:1025F000032B29D90A70184B1B780BB101230B70E0
:1026000010BD0B2405210C2005F048FF05210A20F0
:1026100005F044FF05210B2005F040FF642005F084
:10262000CFFA00210C2005F039FF00210A2005F027
:1026300035FF0B20002105F031FF642005F0C0FAC2
:10264000013CDFD110BD70470B70002BD3D010BD03
:10265000D868002064670020456A0020416A002095
:10266000B06800202DE9F047B74D2B6813F00059F2
:1026700040F09A811A21B54807F004F94C462B68BE
:10268000B34FB44DB44E04EB05084FEA0818D8F820
:102690000030C3F303630E2B00F29E80DFE813F0DB
:1026A000420130011E019C0003019C00F1009C00CE
:1026B000DF00CD00BB009C000F009C00A90004219E
:1026C000A64807F0DFF8002349460A22A44805F08F
:1026D0001BFA1D21A34807F0D5F8D8F800301021C7
:1026E0009B0240F1E381A04807F0CCF8D8F80890AD
:1026F000D8F80430B04423F0604A07219B4807F023
:10270000C1F8002310225146954805F0FDF901213A
:10271000974807F0B7F80A21964807F0B3F8002366
:1027200010224FEA19618E4805F0EEF90121924816
:1027300007F0A8F800231022C9F30741884805F0E4
:10274000E3F901218C4807F09DF800231022C9F31A
:102750000721834805F0D8F90121874807F092F84E
:10276000002310225FFA89F17D4805F0CDF958F871
:1027700007800121804807F085F8002310224FEAE6
:102780001861774805F0C0F901217B4807F07AF815
:1027900000231022C8F30741714805F0B5F9012163
:1027A000754807F06FF800231022C8F307216C4822
:1027B00005F0AAF90121704807F064F800235FFAD8
:1027C00088F11022664805F09FF90121684807F05A
:1027D00059F8634805F08AF95B4B01341B68E4B291
:1027E00003F07F03A14601339C42FFF44CAFBDE8E8
:1027F000F0870421594807F045F8494600230A228A
:10280000574805F081F911215C4807F03BF854481E
:1028100005F06CF9E0E70421504807F033F8494629
:1028200000230A224E4805F06FF91121544807F0A1
:1028300029F84B4805F05AF9CEE70421474807F03C
:1028400021F8494600230A22454805F05DF90F2189
:102850004C4807F017F8424805F048F9BCE7042156
:102860003E4807F00FF8494600230A223C4805F08D
:102870004BF91221444807F005F8394805F036F9BC
:10288000AAE70421354806F0FDFF494600230A2245
:10289000334805F039F911213C4806F0F3FF304880
:1028A00005F024F998E704212C4806F0EBFF0A22F2
:1028B000494600232A4805F027F90F21344806F03D
:1028C000E1FFD8F8003011219A024CBF314832485C
:1028D00006F0D8FF224805F009F97DE704211F48DA
:1028E00006F0D0FF494600230A221D4805F00CF9E6
:1028F0000E212A4806F0C6FF194805F0F7F86BE7E5
:102900000421164806F0BEFF494600230A22144857
:1029100005F0FAF80E21224806F0B4FF104805F041
:10292000E5F859E704210D4806F0ACFF49460023BD
:102930000A220B4805F0E8F812211A4806F0A2FF17
:10294000074805F0D3F847E700401D400805002080
:102950008C401D4008D4010480BFE2BFD803002092
:10296000200A002098040020B8040020E004002081
:1029700014040020E80400207C030020F40400205C
:102980005004002088040020740400203C0400202F
:10299000F403002004040020180400202C0400206C
:1029A00064040020E00300201121C44806F06AFFFF
:1029B000AB6A9A0600F1FA811221C14806F062FF63
:1029C000C04805F093F81621BF4806F05BFFBF4AE8
:1029D0001468516B1368526B03F07F03C2F30362F8
:1029E00001330432B3EB420FC0F0E88104F07F04FE
:1029F000C1F30361053C0131A4EB4104E5B2B34EE0
:102A0000B048316801F07F010131491BC9B220296A
:102A1000A8BF202105F05EF8AA4805F067F8162146
:102A2000AB4806F02FFF3368726B03F07F03C2F3ED
:102A3000036201330432B3EB420F01D200252C466E
:102A4000002321460A229F4805F05EF89D4805F0C4
:102A50004DF89E4B1C681B6804F07F0403F07F0355
:102A600001340133641BE4B2A3427FF6C0AE994D3A
:102A7000994E9A4F04EB05084FEA0818D8F8003031
:102A8000C3F303630E2B00F2A980DFE813F04701C4
:102A90000401F200A700D700A7006B01A7005901AD
:102AA0007D01C500A7001A00A700B3008C4806F0FE
:102AB000E9FED8F80890D8F80430B044C3F38A4A45
:102AC0001BE60421874806F0DDFE00230A2221468A
:102AD0007C4805F019F81D21834806F0D3FED8F88C
:102AE00000301021980240F16C81804806F0CAFE47
:102AF000D8F80890D8F80430B84423F0604A072189
:102B00007B4806F0BFFE0023102251466D4804F0BA
:102B1000FBFF0121774806F0B5FE0A21764806F052
:102B2000B1FE002310224FEA1961664804F0ECFF61
:102B30000121724806F0A6FE00231022C9F30741C6
:102B4000604804F0E1FF01216C4806F09BFE002381
:102B50001022C9F307215B4804F0D6FF0121674822
:102B600006F090FE002310225FFA89F1554804F028
:102B7000CBFF58F806800121604806F083FE002351
:102B800010224FEA18614F4804F0BEFF01215B4854
:102B900006F078FE00231022C8F30741494804F0EC
:102BA000B3FF0121554806F06DFE00231022C8F343
:102BB0000721444804F0A8FF0121504806F062FEB6
:102BC00000235FFA88F110223E4804F09DFF0121A6
:102BD000484806F057FE3B4804F088FF3B4B013461
:102BE0001B68E4B203F07F0301339C42FFF442AF61
:102BF000BDE8F08704213B4806F044FE00230A228A
:102C00002146304804F080FF11213D4806F03AFE8D
:102C10002C4804F06BFFE1E70421324806F032FE55
:102C200000230A222146274804F06EFF112135486F
:102C300006F028FE234804F059FFCFE70421294875
:102C400006F020FE0A22002321461E4804F05CFF05
:102C50000F212D4806F016FED8F8003011219B02F6
:102C60004CBF2A482A4806F00DFE164804F03EFFE5
:102C7000B4E704211B4806F005FE00230A22214682
:102C8000104804F041FF0E21224806F0FBFD0D48DC
:102C900004F02CFFA2E70421124806F0F3FD002304
:102CA0000A222146074804F02FFF0E211A4806F099
:102CB000E9FD044804F01AFF90E700BF6C03002010
:102CC00094030020200A0020A803002000401D409B
:102CD000C003002008D401048C401D4080BFE2BF27
:102CE000CC040020D803002098040020B804002061
:102CF000E004002014040020E80400207C030020ED
:102D0000F404002050040020F403002004040020F8
:102D1000180400202C0400206404002004212E4804
:102D200006F0B0FD00230A2221462C4804F0ECFEF8
:102D300012212B4806F0A6FD284804F0D7FE4DE7E7
:102D40000421254806F09EFD00230A22214623483F
:102D500004F0DAFE1221234806F094FD1F4804F027
:102D6000C5FE3BE704211C4806F08CFD00230A2227
:102D700021461A4804F0C8FE11211B4806F082FDC6
:102D8000164804F0B3FE29E70421134806F07AFD43
:102D900000230A222146114804F0B6FE0F211348F1
:102DA00006F070FD0D4804F0A1FE17E71121104850
:102DB00006F068FD094804F099FE04E600252C465B
:102DC0001DE60C4806F05EFDD8F80890D8F80430EF
:102DD000B844C3F38A4A92E6D8030020200A0020B0
:102DE000E0030020740400203C040020880400203C
:102DF00080030020CC0400203A4B01210D201A6FE3
:102E000042F4805210B51A67D3F8A02042F48052E1
:102E1000C3F8A020D3F8E02042F48052C3F8E020A9
:102E200004F05EFF01210C2004F05AFF01210A206A
:102E300004F056FF01210B2004F052FF0021042072
:102E400004F04EFF0D20002104F04AFF042004F09E
:102E500035FF30B9012224491120BDE8104005F0AA
:102E60006DB90424FF210C2005F018FB00210A2075
:102E700005F014FB00210B2005F010FB4FF4FA6065
:102E800004F09EFE00210C2005F008FB00210A2022
:102E900005F004FB0B20002105F000FB4FF4FA6065
:102EA00004F08EFE013CDDD10121042004F018FF66
:102EB0000520012104F014FF2146052004F0D4FE72
:102EC0002146042004F0D0FE40F6C41004F078FE41
:102ED0002146052004F004FF2146042004F000FFF1
:102EE000B8E700BF00800D402509000008B5204B61
:102EF0001B78042B3AD8DFE803F0111F25330300B9
:102F000005210C2005F0CAFA00210A2005F0C6FAB6
:102F100005210B20BDE8084005F0C0BA0A210C20AD
:102F200005F0BCFA00210A2005F0B8FA00210B20B8
:102F3000BDE8084005F0B2BA00210C2005F0AEFA59
:102F40000A21F0E700210C2005F0A8FA00210A2050
:102F500005F0A4FA0A210B20BDE8084005F09EBA4E
:102F600000210C2005F09AFA0521CEE708BD00BF2C
:102F7000B0680020BC490A78022A70B483B000F01F
:102F80009780032A52D1B94BB94C23600368B3F53B
:102F9000287F00F02481B3F5287F60D8B3F5D07F77
:102FA00000F0F680B3F5207F44D1022A00F07E8144
:102FB000D4ED007AF5EE407AF1EE10FA00F073826B
:102FC000B6EE007ADFEDAB4AF3EE045A9FEDAA6A43
:102FD000B3EE065ADFEDA96AE7EE875A9FEDA87AAD
:102FE000C5EEA47A27EE866A67EEA66A27EE877A90
:102FF00067EE857ABCEEC66AFCEEE66ABCEEC77A7E
:10300000FCEEE77A8DED016A16EE904A9DF80430E9
:1030100017EE101A17EE902A8473C17382744373EB
:1030200003744374C37403B070BC7047904C0023A6
:103030002360ABE7C22BF6D19249934A0B7802EB9F
:10304000C30452F833200133C260DBB262680F2B35
:10305000026188BF00230B7003B070BC7047B3F5EA
:10306000946F5BD0B3F5B46FDDD1022A00F0998183
:10307000D4ED007AF5EE407AF1EE10FA00F01B8202
:10308000F6EE005A9FED7B6AB3EE047ADFED7F6ABD
:10309000A7EEA57AC7EE067A67EEA67AFCEEE77A87
:1030A000CDED017A9DF80430037403B070BC704715
:1030B00091F82230764D07EE903AB8EEE77AD5EDEA
:1030C000007AB4EEE77AF1EE10FA24D91BB391F846
:1030D0002330DFED707A9FED677A002B47FE877A09
:1030E0000368634CB3F5287FC4ED007A7FF453AFD7
:1030F00091F82230D5ED007A07EE103AB8EEC77A93
:10310000B4EEE77AF1EE10FA40F2F781002B14BF2B
:103110000021FE217FE0DFED577AE1E7022A00F08F
:103120007981D4ED007AF5EE407AF1EE10FA00F0F4
:10313000C781F6EE004A9FED4F5AB3EE046ADFED09
:10314000566A9FED567A0723DFED555AA7EEA46A1B
:103150004373C3734374C6EE057A67EEA66A27EE1F
:10316000877A67EEA57AFCEEE66ABCEEC77AFCEEDB
:10317000E77ACDED016A17EE101A9DF8042017EEDC
:10318000903A01738373027407238274C3744AE70D
:1031900044F22003022A838100F01881D4ED007AE2
:1031A000F5EE407AF1EE10FA00F09281F6EE005A58
:1031B0009FED306AB3EE047ADFED2F6AA7EEA57AB1
:1031C000C7EE067A67EEA67AFCEEE77ACDED017AD5
:1031D0009DF804300374437403B070BC7047D4EDA1
:1031E000007AF5EE407AF1EE10FA00F06781F6EE23
:1031F000005A9FED206AB3EE047ADFED1F6AA7EE56
:10320000A57AC7EE067A67EEA67AFCEEE77ACDEDF0
:10321000017A9DF80410234E00234FF4C842224D3A
:1032200096F800C000F11204C28100F10C02017393
:103230004373038280F812C02B7001E012F8011F63
:10324000944283EA0103F9D10CF1100C2B70C37482
:103250005FFA8CFCBCF1F00F02D886F800C0E2E601
:1032600000233370DFE600BFB06800200000F041AB
:10327000246800200000C84200007E430000004295
:1032800000009C42486A0020EC0200200000FE4240
:103290004068002000000000000052430000364358
:1032A00000004C433B6A00203C6A002091F8223029
:1032B0009A4A07EE903AB8EEE77AD2ED007AB4EE89
:1032C000E77AF1EE10FA40F22781002B0CBFFE23C3
:1032D0000023437391F8223007EE103AB8EEC77A14
:1032E000F4EEC77AF1EE10FA80F21481B3FA83F3A8
:1032F0005B095B01837391F8223007EE103AB8EE58
:10330000C77AF4EEC77AF1EE10FA80F20181002B51
:103310000CBF4E230023C37391F8223007EE103AFE
:10332000B8EEC77AF4EEC77AF1EE10FA80F2EE80CA
:10333000002B0CBFFE230023037491F8223007EE0C
:10334000103AB8EEC77AF4EEC77AF1EE10FA80F2CE
:10335000DB80002B0CBFFE230023437491F8223046
:1033600007EE103AB8EEC77AF4EEC77AF1EE10FA2B
:1033700080F2C880002B0CBF16230023837491F8C1
:10338000223007EE103AB8EEC77AF4EEC77AF1EEC3
:1033900010FA80F2B480002B0CBFFE230023C3740C
:1033A00041E691F822305D4A07EE903AB8EEE77AAE
:1033B000D2ED007AB4EEE77AF1EE10FA40F28D80A9
:1033C000002B14BF00237F2303746EE691F8223094
:1033D000524A07EE903AB8EEE77AD2ED007AB4EEB0
:1033E000E77AF1EE10FA7ED9002B0CBFFE23002302
:1033F000037491F8223007EE103AB8EEC77AF4EE73
:10340000C77AF1EE10FA6BDA002B0CBFFE23002313
:103410004374E1E691F82230404A07EE903AB8EE64
:10342000E77AD2ED007AB4EEE77AF1EE10FA62D9DB
:10343000002B0CBFB622002207230273437391F8BE
:10344000223007EE103AB8EEC77AF4EEC77AF1EE02
:1034500010FA4EDA002B0CBFCC2200220723827315
:10346000C37391F8223007EE103AB8EEC77AF4EE43
:10347000C77AF1EE10FA3ADA002B0CBFD222002202
:1034800007230274437491F8223007EE103AB8EE25
:10349000C77AF4EEC77AF1EE10FA26DA002B0CBFE9
:1034A000D222002270E6002213464273C2810282B9
:1034B0008274C374B7E500230374F6E50021AAE61D
:1034C0004FF007214FF4E0630022C16003825BE606
:1034D00000221346027443747EE67F230374E4E5FE
:1034E000FE23437478E6FE2382E7D2224CE6D22202
:1034F000C6E7CC22B2E7B6229EE7FE218BE6FE238A
:10350000C37490E5162339E7FE2326E7FE2313E76D
:103510004E2300E72023EDE6FE23DAE64068002094
:1035200070B5604B82B06049002201930B6AC3F30F
:10353000012308336B4413F8043CC0E90122C0E9BD
:103540000322002B00F0858000F500555649242009
:10355000564B0124564A0226C5F80C091220C3F81E
:10356000D0208A6E534B42F470328A6641F2B00129
:1035700085F81549504A514CC3F81C01C3F80C1387
:10358000E664C3F82001C3F81013136823F0004366
:103590001360136843F0A04313601368DC01FCD58B
:1035A0005368454943F008035360136843F0804370
:1035B00013600B68D802FCD40B683F4A43F00073D9
:1035C0000B6013689901FCD43B4C2368DA01FCD5ED
:1035D0002368002043F400332360236843F48033DE
:1035E0002360236843F480532360236843F400532B
:1035F0002360236843F480032360236843F400239B
:103600002360236823F408432360636B43F4E023BF
:103610006363236843F400132360236843F08063EB
:103620002360FEF735FE2368234A23F0805323608E
:103630001368DB01FCD4D5F80C290121204B03EBE6
:10364000521302F01F029B0001FA02F21A6002B04C
:1036500070BD0B6A1B4A23F47F7343F480730B62C3
:103660001368E3B1144A00F500551C681846526807
:10367000D5F81019C2F3C002636852009847124B84
:10368000186800283FF462AF0B4A03685268D5F807
:103690001019C2F3C0025B685200984756E700F564
:1036A0000055ECE73C18500000C00F40001000200F
:1036B0002D01000000801F4000001D4000841F40BD
:1036C00040380038206700202467002070B5604B28
:1036D00082B06049002201930B6AC3F301230833CF
:1036E0006B4413F8043CC0E90122C0E90322002B1B
:1036F00000F0858000F5005556492520564B0224E0
:10370000564A0126C5F80C091020C3F8D4208A6E49
:10371000534B42F470128A6641F2B00185F81549A4
:10372000504A514CC3F8C400C3F8B4122665C3F81C
:10373000C800C3F8B812136823F00043136013687D
:1037400043F0A04313601368DC01FCD5536845497E
:1037500043F008035360136843F0804313600B6821
:10376000D802FCD40B683F4A43F000730B60136827
:103770009901FCD43B4C2368DA01FCD52368002076
:1037800043F400332360236843F4803323602368C9
:1037900043F480532360236843F400532360236879
:1037A00043F480032360236843F4002323602368E9
:1037B00023F408432360636B43F4E02363632368CB
:1037C00043F400132360236843F080632360FEF713
:1037D00091FC2368234A23F0805323601368DB01A4
:1037E000FCD4D5F80C290121204B03EB521302F035
:1037F0001F029B0001FA02F21A6002B070BD0B6A50
:103800001B4A23F47F7343F480730B621368E3B1A4
:10381000144A00F500551C6818465268D5F810196E
:10382000C2F3C002636852009847124B1868002820
:103830003FF462AF0B4A03685268D5F81019C2F31F
:10384000C0025B685200984756E700F50055ECE768
:103850003C18500000C00F40001000204101000043
:1038600000801F4000401D4000841F404038003849
:10387000206700202467002038B54348434CFFF7F9
:103880004FFE002242494048FEF764FA236843F0A5
:10389000A04323602368DD01FCD500202568FEF7E6
:1038A000F7FCE26A236BA800E2622363236823F03B
:1038B0007F032360236843F03F03236060D4334CCD
:1038C000236823F0805323602368D901FCD4314B53
:1038D0000120314AC3F80428FEF7DAFC23689A0075
:1038E0000AD5A36A9B0607D4A36A23F0FF03A36249
:1038F000A36A43F02003A3622848294CFFF7E6FEA1
:10390000002223492548FEF7E3FA236843F0A04349
:1039100023602368DD01FCD500202568FEF7EAFB63
:10392000E26A236BA800E2622363236823F07F032B
:103930002360236843F03F0323601DD4184C2368A1
:1039400023F0805323602368D901FCD4154B012058
:10395000154AC3F80428FEF7CDFB23689A000AD560
:10396000A36A9B0607D4A36A23F0FF03A362A36A9A
:1039700043F02003A36238BD0120FEF7BBFBDDE767
:103980000120FEF785FC9AE7A03D002000001D40C5
:1039900020A10700A05D002059200000881400200D
:1039A00000401D4088340020A12300001F291C482E
:1039B00010B423D80123046B8B4023430363194BBA
:1039C0004FF00064D0790B441B011C60F8B1117AF0
:1039D0001068090520F0604041F4C0015860D068CB
:1039E0005DF8044B00BA9860106900BAD860D27ACA
:1039F00041EA024242F040621A607047A1F1200C95
:103A00000123C46A03FA0CF32343C362D7E71468A3
:103A10000548117A00EA844009055860DFE700BFD5
:103A200000401D4008D401040000FC1F1F291C4851
:103A300010B423D80123046B8B4023430363194B39
:103A40004FF00064D0790B441B011C60F8B1117A6F
:103A50001068090520F0604041F4C0015860D0684A
:103A60005DF8044B00BA9860106900BAD860D27A49
:103A700041EA024242F040621A607047A1F1200C14
:103A80000123C46A03FA0CF32343C362D7E7146823
:103A90000548117A00EA844009055860DFE700BF55
:103AA00000001D4008D001040000FC1F43884FF0B7
:103AB0001A0C03F00F0310B50CFB0303044600209F
:103AC0009875638803F00F030CFB0343DA75608875
:103AD00000F00F000CFB0040183006F07BF9628804
:103AE000238892B29BB283F010039A4204D12388B8
:103AF000013303F01F0323806388013303F01F03A6
:103B00006380A3889BB20F2B03D8A38801339BB299
:103B1000A38010BD8B7DF0B50D468DB004464B4E95
:103B2000002B4CD1336813F0005C25D0FEF79AFAD5
:103B30003368844603F07F03013398421ED2444920
:103B4000424807E003685FFA82FC03F07F03013319
:103B50009C4513D20CEB01030CF101021B011B6805
:103B6000C3F30363082BEDD120462A466146FFF7D5
:103B70001DFF01200DB0F0BD3368E0E70FCDEC462E
:103B8000FF276E460DF1180EACE80F0095E8030014
:103B90008CE803008DF814700FCEAEE80F009CE89F
:103BA00003008EE80300182241F61A300DEB0201E3
:103BB0002044FFF77BFF4FF0FF300DB0F0BD3068C1
:103BC00010F0005040D0FEF74DFA336803F07F0349
:103BD0000133834227D91E491C4E05E0336803F0A8
:103BE0007F03013398421ED24318421C84461B01B6
:103BF000D0B21A681201F1D51B68C3F30363082B16
:103C000019D06E466F460DF1180E0FCD0FC695E810
:103C1000030086E803008DF814C00FCFAEE80F0054
:103C200096E80300BDE70B4B4FF0FF3C1B68C3F366
:103C30000363082BE5D120462A465FFA8CF1FFF793
:103C4000B5FE01200DB0F0BD3368C4E700401D4053
:103C500008D4010470401D40F0B5056887B0864661
:103C6000B5F5307F2CD1437B64203749803B9EF8EB
:103C70000C2000FB03F33F3381FB0301D817002B1B
:103C80001944324BC0EBA1113148B8BF01F1FF31EB
:103C900002703048017002F001002F491870C2F321
:103CA00040002E4B0870C2F380002D491870C2F3FB
:103CB000C0002C4BC2F38012DEF8005008701A705E
:103CC000294CEC469EF80B60DEF807700FCCACE890
:103CD0000F0094E8030032460095CDF807708DF888
:103CE0000B608CE803000EF10C0103A804F0B0FA9D
:103CF00069461E48FFF70EFF08B107B0F0BD052466
:103D000064210C2004F0CAFB00210A2004F0C6FB49
:103D100000210B2004F0C2FB322003F051FF0021F0
:103D20000C2004F0BBFB00210A2004F0B7FB0B20A1
:103D3000002104F0B3FB322003F042FF013CDFD14D
:103D4000FEF790FC07B0F0BD090402814C6A002028
:103D50004B6A00204A6A00204F6A00204D6A00200A
:103D6000496A00204E6A0020C0020020881400200A
:103D7000324A334B334992ED007A334AD1ED007A1F
:103D8000BCEEC77AF0B5314C87B093F82360FCEEF7
:103D9000E77A1D78EC46177817EE10EA0FCCACE8FE
:103DA0000F002B4B4FF4D6628DF80FE01B7800927A
:103DB00001228DF80D30274B8DF80C201B7894E8EC
:103DC00003008DF80E3017EE903A8CE80300694638
:103DD00021488DF810708DF811608DF812508DF813
:103DE0001330FFF797FE10B1012007B0F0BD052496
:103DF00064210C2004F052FB00210A2004F04EFB49
:103E000000210B2004F04AFB322003F0D9FE0021F0
:103E10000C2004F043FB00210A2004F03FFB0B20A0
:103E2000002104F03BFB322003F0CAFE013CDFD14D
:103E3000FEF718FC012007B0F0BD00BF2468002089
:103E4000B068002040680020506A0020C0020020B6
:103E5000456A00204A6A0020881400208B7DF0B556
:103E60000D468DB004464B4E002B4CD1336813F0F9
:103E7000005C25D0FEF71AF93368844603F07F030F
:103E8000013398421ED24449424807E003685FFA72
:103E900082FC03F07F0301339C4513D20CEB01033A
:103EA0000CF101021B011B68C3F30363082BEDD166
:103EB00020462A466146FFF7B9FD01200DB0F0BD4E
:103EC0003368E0E70FCDEC46FF276E460DF1180E84
:103ED000ACE80F0095E803008CE803008DF814703F
:103EE0000FCEAEE80F009CE803008EE80300182216
:103EF00041F61A300DEB02012044FFF7D7FD4FF0D9
:103F0000FF300DB0F0BD306810F0005040D0FEF72B
:103F1000CDF8336803F07F030133834227D91E496C
:103F20001C4E05E0336803F07F03013398421ED234
:103F30004318421C84461B01D0B21A681201F1D505
:103F40001B68C3F30363082B19D06E466F460DF14F
:103F5000180E0FCD0FC695E8030086E803008DF814
:103F600014C00FCFAEE80F0096E80300BDE70B4B7F
:103F70004FF0FF3C1B68C3F30363082BE5D12046D9
:103F80002A465FFA8CF1FFF751FD01200DB0F0BD1C
:103F90003368C4E700001D4008D0010470001D40D4
:103FA0002DE9F047B84D86B0C77A0646D0F80080B4
:103FB0006C46D0F807C00FCD0FC495E803003A4611
:103FC000CDF807C0CDF800808DF80B7084E80300B1
:103FD00006F10C0103A804F03BF9AC4B1B78002B55
:103FE00065D1B8F5227F7DD1F37BA94907EE103A60
:103FF000A84B9FEDA16BB8EEC77B1B7827EE067B25
:10400000FCEEC77B17EE902A0A70002B66D169463A
:10401000A148FFF723FF002855D1052464210C2077
:1040200004F03CFA00210A2004F038FA00210B20A9
:1040300004F034FA322003F0C3FD00210C2004F018
:104040002DFA00210A2004F029FA0B20002104F0A7
:1040500025FA322003F0B4FD013CDFD18F4D2B68EF
:1040600013F0005840F0D1811A218D4805F00AFC68
:104070008C4E2B688C4F8D4D63194FEA031ADAF87A
:104080000030C3F303630E2B00F2D680DFE813F099
:10409000750163015101D4003601D4009901D400A7
:1040A0008701AB012401D4004700D400E20040F2B4
:1040B0001D7398450ED009D8B8F5007F0AD0A8F234
:1040C0000F73012B8DD906B0BDE8F08740F2647301
:1040D0009845F8D16F4B1B78002B98D06846FEF7B7
:1040E00049FF94E7B8F5D46F05D1337B032BF1D8A2
:1040F000684A137089E7B8F5207FEBD1737C6C4A6E
:1041000007EE103A634B9FED5E6BB8EEC77B1B78F2
:1041100027EE067BB7EEC77B82ED007A75E70421B8
:10412000644805F0AFFB002341460A22624803F0D1
:10413000EBFC1D21614805F0A5FBDAF800301021E9
:104140009B0240F1E4815E4805F09CFBDAF80880B0
:10415000DAF80430BA4423F060490721594805F0E1
:1041600091FB002310224946534803F0CDFC012166
:10417000554805F087FB0A21544805F083FB0023CE
:1041800010224FEA18614C4803F0BEFC0121504850
:1041900005F078FB00231022C8F30741464803F0DE
:1041A000B3FC01214A4805F06DFB00231022C8F33F
:1041B0000721414803F0A8FC0121454805F062FBB6
:1041C00000235FFA88F110223B4803F09DFC5AF867
:1041D000068001213E4805F055FB002310224FEADE
:1041E0001861354803F090FC0121394805F04AFB7D
:1041F00000231022C8F307412F4803F085FC01215A
:10420000334805F03FFB00231022C8F307212A485A
:1042100003F07AFC01212E4805F034FB00235FFAFD
:1042200088F11022244803F06FFC0121264805F094
:1042300029FB214803F05AFC184B01341B68E4B2F7
:1042400003F07F03A04601339C42FFF415AF06B094
:10425000BDE8F0870421174805F014FB4146002310
:104260000A22154803F050FC11211A4805F00AFBF8
:10427000114803F03BFCDFE77B14AE47E17AF43FE3
:104280009A9999999999D93FC0020020456A0020CE
:10429000506A0020B0680020A03D002000001D40B2
:1042A000080500208C001D4080FFE2BF08D00104FB
:1042B00040680020D8030020200A00209804002035
:1042C000B8040020E004002014040020E8040020CA
:1042D0007C030020F40400200421924805F0D2FA67
:1042E000414600230A22904803F00EFC11218F481A
:1042F00005F0C8FA8C4803F0F9FB9DE704218948D2
:1043000005F0C0FA0A2241460023874803F0FCFB6F
:104310000F21874805F0B6FADAF8003011219A0229
:104320004CBF8448844805F0ADFA7F4803F0DEFBBB
:1043300082E704217B4805F0A5FA414600230A22C2
:10434000794803F0E1FB0E217C4805F09BFA7648A2
:1043500003F0CCFB70E70421724805F093FA414664
:1043600000230A22704803F0CFFB0E21744805F0A9
:1043700089FA6D4803F0BAFB5EE70421694805F04D
:1043800081FA414600230A22674803F0BDFB12214F
:104390006C4805F077FA644803F0A8FB4CE7042169
:1043A000604805F06FFA414600230A225E4803F098
:1043B000ABFB1221644805F065FA5B4803F096FBFD
:1043C0003AE70421574805F05DFA414600230A22E6
:1043D000554803F099FB11215C4805F053FA524807
:1043E00003F084FB28E704214E4805F04BFA4146D0
:1043F00000230A224C4803F087FB0F21544805F0A4
:1044000041FA494803F072FB16E71121514805F0C3
:1044100039FAAB6A9A0600F1F28112214E4805F092
:1044200031FA414803F062FB16214C4805F02AFAA4
:104430004B4A1468516B1368526B03F07F03C2F34D
:10444000036201330432B3EB420FC0F0E08104F0A9
:104450007F04C1F30361053C0131A4EB4104E5B2E3
:104460003F4E3148316801F07F010131491BC9B22B
:104470002029A8BF202103F02DFB2B4803F036FB99
:104480001621384805F0FEF93368726B03F07F039C
:10449000C2F3036201330432B3EB420F01D20024B2
:1044A0002546002321460A221F4803F02DFB1E4803
:1044B00003F01CFB2A4B1C681B6804F07F0403F00C
:1044C0007F0301340133641BE4B29C42BFF4FBADB3
:1044D000254D264E264F04EB05084FEA0818D8F85C
:1044E0000030C3F303630E2B00F2D380DFE813F038
:1044F0003F012D011B01D1000001D1006301D1005A
:1045000051017501EE00D1004400D100DC001948D2
:1045100005F0B8F9DAF80880DAF80430BA44C3F3E1
:104520008A491AE6D8030020200A002050040020FF
:10453000F403002004040020180400202C040020B0
:1045400064040020E0030020740400203C040020E8
:10455000880400206C03002094030020A80300209E
:1045600000001D40C003002008D001048C001D4045
:1045700080FFE2BFCC0400200421AC4805F082F9A2
:1045800000230A222146AA4803F0BEFA1D21A948A9
:1045900005F078F9D8F800301021980240F13A81FE
:1045A000A54805F06FF9D8F80890D8F80430B84459
:1045B00023F0604A0721A14805F064F90023102286
:1045C00051469B4803F0A0FA01219D4805F05AF995
:1045D0000A219C4805F056F9002310224FEA196180
:1045E000934803F091FA0121974805F04BF9002315
:1045F0001022C9F307418E4803F086FA0121924840
:1046000005F040F900231022C9F30721884803F080
:104610007BFA01218C4805F035F9002310225FFA5E
:1046200089F1834803F070FA58F806800121864822
:1046300005F028F9002310224FEA18617C4803F0A6
:1046400063FA0121804805F01DF900231022C8F308
:104650000741774803F058FA01217B4805F012F929
:1046600000231022C8F30721714803F04DFA0121FD
:10467000754805F007F900235FFA88F110226C48AD
:1046800003F042FA01216E4805F0FCF8684803F097
:104690002DFA6E4B01341B68E4B203F07F03013343
:1046A0009C42FFF418AF0EE50421604805F0EAF8DB
:1046B00000230A2221465E4803F026FA11216448AD
:1046C00005F0E0F85A4803F011FAE2E704215748F0
:1046D00005F0D8F800230A222146554803F014FAC1
:1046E00011215C4805F0CEF8514803F0FFF9D0E7FE
:1046F00004214E4805F0C6F80A22002321464C4802
:1047000003F002FA0F21544805F0BCF8D8F8003045
:1047100011219B024CBF5148514805F0B3F8444861
:1047200003F0E4F9B5E70421404805F0ABF80023B5
:104730000A2221463E4803F0E7F90E21494805F0D8
:10474000A1F83B4803F0D2F9A3E70421374805F06C
:1047500099F800230A222146354803F0D5F90E21A5
:10476000414805F08FF8324803F0C0F991E7042181
:104770002E4805F087F800230A2221462C4803F032
:10478000C3F91221394805F07DF8294803F0AEF944
:104790007FE70421254805F075F800230A22214609
:1047A000234803F0B1F91221314805F06BF8204895
:1047B00003F09CF96DE704211C4805F063F8002321
:1047C0000A2221461A4803F09FF91121294805F0D1
:1047D00059F8174803F08AF95BE70421134805F0FC
:1047E00051F800230A222146114803F08DF90F21C8
:1047F000214805F047F80E4803F078F949E7112100
:104800001E4805F03FF80A4803F070F90CE6002452
:10481000254625E61A4805F035F8D8F80890D8F866
:104820000430B844C3F38A4AC4E600BFD80300206A
:10483000200A002098040020B8040020E004002092
:1048400014040020E80400207C03002000001D4028
:10485000F404002050040020F4030020040400208D
:10486000180400202C04002064040020E003002031
:10487000740400203C0400208804002080030020F1
:10488000CC0400202DE9F041C84D4FF0C208C84AC1
:10489000C84C2DED028B2B7888B052F8337002EBA8
:1048A000C30101330DF1080C4E685FFA83FE0FCC93
:1048B000BEF10F0FACE80F0094E80300CDF80880BC
:1048C00005978CE80300069600F2438185F800E026
:1048D000B94E02A9B948FFF7C1FA35784FF4D07143
:1048E0000822B74B022D02918DF81320059300F09A
:1048F0008581B44B93ED008AB5EE408AF1EE10FA53
:1049000000F02A81F6EE007A9FEDAF6AB3EE047AEA
:10491000DFEDAE6AA8EE277AC7EE067A67EEA67AD2
:10492000FCEEE77ACDED007A9DF80030A84C00222D
:104930008DF8183002A98DF8193023789F488DF82A
:104940001B308DF81A20FFF789FA23780133DBB288
:104950001F2B00D90A23B5EE408A4FF494622370CE
:1049600008230292F1EE10FA8DF8133000F08481E2
:10497000B6EE005ADFED945AB3EE046A9FED957AD5
:10498000DFED957A0723DFED956A02A9A8EE056AA7
:104990008DF815308DF817308DF819308DF81B30E3
:1049A000864886EE258A28EE077A68EE277A68EE32
:1049B000266ABCEEC77AFCEEE77AFCEEE66A17EEF2
:1049C000103A8DF8143017EE903ACDED006A8DF85C
:1049D00016309DF800308DF818308DF81A30FFF73A
:1049E0003DFADFED7A7A28EE278AFCEEC87ACDED23
:1049F000007A9DF800104FF42873794F4FF4C842A5
:104A00000DF11A00029308233C788DF8133000232F
:104A1000ADF8162005AA8DF814108DF81530ADF8F4
:104A200018308DF81A4001E012F8011F904283EA15
:104A30000103F9D110346B4A8DF81B30E4B21370C6
:104A4000F02C00F28B803C7002A95C48FFF706FA5C
:104A5000AE23654F02A902930823644C8DF81330EE
:104A60003B7856488DF814300023ADF81630237883
:104A70008DF815304FF440330693FFF7EFF93B788C
:104A80004FF4207210330292DBB2F32B88BF032362
:104A90003B7023781033DBB2F02B88BF0023022D4C
:104AA00023704FF008038DF813304FF001038DF899
:104AB000143056D0434BD3ED007AF5EE407AF1EE48
:104AC00010FA69D0B6EE005ADFED3F4AF3EE045A11
:104AD0009FED3E6AF3EE066A9FED457AE7EE855A52
:104AE0009FED445AC5EEA47A27EE866A67EEA66A61
:104AF00027EE877A67EE857ABCEEC66AFCEEE66A38
:104B0000FCEEE77ABCEEC77A8DED006A9DF80030C6
:104B100017EE902ACDED016A17EE101A9DF80440A9
:104B20008DF817201A468DF816108DF815308DF86F
:104B3000183002A921488DF819208DF81A408DF8F7
:104B40001B30FFF78BF9012008B0BDEC028BBDE8EC
:104B5000F08100232B70BBE60023E7E600233B70C7
:104B600072E796F82230244A07EE903AB8EEE77AD8
:104B7000D2ED007AB4EEE77AF1EE10FA00D95BB923
:104B8000FE2344F6206116241A468DF81530ADF840
:104B900016108DF81830CCE700231A461C468DF805
:104BA0001530ADF816308DF81830C2E7486A00208D
:104BB000EC020020C0020020B0680020A03D0020D0
:104BC0002040F007246800200000C84200007E4317
:104BD000560D00200000364300004C4300005243B5
:104BE0003B6A00203C6A0020570D00203D6A0020EF
:104BF0000000004200009C424068002096F82270AD
:104C0000254B07EE907AD3ED008AB8EEE78AB4EE32
:104C1000E88AF1EE10FA01D9002F39D1FE231A46A5
:104C20001E4C02A98DF8183000231D488DF81A304B
:104C300023788DF819208DF81B30FFF70FF92378B2
:104C40000133DBB21F2B21D8B4EEE88A23704FF476
:104C50009463F1EE10FA02934FF008038DF81330CD
:104C600000D94FB90F4A02A90F4B0D48CDE90523D2
:104C7000FFF7F4F8FE21BEE64FF0072302A908482B
:104C8000CDE90533FFF7EAF80021B4E60A23DBE7B4
:104C900000231A46C4E700BF40680020560D0020DC
:104CA000A03D0020B607CC07D207D2072DE9F04778
:104CB000354C88B0354E4FF4B46A0DF1080C344DC4
:104CC00096F800E04FF4F5492F784FF00508BEF153
:104CD000020F0FCCACE80F0094E80300CDF808A059
:104CE000ADF814908DF816808DF817708CE80300DD
:104CF00035D0284BD3ED007AF5EE407AF1EE10FA7C
:104D00002BD0F6EE005A9FED246AB3EE047ADFED65
:104D1000236AA7EEA57AC7EE067A67EEA67AFCEEBE
:104D2000E77ACDED017A9DF80430CA204AF61B32AD
:104D300002A98DF818308DF819001948ADF81A201D
:104D4000FFF78CF82B7801201033DBB2F02B88BFF3
:104D500000232B7008B0BDE8F0870023E5E796F844
:104D60002230104A07EE903AB8EEE77AD2ED007A98
:104D7000B4EEE77AF1EE10FA04D9002B14BF002349
:104D80007F23D2E77F23D0E7C0020020B068002055
:104D90003A6A0020246800200000C8420000FE4259
:104DA000A03D00204068002030B5164C87B0164D5D
:104DB000EC460FCCACE80F0094E8030024234BF63C
:104DC0001D124FF4A4648DF80C30104BADF80E207A
:104DD0008CE803004FF4487128460493009169461B
:104DE000FFF73CF808230A4A69468DF80B3028463D
:104DF000084B0094CDE90323FFF730F8012007B0FA
:104E000030BD00BFC0020020A03D00200742098144
:104E10006043011066F1030270B52C4C86B02C4D36
:104E20000026EC460FCCACE80F0094E803004FF4EA
:104E3000647241F20313082400924022ADF80C3052
:104E400040F601038CE80300582128468DF8102015
:104E50008DF80E106946ADF81230FEF7FFFF40F2F4
:104E60009233694628468DF80B400093194BCDE9E3
:104E70000336FEF7F3FF4FF4BA63174A694600930F
:104E8000062328468DF80B30144BCDE90323FEF79B
:104E9000E5FF40F2DC53124928460093114B8DF890
:104EA0000B40CDE903136946FEF7D8FF40F2B75334
:104EB0006946284600934FF440438DF80B40CDE9F6
:104EC0000336FEF7CBFF012006B070BDC002002004
:104ED000A03D0020090100A1C00350BF3756C0000B
:104EE000F742703F1C0800C830B5214C87B0214DF7
:104EF000EC460FCCACE80F0094E803004FF484625A
:104F000048F24C631C4C00923022ADF80C3040F259
:104F1000FF438CE80300852128468DF811208DF889
:104F20000E106946ADF81230FEF798FF08234FF4D3
:104F3000A461124A28468DF80B30114B0091694646
:104F4000CDE90323FEF78AFF4FF4E46207236946A5
:104F5000009202228DF80B30002328460394ADF80E
:104F600010208DF81230FEF779FF012007B030BD18
:104F7000C0020020A03D002004030100A68701100C
:104F800066F2030230B5144C87B0144DEC4695F828
:104F900000E00FCCACE80F0094E8030041F670137A
:104FA0000F4A8CE803004FF4FA61ADF81030252366
:104FB0000C48009169468DF812308DF813E0039289
:104FC000FEF74CFF2B7801200133DBB21F2B88BF8B
:104FD00000232B7007B030BDC0020020476A0020BC
:104FE00026F20312A03D002000F58053D3F8003EC6
:104FF000DB0069D5374B2DE9F04F5E6B4FF0000EAB
:1050000041F6146941F60467C6F3036641F6086881
:10501000F600083609E013685B0F052B34D00EF15B
:10502000010E5FFA8EF39E4250D90EEB4E0500EB57
:10503000C50C0CF5F05213685B0F012B13680DD0F3
:105040005B0F022BE7D15CF807308B42E7D85CF8A6
:1050500008308B42E3D30120BDE8F08F13F4607F6A
:10506000DDD06D00002304E01468C4F3C21C634566
:10507000D5D2013305EB030CDBB20CF5F06C50F824
:105080002C408C42F0D1E6E7136813F4607FC6D061
:10509000CC446D00012405E01368C3F3C21301334F
:1050A0009C42BCD22B19DCF800A0013403F5F0635C
:1050B0000AEA010AE4B250F82330DCF800B003EA4F
:1050C0000B039A45E8D1C6E7012070470020BDE8F0
:1050D000F08F00BF00401D4001EB410170B500EBB7
:1050E000C10404F5045EDEF80030DB0028D5DEF8EC
:1050F00000305B0F012B0BD0DEF800305B0F022B72
:1051000042D0DEF800305B0F052B1BD0002070BDB5
:10511000DEF8004014F4607FF8D000234D0005E075
:10512000DEF80010C1F3C21C6345EFD2013305EB7A
:10513000030CDBB20CF5046C50F82C409442EFD118
:10514000012070BDDEF8005015F4607FDED042F221
:10515000141549000123254407E0DEF80040C4F39C
:10516000C21C0CF1010C6345D0D22C6804EA020C7D
:10517000CC18013304F50464DBB250F824402E68E7
:105180003440A445E9D1DBE742F20413E3589342EB
:10519000BCD842F20813E058904234BF00200120EE
:1051A00070BD00BF83889BB20F2B03D88388013367
:1051B0009BB283804288B0F802C0038802F00F02DD
:1051C0001FFA8CFC9BB2023283F0100340F82210CD
:1051D0009C4504D10388013303F01F0303804388F7
:1051E000013303F01F034380704700BF83889BB2E5
:1051F0000F2B03D8838801339BB283804288B0F899
:1052000002C0038802F00F021FFA8CFC9BB200EB75
:10521000420283F01003D1809C4504D103880133FE
:1052200003F01F0303804388013303F01F0343800F
:10523000704700BF0B78632B10B5044682B0104650
:1052400013D003F51C6304EB83035B6813B1019275
:105250009847019804F50054D4F804381BB102B003
:10526000BDE81040184702B010BD04F50054D4F852
:105270000437002BF0D0019298470198ECE700BF6B
:105280002DE9F04300F500578FB0044697F800373A
:1052900013B9012387F80037238B9BB2002B57D11A
:1052A000D7F80C2904F58056724B02F01F0103EB6E
:1052B000521301229B008A401A60B6F81E3B9BB233
:1052C00083B3B6F81A3B1A2208AD0DF1080C03F0AF
:1052D0000F03AE4602FB034341F6323203EB0208F2
:1052E0009858D8F80410D8F80820D8F80C300FC512
:1052F000D8F81000D8F8141003C5BEE80F00ACE8C9
:105300000F009EE803008CE803009DF91C104B1C65
:1053100054D0594B0B441B011B68C3F30363082B88
:1053200000F08B80D7F80C29544B02F01F0103EBDF
:10533000521301229B008A4000211A60238BB6F889
:105340001E0B9BB280B240EA03300FB0BDE8F08381
:10535000A68A1A23B4F814C008ADF6B20CF1010CF9
:1053600003FB0646CCF3080CD6F81C01D6F8201136
:10537000D6F82831D6F824210FC5D6F82C01D6F856
:105380003011A4F814C0238B9BB203C51BB1238B2F
:10539000013B9BB2238308AD02AE0FCD0FC695E84B
:1053A000030002AA86E803009DF81C300DF10701F6
:1053B00020468DF80730FFF73DFF71E7DFF8C0802A
:1053C000D8F8005015F0005550D0FCF74BFED8F837
:1053D0000030054603F07F0301338342A2D9DFF892
:1053E0009890DFF89C8008E0D8F80030013503F091
:1053F0007F03EDB201339D4294D205EB09031B01FB
:105400001B68C3F30363082BEED102AA294620468A
:10541000FEF7CCFAB6F81A3B013303F01F03A6F8E7
:105420001A3BB6F81E3B9BB2002BDDD0B6F81E3BF4
:10543000013B9BB2A6F81E3BD6E702AAC9B22046A2
:10544000FEF7B4FAB6F81A3B013303F01F03A6F8CF
:105450001A3BB6F81E3B9BB2002B3FF463AFB6F885
:105460001E3B013B9BB2A6F81E3B5BE7D8F8003021
:10547000B5E700BF6038003808D401044038003870
:1054800000401D4000F58053D3F8003EDB0069D595
:10549000374B2DE9F04F5E6B4FF0000E41F614696B
:1054A00041F60467C6F3036641F60868F60008365D
:1054B00009E013685B0F052B34D00EF1010E5FFA83
:1054C0008EF39E4250D90EEB4E0500EBC50C0CF549
:1054D000F05213685B0F012B13680DD05B0F022B8A
:1054E000E7D15CF807308B42E7D85CF808308B4294
:1054F000E3D30120BDE8F08F13F4607FDDD06D00B1
:10550000002304E01468C4F3C21C6345D5D2013300
:1055100005EB030CDBB20CF5F06C50F82C408C4220
:10552000F0D1E6E7136813F4607FC6D0CC446D0079
:10553000012405E01368C3F3C21301339C42BCD2BB
:105540002B19DCF800A0013403F5F0630AEA010A24
:10555000E4B250F82330DCF800B003EA0B039A45BC
:10556000E8D1C6E7012070470020BDE8F08F00BFFA
:1055700000001D4001EB410170B500EBC10404F5D2
:10558000045EDEF80030DB0028D5DEF800305B0F6B
:10559000012B0BD0DEF800305B0F022B42D0DEF87F
:1055A00000305B0F052B1BD0002070BDDEF80040E3
:1055B00014F4607FF8D000234D0005E0DEF8001001
:1055C000C1F3C21C6345EFD2013305EB030CDBB220
:1055D0000CF5046C50F82C409442EFD1012070BDC2
:1055E000DEF8005015F4607FDED042F21415490059
:1055F0000123254407E0DEF80040C4F3C21C0CF18F
:10560000010C6345D0D22C6804EA020CCC1801339B
:1056100004F50464DBB250F824402E683440A445FD
:10562000E9D1DBE742F20413E3589342BCD842F2DB
:105630000813E058904234BF0020012070BD00BF25
:105640000B78632B10B5044682B0104613D003F5D7
:105650001C6304EB83035B6813B1019298470198C4
:1056600004F50054D4F804381BB102B0BDE8104072
:10567000184702B010BD04F50054D4F80437002BCD
:10568000F0D0019298470198ECE700BF2DE9F04374
:1056900000F500578FB0044697F8003713B901237F
:1056A00087F80037238B9BB2002B57D1D7F80C29F2
:1056B00004F58056724B02F01F0103EB52130122D6
:1056C0009B008A401A60B6F81E3B9BB283B3B6F8C3
:1056D0001A3B1A2208AD0DF1080C03F00F03AE4679
:1056E00002FB034341F6323203EB02089858D8F824
:1056F0000410D8F80820D8F80C300FC5D8F81000DE
:10570000D8F8141003C5BEE80F00ACE80F009EE8FF
:1057100003008CE803009DF91C104B1C54D0594B1E
:105720000B441B011B68C3F30363082B00F08B8041
:10573000D7F80C29544B02F01F0103EB521301223E
:105740009B008A4000211A60238BB6F81E0B9BB287
:1057500080B240EA03300FB0BDE8F083A68A1A2376
:10576000B4F814C008ADF6B20CF1010C03FB064608
:10577000CCF3080CD6F81C01D6F82011D6F8283145
:10578000D6F824210FC5D6F82C01D6F83011A4F88C
:1057900014C0238B9BB203C51BB1238B013B9BB26F
:1057A000238308AD02AE0FCD0FC695E8030002AA11
:1057B00086E803009DF81C300DF1070120468DF8A6
:1057C0000730FFF73DFF71E7DFF8C080D8F80050E1
:1057D00015F0005550D0FCF769FCD8F800300546AC
:1057E00003F07F0301338342A2D9DFF89890DFF8FA
:1057F0009C8008E0D8F80030013503F07F03EDB25B
:1058000001339D4294D205EB09031B011B68C3F3CE
:105810000363082BEED102AA29462046FEF706F9BB
:10582000B6F81A3B013303F01F03A6F81A3BB6F88B
:105830001E3B9BB2002BDDD0B6F81E3B013B9BB25A
:10584000A6F81E3BD6E702AAC9B22046FEF7EEF83C
:10585000B6F81A3B013303F01F03A6F81A3BB6F85B
:105860001E3B9BB2002B3FF463AFB6F81E3B013BDF
:105870009BB2A6F81E3B5BE7D8F80030B5E700BF47
:105880006038003808D001044038003800001D405E
:1058900043884FF01A0CDBB210B50CFB030304462F
:1058A000002083F806016388DBB20CFB034383F816
:1058B00007216088C0B20CFB004000F5847004F042
:1058C00089FA6288238892B29BB283F480739A42E9
:1058D00004D123880133C3F3080323806388013391
:1058E000C3F308036380A3889BB2FF2B03D8A3886C
:1058F00001339BB2A38010BD2DE9F04F8C468DB0D3
:105900000E4607466C46054600F110084FF00109A7
:10591000DFF8A0A0BCE80F000FC49CE8030084E8F7
:10592000030055F8044F5CB19DF91420A36809FAEF
:1059300002F1194223D02368D3F800B0D34519D11E
:105940004545EED107F5005393F800373BB3306877
:1059500006AC7168B268F3680FC4306918227169C7
:1059600003C40DEB020107F11400FFF791FF0DB026
:10597000BDE8F08F9DF8153069462046D847237C56
:10598000002BDDD02368D3F800B09DF81530D34547
:10599000D6D020464FF0FF326946D847D0E7337D56
:1059A000324606A938468DF81830FFF743FC0DB093
:1059B000BDE8F08F2901000000F5005393F801378E
:1059C000002B00F0DB80DFF86CC22DE9F04F0F46B2
:1059D00089B005460E4602AC0FCF0FC497E803000E
:1059E00084E80300DCF800309B0052D5DCF834304A
:1059F00000244FF06309C3F3036A22464FEACA0A40
:105A00000AF1080A0CE05B0F022B3B6800F09A8059
:105A10005B0F052B00F0DD800134E2B2924538D9EE
:105A200096F91430632B34D004EB440805EBC80B13
:105A30000BF5F0573B6813F0604FEDD03B685B0F00
:105A4000012B3B68DFD1C3F30043F2799A42E3D1E3
:105A50003B6813F4607FDFD04FEA480B002306E079
:105A60003A685FFA88F3C2F3C2129342D4D203F1C8
:105A70000108029A0BEB080303F5F06355F8233095
:105A80009A42EDD102A928468DF81C90FFF734FF09
:105A9000E6E70023674F8DF80E303C6814F00054A1
:105AA0003FD0FCF7DFFA3B68044603F07F03013385
:105AB000834233D942F2041742F20818DFF8749196
:105AC00096F91430A34220D004EB440105EBC10247
:105AD00002F5045ADAF8003013F0604F15D0DAF806
:105AE0000030F079C3F3C06398420ED1DAF8003089
:105AF0005B0F012BDAF8003041D05B0F022B12D084
:105B0000DAF800305B0F052B5BD0D9F80030013498
:105B100003F07F03E4B201339C42D1D309B0BDE866
:105B2000F08F3B68C6E7D159029B8B42EDD352F808
:105B300008209342E9D802A928468DF81C40FFF7B7
:105B4000DBFEE2E7C3F30043F2799A427FF464AFED
:105B500041F604635BF80320029B9342FFF45CAFC1
:105B600041F608625BF8022093423FF655AF02A966
:105B700028468DF81C90FFF7BFFE4DE7704713F4E1
:105B8000607FC2D04A00002307E0DAF800105FFA15
:105B90008BF3C1F3C2118B42B7D203F1010B02990F
:105BA00002EB0B0303F5046355F823309942ECD163
:105BB00002A9284600928DF81C40FFF79DFE009A2E
:105BC000E3E7029A21462846FFF786FA00289CD090
:105BD000B1E73B6813F4607F3FF41EAF41F61463F6
:105BE00001275B440AE00BF5F05101370968FFB269
:105BF000C1F3C21101318F42BFF40EAF07EB480170
:105C0000186801F5F06155F821E00299D3F800C059
:105C100008400EEA0C018842E5D102A9284601930A
:105C20008DF80E2000928DF81C90FFF765FEDDE9DF
:105C30000023D8E700401D402DE9F04F944D9BB064
:105C4000944F08AC04900FCD0FC495E8030084E88E
:105C500003007E6AB96AD7F82CB0386B3B680291B2
:105C600013F40043039003D13A68940000F11A81C1
:105C7000039B43F00103BBF1000F00F00581BBFA69
:105C80008BF3844DC3F140032C68DFB214F0005451
:105C9000019700F08482FCF7E5F92B68044603F0D5
:105CA0007F030133834240F2C280874240F2BF80CB
:105CB000049B671CDFF8DC9103F50053FDB20593EC
:105CC00018E0042A00F06281082A00F00382D9F863
:105CD0000030FCB2019A03F07F030133A24288BF77
:105CE000AB4205F1010594BF01230023002B40F0D6
:105CF0009E80671CC4F12002029BA4F1200A06FAD0
:105D000002F1E3400B4326FA0AF10B43D807DED534
:105D1000039B0BFA02F2E34013432BFA0AF21343FC
:105D2000D907D4D5DFF87881A0444FEA0818D8F80D
:105D30000030190EC3F3036201F00B010229C0D138
:105D4000D8F8041003F4001021F06041002812BFBD
:105D50004FF0010C4FF0000C890C062A8DF827C07B
:105D6000089102D101228DF82920ADF82430C3F327
:105D700003438DF8344000288DF82B30059B93F8B1
:105D800015398DF83530D8F808308DF82F30D8F81F
:105D900008304FEA13238DF82E30D8F808304FEA38
:105DA00013438DF82D30D8F808304FEA13638DF87F
:105DB0002C30D8F80C308DF83330D8F80C304FEA4E
:105DC00013238DF83230D8F80C304FEA13438DF896
:105DD0003130D8F80C304FEA13638DF8303014BFEF
:105DE0004FF08C634FF080631F2CC8F80030D9F857
:105DF00008304FF0010334D8D9F83020A3402146B1
:105E000004981343C9F83030089AFFF765F9002861
:105E100035D108A90498FFF7CFFD08A8AFF300809B
:105E200008A8AFF3008008A8AFF300804FE7194E31
:105E3000194D346A2A68194B6240134043B1049BE0
:105E400003F58053B3F8D43C9BB20F2B40F2A981E9
:105E5000104A136A23431362BFF34F8F1BB0BDE890
:105E6000F08FD9F82C2003FA0AF321460498134343
:105E7000C9F82C30089AFFF72FF90028C9D008A9D3
:105E80000498FFF739FDC4E7B3FA83F32033F8E64B
:105E9000C002002000401D400C680020BFFF07002A
:105EA00008D4010489067FF5E3AE82067FF5E0AEF3
:105EB000D7F88020C34C02F40011C2F30050ADF8B3
:105EC00024200029C2F303414FEAD2528DF82B104F
:105ED000D7F884108DF8280018BF012021F0604108
:105EE00008BF00208DF826204FF0000208BF890C63
:105EF0008DF827000CA80891D4F88810D1400832FA
:105F0000202A00F8011DF7D10DA8AE49D1F88C2048
:105F1000DA400833202B00F8012DF7D1049B03F55C
:105F2000005393F815398DF8353063238DF83430EC
:105F30008B680B6B43F020030B63039B5D0603D55B
:105F40000B6B43F040030B63039B1C0604D59D4A77
:105F5000136B43F080031363049C08A92046FFF7EA
:105F60002BFD08A8AFF3008008A8AFF3008008A8B5
:105F7000AFF3008008992046FFF736F800283FF479
:105F800077AE08A90498FFF7B7FC71E603F4001296
:105F9000002AD8F80420ADF82430C3F303438DF869
:105FA000344022F060428DF82B3018BF0121059B50
:105FB00004BF920C002193F8153908928DF8353002
:105FC000D8F80830049A8DF82F30D8F808308DF8BA
:105FD00027101B0A8DF82E30D8F808301B0C8DF8CE
:105FE0002D30D8F808301B0E8DF82C30D8F80C3036
:105FF0008DF83330D8F80C301B0A8DF83230D8F8D1
:106000000C301B0C8DF8313004F6022352F823308B
:10601000D8F80C20120E8DF830200BB108A8984744
:10602000059BD3F808390BB108A89847049901F5E6
:106030008052B2F81E3B07929BB2002B00F0C48046
:10604000B2F81A3B1A220DF1500C03F00F03E04690
:1060500002FB031341F632320EA903EB020A06914A
:106060008E469858DAF80410DAF80820DAF80C307E
:10607000ACE80F00DAF81000DAF81410ACE803000E
:10608000B8E80F00AEE80F0098E803008EE80300C0
:106090009DF94C305A1C00F0A6809C427FF417AE4C
:1060A000069AE1B20498FDF781FC079AB2F81A3B10
:1060B000013303F01F03A2F81A3BB2F81E3B9BB258
:1060C000002B3FF404AEB2F81E3B013B9BB2A2F89A
:1060D0001E3BFCE503F40012002AD8F80420ADF8BA
:1060E0002430C3F303438DF8344022F060428DF82E
:1060F0002B3018BF0121059B04BF920C002193F89F
:10610000153908928DF83530D8F80830049A8DF892
:106110002F30D8F808308DF827101B0A8DF82E3054
:10612000D8F808301B0C8DF82D30D8F808301B0E2D
:106130008DF82C30D8F80C308DF83330D8F80C307E
:106140001B0A8DF83230D8F80C301B0C8DF831302A
:10615000D8F80C301B0E8DF8303004F6022352F8BC
:1061600023300BB108A89847059BD3F808390BB129
:1061700008A89847049901F58052B2F81E3B07928F
:106180009BB2002B7FF45CAF1F2C4FF0010335D87E
:10619000D9F83020A3401343C9F8303097E52B6875
:1061A00086E5049F41F6D04021463844FEF7FAFFC9
:1061B000F16941F6985089B23844FFF717F82C601E
:1061C00046E600BF00401D401F2C4FF001030DD8D4
:1061D000D9F83020A3401343C9F830304FF00063A2
:1061E000C8F8003073E5069A21465BE7D9F82C2001
:1061F00003FA0AF31343C9F82C30EFE7D9F82C203F
:1062000003FA0AF31343C9F82C3060E52DE9F04F87
:106210008C468DB00E4607466C46054600F11008C8
:106220004FF00109DFF8A0A0BCE80F000FC49CE804
:10623000030084E8030055F8044F5CB19DF9142075
:10624000A36809FA02F1194223D02368D3F800B0F9
:10625000D34519D14545EED107F5005393F80037E2
:106260003BB3306806AC7168B268F3680FC430693C
:106270001822716903C40DEB020107F11400FFF746
:1062800007FB0DB0BDE8F08F9DF81530694620463C
:10629000D847237C002BDDD02368D3F800B09DF8CD
:1062A0001530D345D6D020464FF0FF326946D84747
:1062B000D0E7337D324606A938468DF81830FFF70F
:1062C000BFF90DB0BDE8F08F2901000000F50053C3
:1062D00093F80137002B00F0DB80DFF86CC22DE96A
:1062E000F04F0F4689B005460E4602AC0FCF0FC4E3
:1062F00097E8030084E80300DCF800309B0052D5E7
:10630000DCF8343000244FF06309C3F3036A2246FB
:106310004FEACA0A0AF1080A0CE05B0F022B3B683D
:1063200000F09A805B0F052B00F0DD800134E2B2B3
:10633000924538D996F91430632B34D004EB4408D5
:1063400005EBC80B0BF5F0573B6813F0604FEDD031
:106350003B685B0F012B3B68DFD1C3F30043F2794D
:106360009A42E3D13B6813F4607FDFD04FEA480BD9
:10637000002306E03A685FFA88F3C2F3C212934240
:10638000D4D203F10108029A0BEB080303F5F06382
:1063900055F823309A42EDD102A928468DF81C9079
:1063A000FFF734FFE6E70023674F8DF80E303C68B7
:1063B00014F000543FD0FBF779FE3B68044603F02D
:1063C0007F030133834233D942F2041742F20818A3
:1063D000DFF8749196F91430A34220D004EB440105
:1063E00005EBC10202F5045ADAF8003013F0604FF1
:1063F00015D0DAF80030F079C3F3C06398420ED1BB
:10640000DAF800305B0F012BDAF8003041D05B0F77
:10641000022B12D0DAF800305B0F052B5BD0D9F8D5
:106420000030013403F07F03E4B201339C42D1D346
:1064300009B0BDE8F08F3B68C6E7D159029B8B429B
:10644000EDD352F808209342E9D802A928468DF8E6
:106450001C40FFF7DBFEE2E7C3F30043F2799A4208
:106460007FF464AF41F604635BF80320029B934220
:10647000FFF45CAF41F608625BF8022093423FF6FE
:1064800055AF02A928468DF81C90FFF7BFFE4DE7D7
:10649000704713F4607FC2D04A00002307E0DAF8A7
:1064A00000105FFA8BF3C1F3C2118B42B7D203F134
:1064B000010B029902EB0B0303F5046355F823303B
:1064C0009942ECD102A9284600928DF81C40FFF7B2
:1064D0009DFE009AE3E7029A21462846FFF74AF814
:1064E00000289CD0B1E73B6813F4607F3FF41EAFF7
:1064F00041F6146301275B440AE00BF5F0510137C4
:106500000968FFB2C1F3C21101318F42BFF40EAF6F
:1065100007EB4801186801F5F06155F821E0029990
:10652000D3F800C008400EEA0C018842E5D102A968
:10653000284601938DF80E2000928DF81C90FFF7ED
:1065400065FEDDE90023D8E700001D402DE9F04F8E
:10655000944D9BB0944F08AC04900FCD0FC495E8B8
:10656000030084E803007E6AB96AD7F82CB0386B60
:106570003B68029113F40043039003D13A689400FE
:1065800000F11A81039B43F00103BBF1000F00F0FF
:106590000581BBFA8BF3844DC3F140032C68DFB255
:1065A00014F00054019700F08482FBF77FFD2B6804
:1065B000044603F07F030133834240F2C2808742E6
:1065C00040F2BF80049B671CDFF8DC9103F50053A9
:1065D000FDB2059318E0042A00F06281082A00F059
:1065E0000382D9F80030FCB2019A03F07F03013333
:1065F000A24288BFAB4205F1010594BF01230023ED
:10660000002B40F09E80671CC4F12002029BA4F185
:10661000200A06FA02F1E3400B4326FA0AF10B4383
:10662000D807DED5039B0BFA02F2E34013432BFAA3
:106630000AF21343D907D4D5DFF87881A0444FEA92
:106640000818D8F80030190EC3F3036201F00B01EB
:106650000229C0D1D8F8041003F4001021F06041E1
:10666000002812BF4FF0010C4FF0000C890C062AD5
:106670008DF827C0089102D101228DF82920ADF8AC
:106680002430C3F303438DF8344000288DF82B30B9
:10669000059B93F815398DF83530D8F808308DF80A
:1066A0002F30D8F808304FEA13238DF82E30D8F861
:1066B00008304FEA13438DF82D30D8F808304FEAF0
:1066C00013638DF82C30D8F80C308DF83330D8F8AF
:1066D0000C304FEA13238DF83230D8F80C304FEAE3
:1066E00013438DF83130D8F80C304FEA13638DF82E
:1066F000303014BF4FF08C634FF080631F2CC8F80C
:106700000030D9F808304FF0010334D8D9F83020E0
:10671000A340214604981343C9F83030089AFEF785
:1067200029FF002835D108A90498FFF7CFFD08A854
:10673000AFF3008008A8AFF3008008A8AFF3008093
:106740004FE7194E194D346A2A68194B62401340BD
:1067500043B1049B03F58053B3F8D43C9BB20F2B99
:1067600040F2A981104A136A23431362BFF34F8F8B
:106770001BB0BDE8F08FD9F82C2003FA0AF32146AC
:1067800004981343C9F82C30089AFEF7F3FE00284A
:10679000C9D008A90498FFF739FDC4E7B3FA83F319
:1067A0002033F8E6C002002000001D4008680020E9
:1067B000BFFF070008D0010489067FF5E3AE82061B
:1067C0007FF5E0AED7F88020C34C02F40011C2F38D
:1067D0000050ADF824200029C2F303414FEAD25201
:1067E0008DF82B10D7F884108DF8280018BF0120E1
:1067F00021F0604108BF00208DF826204FF00002F4
:1068000008BF890C8DF827000CA80891D4F88810CF
:10681000D1400832202A00F8011DF7D10DA8AE4959
:10682000D1F88C20DA400833202B00F8012DF7D165
:10683000049B03F5005393F815398DF83530632325
:106840008DF834308B680B6B43F020030B63039B94
:106850005D0603D50B6B43F040030B63039B1C06E3
:1068600004D59D4A136B43F080031363049C08A96D
:106870002046FFF72BFD08A8AFF3008008A8AFF370
:10688000008008A8AFF3008008992046FEF7FAFDC3
:1068900000283FF477AE08A90498FFF7B7FC71E62B
:1068A00003F40012002AD8F80420ADF82430C3F312
:1068B00003438DF8344022F060428DF82B3018BF2E
:1068C0000121059B04BF920C002193F81539089211
:1068D0008DF83530D8F80830049A8DF82F30D8F874
:1068E00008308DF827101B0A8DF82E30D8F80830A4
:1068F0001B0C8DF82D30D8F808301B0E8DF82C307D
:10690000D8F80C308DF83330D8F80C301B0A8DF8DD
:106910003230D8F80C301B0C8DF8313004F60223DD
:1069200052F82330D8F80C20120E8DF830200BB11D
:1069300008A89847059BD3F808390BB108A89847D1
:10694000049901F58052B2F81E3B07929BB2002BCE
:1069500000F0C480B2F81A3B1A220DF1500C03F07B
:106960000F03E04602FB031341F632320EA903EB9C
:10697000020A06918E469858DAF80410DAF80820D0
:10698000DAF80C30ACE80F00DAF81000DAF814107E
:10699000ACE80300B8E80F00AEE80F0098E8030089
:1069A0008EE803009DF94C305A1C00F0A6809C42F2
:1069B0007FF417AE069AE1B20498FDF737F8079A0C
:1069C000B2F81A3B013303F01F03A2F81A3BB2F8E6
:1069D0001E3B9BB2002B3FF404AEB2F81E3B013BC2
:1069E0009BB2A2F81E3BFCE503F40012002AD8F883
:1069F0000420ADF82430C3F303438DF8344022F073
:106A000060428DF82B3018BF0121059B04BF920C0A
:106A1000002193F8153908928DF83530D8F80830F0
:106A2000049A8DF82F30D8F808308DF827101B0AFB
:106A30008DF82E30D8F808301B0C8DF82D30D8F892
:106A400008301B0E8DF82C30D8F80C308DF8333010
:106A5000D8F80C301B0A8DF83230D8F80C301B0CEB
:106A60008DF83130D8F80C301B0E8DF8303004F62C
:106A7000022352F823300BB108A89847059BD3F89E
:106A800008390BB108A89847049901F58052B2F86B
:106A90001E3B07929BB2002B7FF45CAF1F2C4FF084
:106AA000010335D8D9F83020A3401343C9F830305A
:106AB00097E52B6886E5049F41F6D040214638448F
:106AC000FEF770FBF16941F6985089B23844FEF741
:106AD0008DFB2C6046E600BF00001D401F2C4FF0D0
:106AE00001030DD8D9F83020A3401343C9F8303042
:106AF0004FF00063C8F8003073E5069A21465BE763
:106B0000D9F82C2003FA0AF31343C9F82C30EFE725
:106B1000D9F82C2003FA0AF31343C9F82C3060E5A6
:106B20002D492E4A2E4838B5002401F580532D4DAD
:106B30008C822960CC82086001F500500C8302F53C
:106B40000051A3F81A4B284DA3F81C4BA3F81E4B79
:106B5000A3F8D04CA3F8D24CA3F8D44CA3F8984D8A
:106B6000A3F89A4DA3F89C4D02F5805380F8004796
:106B7000C0F80C4980F80147C0F81049948280F8A9
:106B80001449D48215601483A3F81A4BA3F81C4B44
:106B9000A3F81E4BA3F8D04CA3F8D24CA3F8D44CC6
:106BA000A3F8984DA3F89A4DA3F89C4D0F4B81F88C
:106BB0000047C1F80C4981F80147C1F8104981F834
:106BC00014491A6001F0F2F84FF4A0722146084807
:106BD00003F07CF938BD00BFA03D002088140020E0
:106BE0002C0500202067002050050020246700208D
:106BF000E06800202E4B1B7810B563BB2D484FF08A
:106C0000FF0C2D4A2D492E4CD0ED007A0978937057
:106C1000FCEEE77A2378D170911D5371931C17EE27
:106C2000900A82F806C08B424FF4837C10714FF0BB
:106C3000FE00A2F800C007D01A780133FF2A08BF6F
:106C400003F8010C8B42F7D106221E491E4800F0C2
:106C500019FF012010BD1D4B4FF48574154A93EDAB
:106C6000007A1648144BBCEEC77AD2ED007A007851
:106C70001C8000241649FCEEE77A114AD87012787D
:106C800091F823009C706C2409785A7117EE102A31
:106C90009871FF205C7217EE904AD971591C1A72D4
:106CA0000A2298721C71084800F0ECFE012010BD09
:106CB000436A002024680020546700204A6A0020AC
:106CC000506A002055670020300A002040680020EC
:106CD000B0680020484A494B12681A604378042B78
:106CE00007D8DFE803F01706030F07008378092BA6
:106CF00028D9704742490120424B0022087083F88E
:106D00002320704700B58378032B3CD8DFE803F0DD
:106D10004C646B378378042B0AD83A4A012BC1782C
:106D2000137082F8221030D1374B00221A6005E030
:106D3000344B0021C278197083F82220334B002293
:106D40001A7070472F4A03EB430190F803C0062BDB
:106D5000114481F801C090F804C081F802C0407964
:106D6000C87018D9073B0121D07F01FA03F3034310
:106D7000D37792F82130013382F821307047214BCC
:106D8000002283F823205DF804FB042BD6D11F4B8F
:106D900001221A707047012092F8201000FA03F3C4
:106DA0000B4382F82030E4E7164A40F2053E184BC8
:106DB000002092F8201092F81FC09870FF20D97020
:106DC00005225871591CA3F800E083F804C011484B
:106DD0005DF804EB00F056BE212200210E485DF85C
:106DE00004EB03F073B8074A40F2053E084B02205B
:106DF000117892F822C0E0E7D868002020680020CF
:106E0000436A0020B068002024680020446A002003
:106E100068670020300A0020B1680020F8B5002122
:106E20000C2000F021FF042400210A2000F01CFFA8
:106E300000210B2000F018FF0121204600F050FF38
:106E40000121052000F04CFF0021052000F00CFF7F
:106E50000121204600F008FF0A210C2001F01EFB52
:106E600000210A2001F01AFB00210B2001F016FB83
:106E700040F2712000F0A4FE00210C2001F00EFB76
:106E800000210A2001F00AFB0B20002101F006FB83
:106E900040F2712000F094FE013CDDD12146052036
:106EA000344E00F01DFF40F6C410334D00F088FE54
:106EB000304600F0E5FA22464FF41641304605F11F
:106EC000200700F011FB55F8044F204634B103F0C1
:106ED00077F821460246304600F0D4FD304600F0F7
:106EE00005FE0A210C2001F0D9FA00210A2001F048
:106EF000D5FA00210B2001F0D1FA4FF49C7000F07C
:106F00005FFE00210C2001F0C9FA00210A2001F0E7
:106F1000C5FA0B20002101F0C1FA4FF49C7000F07B
:106F20004FFEBD42CFD1134C204600F0FFF90028A0
:106F3000FAD0124A80230A210E4800F0FDFD0021FC
:106F4000052000F0CDFE0121042000F0C9FE002143
:106F5000042000F089FE40F6B83000F031FE05480C
:106F600000F08EFA00224FF496410248BDE8F84046
:106F700000F0BABA300A0020F40900208867002027
:106F800038B5002000F036FF28B90446012000F093
:106F900031FF6C281DD0FFF741FF0021084601F0AA
:106FA00035F86C21012001F031F80021022001F0B8
:106FB0002DF80021032001F029F8184B042093F844
:106FC000221001F023F800210520BDE8384001F02F
:106FD0001DB80220114D00F00DFF0346104A03209A
:106FE000003B18BF0123137000F004FF042805D8EC
:106FF000287020B1012385F8233000E02C70042094
:1070000000F0F8FE0346052085F8223000F0F2FE7D
:107010000038044B18BF0120187038BDB06800203C
:10702000456A0020446A002038B5FCF725FC694C0D
:10703000FFF7A6FF684B206803F5A0711A68002AC5
:1070400000F0908014338B42F8D1634B206803F535
:10705000A0711A68002A7BD014338B42F9D15E4BA1
:10706000206803F5A0711A6802B314338B42FAD179
:107070005A4B1B7833BBFBF7BFFE4FF49641584881
:10708000002200F031FA544B206803F5A0711A6811
:107090001AB114338B42FAD138BD524C3221C3E9B4
:1070A000012001221C60C3E9031238BD5A6014217B
:1070B0004D4D012298601D60C3E90312474B1B78B8
:1070C000002BD8D0444B206803F5A0711A68002A21
:1070D00076D014338B42F9D13F4B206803F5A07171
:1070E0001A68002A63D014338B42F9D13A4B2068D6
:1070F00003F5A0711A68002A50D014338B42F9D1DD
:10710000354B206803F5A0711A68002A3DD014336E
:107110008B42F9D1304B206803F5A0711A685AB33D
:1071200014338B42FAD12C4B206803F5A07102E096
:1071300014338B429FD01A68002AF9D12B4D4FF49B
:107140007A715A60012298601D60C3E9031292E7C8
:10715000274D40F6C4115A60012298601D60C3E9B2
:1071600003127CE7234D40F6C4115A600122986057
:107170001D60C3E9031268E71F4DC8215A60012250
:1071800098601D60C3E90312CDE71C4D64215A606D
:10719000012298601D60C3E90312BBE7184D192155
:1071A0005A60012298601D60C3E90312A8E7154DDB
:1071B00014215A60012298601D60C3E9031295E70B
:1071C000114D0A215A60012298601D60C3E9031223
:1071D00082E700BFD8680020E0680020456A0020F0
:1071E000300A00207121000095080000853300005E
:1071F0002D080000F54F0000E932000019320000B0
:10720000A9310000AD300000852C00002DE9F047C9
:10721000374D0027DFF8EC804FF0010A05F5A07626
:107220002C4609E054F8043CBBB144F804AC44F8E3
:107230000C9C1434B44219D054F8142C002AF8D001
:10724000D8F8009054E90331A9EB03038B42F0D343
:1072500054F8100C90470028E4D144F8047C44E929
:10726000057744E903771434B442E5D1D8F8003007
:1072700055F8143C33B1D8F8003055E903125B1AC5
:10728000934202D21435B542F2D11A4840F6B731D2
:10729000D8F800300468D8F80030174A1B1B17488C
:1072A0008B428CBF00230123137000F03FF838B9E4
:1072B000042000F003FDA0B9BDE8F047FBF716BEBF
:1072C0000F4C0C23FF210D48621C00F035FC0346D7
:1072D00020462370FFF7FEFC042000F0EFFC00289E
:1072E000EAD0FFF79BFDBDE8F047FBF7FFBD00BF0D
:1072F000F468002020680020416A0020300A002045
:1073000078670020D868002001207047B0F8463028
:10731000B0F848209BB292B2934202D2013AD01AFE
:107320007047416B01390A44D01A7047016972B63F
:10733000B0F84A20B0F84C3092B29BB29A423CBFAF
:10734000806B1218C86AD31A62B6C0F30260184480
:10735000704700BFB0F84A100246B0F84C3089B20E
:107360009BB2994210B4046914D00133906B116B35
:10737000984298BF0023994206D85B1A526AD05CA3
:10738000C0B25DF8044B7047126A5DF8044BD05CE4
:10739000C0B2704772B6B0F84A0080B2814201D0E4
:1073A00062B6E2E7E36A13F0E06F03D14FF0FF301B
:1073B00062B6E6E7E36901200024116AA2F84A00F8
:1073C000C3F30900DBB2A2F84C404B70F0E700BFFA
:1073D000B0F84A100246B0F84C3089B29BB29942DC
:1073E00030B4046925D00133946B9C4216D9106BDC
:1073F0001FFA83FC984217D9106AC05CC0B2956D21
:10740000A2F84CC045B199421CD3CB1AD16B99421A
:1074100002D3D36DC5F8883030BC70474FF0000CF4
:10742000106B63469842E7D8181A556A285CC0B2B8
:10743000E5E7084672B6B2F84A1089B2884204D02D
:1074400062B6D0E70C44E31AE0E7E36A13F0E06FBA
:1074500003D14FF0FF3062B6DEE7E069C0F3090008
:10746000F9E700BF90F8443043B110B5044602F08C
:1074700087FA94F84430002BF9D110BD704700BF53
:1074800038B5D0E90453D3E903120968114228D072
:1074900090F84420044632B102F072FA94F8443075
:1074A000002BF9D1636900210E4AA961207E03EB0C
:1074B0000010007D02EB0010456805202860657E05
:1074C00003EB051393F8343002EB0312A36D5268FB
:1074D0001060A4F84A10A4F84C1013B1E26DC3F880
:1074E000842038BDC405002007EE901A9FED9A7ADB
:1074F0000421B6EE005AF8EE677A9FED986A41F6DD
:10750000FF7CC7EE275A2DE9F0478E460569012416
:1075100007EE901AF8EEE77A85EEA77A77EE057A0D
:10752000FDEEE77A17EE903A6345A8BF6346012B5C
:10753000B8BF012307EE903AF8EEE76A76EEC76A25
:10754000C6EE877AF5EEC07AF1EE10FA48BFF1EE9A
:10755000677AF4EEC67AF1EE10FA03D8B0EE676AF5
:107560008E461C4601312129D2D10021436902F403
:107570000076A0F84A10B3F85AC08E42A0F84C101A
:10758000B3F85860A0F84610A0F8481080F84410EE
:10759000816BDF68A1EB0606A1EB0C01C0E90F616E
:1075A00039681E6941EA0601396014BF01210021D2
:1075B000817640F0AC80017E694E03EB0118DFF864
:1075C000C09198F81470D8F81CA006EB0717B9689A
:1075D000C1F800907968D8F818700F60BAF1000F00
:1075E00003D0D8F82010CAF80010477ED92103EB49
:1075F000071898F834C006EB0C1CDCF808703960EA
:10760000DCF80410D8F838700F60417E03EB0111EC
:10761000CF6B0FB1096C39600EF1FF31BEF1080F6D
:107620004FEA0161CCBF4FF0000E4FF0010E01F0A8
:10763000F85144EA4E4421435C682961597801F1CC
:1076400010030021E960474941F8234041694FF0A8
:10765000010E454C02F0030C4F7891F85610434B45
:1076600039554FF002174469617803EB511301F06B
:107670001F019B000EFA01F11960EF62AB6A43F043
:107680008803AB6253073ED44CF4701302F00F0131
:10769000042908BF43F0804397062ED5817E43F02E
:1076A000805300293AD11607AB6103D52B6943F00B
:1076B00000532B616B69D10623F0805348BF43F020
:1076C00080536B61D30503D52B6943F400532B61C1
:1076D000A36883B1264E3478002C3AD0611E254D24
:1076E000C9B22B1F05EB810101E0994225D053F867
:1076F000042F9042F9D1BDE8F087817E0029D2D0D5
:1077000043F0A003CFE71C4B4CEA0303BEE7477EE0
:107710004FF2D901124E03EB07186AE7417E43F09E
:10772000A00304EB011191F8341006EB0116B668C2
:10773000316821F440413160B5E7631CDBB20F4A88
:107740003370137845F8240043F002031370BDE84A
:10775000F0870123074DF2E7001BB74BEC78AD60D3
:10776000C40500200010002000E400E0403800388C
:107770003F6A00203867002010003C005B6A002050
:1077800038F00100EFF31380B8B9EFF310834BB971
:10779000EFF305823AB94FF48073EFF3118050B1E3
:1077A000984208D270470F2AF7D9054B9B5CEFF33C
:1077B00011800028F4D1184670474FF0FF30F1E7F0
:1077C000F0E300E0036D2DE9F04104460F46066941
:1077D00013B1426DC3F88420A37E2BB172B6B36996
:1077E00043F00053B36162B6B4F84650636BADB278
:1077F0000135AB424CD84FF000084546B4F848304C
:107800009BB29D4219D028E073691B0210D5B4F8D1
:107810004830626B9BB201339A4236D99AB2E16A20
:1078200099422DD9E169CB5CDBB2F361A4F8482021
:10783000B4F848309BB2AB420FD1FFF7A3FF6369A6
:10784000B3F856308342DFDAFF28F1DD02F098F812
:10785000B4F848309BB2AB42EFD0E36AAB421AD9DE
:10786000FFB2E3695F5572B6012084F84400A4F8C2
:107870004680B36943F40003B36162B6BDE8F081AA
:107880005B1AA16ACB5CDBB2CFE700221346C6E7E6
:107890001FFA85F8B2E7ED1AFFB2A36A5F55E2E777
:1078A000FFF790BF0269536913F4401F70B543D0CE
:1078B000D36A13F0E06FC3F3026E3AD0B0F84A50C7
:1078C000B0F84C60ADB2B6B207E0016A01F803C08F
:1078D0000EF1FF3313F0FF0E1DD0D1696B1C846BCA
:1078E000B0F84CC0C1F309019C4298BF00231FFAB5
:1078F0008CFC9C45ECD0046B5FFA81FC1D469C42DD
:10790000A3EB0404E1D8436A03F804C00EF1FF338B
:1079100013F0FF0EE1D1ABB2A0F84A30836D43B152
:10792000B54254D3AD1B016CA94202D8C16DC3F856
:1079300084105369D90245D49669330228D5536916
:107940001D0225D5B0F84650B0F84830ADB29BB214
:1079500006E0C169C95CC9B2D161D16A4C0512D4D3
:10796000AB4238D0446B0133C16A9C4298BF0023BC
:107970009942A3EB0104ECD8816A095DC9B2D161D7
:10798000D16A4C05ECD599B2AB42A0F8481025D08D
:10799000710216D553695B0213D50021036D80F87F
:1079A000441013B1416DC3F88810837E2BB172B6B9
:1079B000936923F00053936162B6936923F48003C3
:1079C000936170BD536943F480135361B4E7816BD5
:1079D000891B0D44A7E79BB2A0F84830936923F4B4
:1079E00000039361936943F480039361D0E700BF80
:1079F0000148FFF757BF00BF300A0020084601F0DA
:107A00002BBF00BF012A70B508BF0A228AB091B30C
:107A10004FF0210E01E05FFA86FE0EF1FF36B1FB5A
:107A2000F2F502FB15145FFA84FC092C0CF1370403
:107A30000CF1300C98BF5FFA8CF40EF1280C88BF63
:107A4000E4B29142EC4429460CF8244CE3D24BB109
:107A50000EF1FF3E2D225FFA8EFE0EF128036B44DD
:107A600003F8242C036801A9CEF122025B6871445B
:107A700098470AB070BD30224FF0210E8DF82520B6
:107A8000E5E700BF2DE9F0410C46D1B1EAB18046EF
:107A90008E1800250E4F04E001F0DEFEB4420544CE
:107AA0000CD0D8F8003014F8010B1B68BB42F3D09F
:107AB000014640469847B4420544F2D12846BDE805
:107AC000F0810D462846BDE8F0811546F6E700BF77
:107AD000FD5D0000002903DB00230A22FFF792BFAF
:107AE00049422D230A22FFF78DBF00BF00B503686E
:107AF00083B040F60D2C022201A95B68ADF804C0EA
:107B0000984703B05DF804FB5AB90368C9B2074A45
:107B10001B68934200B506D108465DF804EB01F0FE
:107B20009BBEFFF76FBF5DF804EB1847FD5D0000DB
:107B300001F082BE01F01ABE2DE9F84F92B317464C
:107B4000B3FA83F252096BB3B3F1010825D007EB06
:107B5000080A834689469046174C184E25680BE064
:107B600001F06AFE002810DA01F00AFF2368DBF852
:107B700008205B1B93421AD2DBF800305B69B342EA
:107B8000EED0584698470028EEDB484505D007F868
:107B9000010BBA4508F10108E0D1002340463B70D3
:107BA000BDE8F88F4FF000084046BDE8F88F01238C
:107BB0008BF80C30F1E700BFD8680020315F00007F
:107BC00000B970472DE9F84F01218146214C224D23
:107BD000224E54E8003F2A68306844E80013002B26
:107BE000F7D11F494B684FF47A7BDFF878A01B1A56
:107BF00001270BFB02F8DAF80020A3FB02325A45FA
:107C000094BF9044D84454E8003F2A68306844E860
:107C10000073002BF7D14B68DAF800C01B1A0BFB7E
:107C200002F2A3FB0C3CBCF57A7F94BF624402F5E0
:107C30007A72A2EB0802B2F57A7F06D3B9F1010994
:107C400008F57A78DFD1BDE8F88F01F099FE044994
:107C5000D9E700BFDC680020D8680020D468002085
:107C6000001000E08C680020272816D80201104B75
:107C700003EB00109B5810B4C2685C68144205D036
:107C800061B95DF8044BC3F888207047836851B12F
:107C9000084A5DF8044B1A60704770475DF8044B62
:107CA000C3F884207047044A5DF8044B1A6070479B
:107CB000C405002038F001003830010027280BD817
:107CC000064B020103EB00109A58C36892681A42EF
:107CD00014BF01200020704700207047C405002019
:107CE000272829D8164B0201012903EB00109A58C6
:107CF00010B45368C4680ED004290CD023EA0403DE
:107D000053608368A9B1022917D003290CBF0D4A1B
:107D10000D4A1A6007E0234301295360836808D0A5
:107D200040F638021A60436815225DF8044B1A6069
:107D3000704738221A60F6E77047044A1A60F2E783
:107D4000C4050020383001003800010038F001007F
:107D500030B4124A0020124B0121124D124CC2F8CD
:107D6000F032C2F8F402C2F8B810C2F8A000C2F8AB
:107D7000A450C2F8B0105369DB07FCD551612378D9
:107D8000DB07F0D41368054943F0010313600B6867
:107D9000DB07FCD462B630BC704700BF00802A40CD
:107DA0000504012401000F0000812A4070B50E4C2B
:107DB0004FF6FF7E0D4E04F11E05A6F580530021FF
:107DC00002E0B34281B204D21A88481C02337245E1
:107DD000F7D124F8021FAC4206F58056EDD1044BD2
:107DE00001221A7070BD00BF8E68002000101F6055
:107DF000466A0020B0F5876F2CD2174B10B51B7860
:107E0000044623B3A008154B04F00301144CA3FB54
:107E10000023144ADB08C3EB031E9C46A0EB0E03B1
:107E200041EA8C01FF2034F813C01A444FEA4C0C8D
:107E300013030CEB023CBCEB023F07D91A88023358
:107E4000D4B28C4208BF100A9C45F7D810BDFFF78A
:107E5000ADFFD7E7FF207047466A002089888888F1
:107E600090680020F0010600F8B50F46164672B67D
:107E7000344B40F20641344A9A610222DA61002210
:107E8000C3F8A020C3F8F012C3F8F422C3F8F82214
:107E9000C3F8FC224FF47022C3F8A4200122C3F8D7
:107EA000B02020F01F038219BFF34F8F4FF0E02462
:107EB000C4F85C3F20339A42FAD8BFF34F8FBFF328
:107EC0006F8F204D6B69DA07FCD501231F49B2B2D1
:107ED00020F07F406B6142F47022C5F8F01242F24C
:107EE0000121184CC5F8F412C5F8BC30C5F8A00043
:107EF000C5F8A420C5F8B030154D01E05B0609D4E3
:107F0000636913F00100F9D041236361BDE8F840D3
:107F1000FFF71EBF082E0AD836B13246394637441D
:107F20000646284600F094F940236361E8E7A6F18D
:107F3000080008263946324637440646284600F0EF
:107F400087F9F1E700802A40F05AF05A3204180805
:107F500080812A4010B472B6284B0221284C00229E
:107F60009C614FF47024D96140F20641C3F8F012CD
:107F70000121C3F8F422C3F8F822C3F8FC22C3F8A5
:107F8000A020A2F58052C3F8A4400240C3F8B0106C
:107F9000BFF34F8F02F5805102F120034FF0E02C28
:107FA000994234BF0121802102EB41118B42CCF870
:107FB0005C2F1A4603F12003F8D1BFF34F8FBFF3B4
:107FC0006F8F0E4A5369D907FCD501240D490E4B1A
:107FD00054610340C2F8F0124FF470200749C2F810
:107FE000A030C2F8A400C2F8B0404B69DB07FCD552
:107FF00001235DF8044B4B61FFF7AABE00802A40C5
:10800000F05AF05A2004180800F0FF00B0F5876F0E
:1080100080F08680444B2DE9F0471B78C2B00546BE
:108020008946002B79D0AB08404E05F00305404F40
:10803000A6FB0326F60845EA8605C6EB06169E1B38
:108040003C4B37F81640334460004FEA033800EBEE
:108050000330B0EB033F64D943464FF0FF0C1A885E
:108060000233D1B2A94208BF4FEA122C9842F6D887
:10807000E14541D0B4F5006F41D302AC4FF48072BA
:10808000FF21204601F022FF08F5805008F102038D
:108090004246984234BF01204FF4006008EB400094
:1080A000134602321B888242D9B24FEA132363542B
:1080B000F6D104F805900DF107090DF2071A002515
:1080C0004C464046FFF746FF14F801CF08EB450049
:1080D00002220DF10601631EBCF1FF0FA3EB0903A1
:1080E00006D043EA0C230135ADF80630FFF7BCFE9D
:1080F000A245E9D127F8165042B0BDE8F08745EA1D
:10810000092502A902220134ADF80850FFF7ACFEA0
:1081100027F8164042B0BDE8F087FFF747FE82E738
:1081200070474FF0FF0CA3E7466A002089888888D3
:1081300090680020F0010600704700BF272858D83B
:108140000001F0B4344C354D2358AB4256D049D8D9
:10815000B3F1844F4BD0A5F58045AB4240D1304DB3
:108160002044304E304CC4F8B462D0E901C4C06839
:108170004FF0E0264FF00057042AC6F810712FD8B0
:108180005E6926EA00065E614FF00506CCF80060E5
:10819000266846F4803626605C6824EA00045C6049
:1081A000224C54F8224090FAA0F2B2FA82F245F83A
:1081B00022106FEA00011DD0DD690F2A01EA0501D6
:1081C000D9611DDC52000325D968944005FA02F2FA
:1081D00021EA02022243DA6098615A6902435A6135
:1081E000F0BC7047124DAB42FAD1124DB8E7124DB8
:1081F000B6E77047DA690243DA61EDE70F4DAFE7A2
:10820000103A032519695200944005FA02F221EA56
:10821000020222431A61DFE7C40500200080004209
:10822000840B00202100000000100020D802002054
:1082300000C00042840C0020040B0020040C00202D
:1082400008B5FEF7F1FEFEF7E1FF01F099FBFAE752
:10825000844641EA000313F003036DD1403A41D351
:1082600051F8043B40F8043B51F8043B40F8043B10
:1082700051F8043B40F8043B51F8043B40F8043B00
:1082800051F8043B40F8043B51F8043B40F8043BF0
:1082900051F8043B40F8043B51F8043B40F8043BE0
:1082A00051F8043B40F8043B51F8043B40F8043BD0
:1082B00051F8043B40F8043B51F8043B40F8043BC0
:1082C00051F8043B40F8043B51F8043B40F8043BB0
:1082D00051F8043B40F8043B51F8043B40F8043BA0
:1082E000403ABDD2303211D351F8043B40F8043B40
:1082F00051F8043B40F8043B51F8043B40F8043B80
:1083000051F8043B40F8043B103AEDD20C3205D34F
:1083100051F8043B40F8043B043AF9D2043208D047
:10832000D2071CBF11F8013B00F8013B01D30B88B9
:1083300003806046704700BF082A13D38B078DD097
:1083400010F003038AD0C3F10403D21ADB071CBF69
:1083500011F8013B00F8013B80D331F8023B20F8D3
:10836000023B7BE7043AD9D3013A11F8013B00F80C
:10837000013BF9D20B7803704B7843708B78837094
:108380006046704701F1FF3C70B56646002400E08E
:108390000134B0FBF2F502FB1503092B03F1370E94
:1083A00003F130035FFA8EFE98BF5FFA83FE9042BE
:1083B000284606F801EFEBD2631C0022C818CA5405
:1083C0007CB162461CF8015F10F8016DA1EB0C0353
:1083D00002328CF80060013B521A057023449A4225
:1083E000EFDB084670BD00BF4FF0010C0CFA01FC3A
:1083F00001EB410100EB411170B5B1F80EE01FFA3D
:108400008CF5254C1FFA8EFE24782E010EFB0333CB
:1084100006F0F006E340B0F888417345A4B228BFE7
:1084200073463443012AA0F888410DD0022A28D08F
:10843000C2B10CF00F02B0F888C11FFA8CFC4CEAF4
:10844000020CA0F888C170BD9BB20CF00F022D0287
:10845000CB82B0F8803105F470659BB22B43A0F855
:108460008031E8E7AEEB030E0CF00F021FFA8EFE30
:10847000A1F80AE0B0F880319BB21343A0F8803134
:10848000D9E79BB20CF00F02CB83B0F880319BB2DE
:108490001E43A0F88061CEE7580D002027284BD856
:1084A000F8B52A4D044615F8202005EB8005012A71
:1084B0002DD0022A3FD16B78C3F3011003283ED0A0
:1084C000234A02EB803203F0030C224889B2634650
:1084D00002EB4C1C0678BCF806E05801BCF81030E2
:1084E0001FFA8EFECEF1011E1EFA83F303F1FF3E4A
:1084F0000EFB01F1F1408E4523D95B1AC3F1010354
:108500009BB289B20244ACF8063011820DE06A7861
:10851000C2F30113032B10D00F4800EB83308BB252
:1085200002F00301AA78FFF75FFF0C4BEA7803EB38
:1085300004135B681A60F8BD70470948EFE7094A01
:10854000C1E7991E4FF6FF73DBE700BF4408002028
:1085500000C01D40580D002000C03D40C405002053
:1085600000803E4000801E4000230F2248F2B82CBD
:10857000194610B54FF470444FF4806EA0F88C414A
:108580004FF46044A0F88E210A46A0F89031B0F86C
:1085900088319BB243F0F003A0F8883101EB41032E
:1085A000013100EB431304299C80A3F806E05A84B0
:1085B0001A865A805A81A3F80EC05A82DA825A83E8
:1085C000DA83EBD1B0F888319BB243F00F03A0F807
:1085D0008831B0F888319BB243F47063A0F88831D9
:1085E00010BD00BF374B384A996F384841F47F01BE
:1085F00070B5996741F20106D3F8801045F6C05571
:1086000043F226040A43C3F88020FFF7ADFF00F5CC
:108610008040FFF7A9FF00F58040FFF7A5FF00F5B8
:108620008040FFF7A1FF0022A0F503104FF00F0ECE
:10863000114600EB42134FEA421C01329981042A91
:108640005981A3F80EE09E82DD8020F80C1019827B
:108650009C81EED100221E484FF00F0E41F2010620
:10866000114645F6C05543F2260400EB42134FEA8B
:10867000421C01329981042A5981A3F80EE09E829E
:10868000DD8020F80C1019829C81EED10022114867
:108690000F2641F20105114645F6C05443F2260E5D
:1086A00000EB42134FEA421C01329981042A59819E
:1086B000DE819D82DC8020F80C101982A3F80CE08A
:1086C000EED170BD00C00F40000003FC00C03D4073
:1086D00000001E4000401E4072B6EFF30583524C6E
:1086E000C4F884301EF0040F0CBFEFF30882EFF3E0
:1086F00009824FF0E0234D4E4D4DD3F8280DD3F8AD
:108700002C1DC4E92201D3F8341DD3F8383DC4E947
:1087100024139369C4F89830D369C4F89C3000F0EE
:10872000A3F884ED280A01F043FB0B214FF0FF3240
:10873000C4F8A4000B46C4F880103E49301D5A40CE
:10874000202402F00103013C01FB03F383EA5202FF
:10875000F7D1A84202D073680646EFE7324BC3F860
:10876000A820BFF34F8F4FF0E0233049324AC3F8BF
:10877000701FC3F8702FBFF34F8FBFF36F8F2F4A57
:1087800002252F48D36E2F4943F44053D36605602A
:10879000D3692D4823F07F0343F04003D3610B6876
:1087A00083423DD8264D00214FF0E0234FF0FF32A9
:1087B00029600126C5F808112449C5F80011C5F83B
:1087C0000861C3F88021C3F88421C3F88821C3F865
:1087D0008C21C3F8902101E000F038F9D5F80C3174
:1087E000002BF9D00134C5F80C614F2CF4D9184B8B
:1087F000022018494FF00042C1F840015A63D5F8F1
:108800000C313BB9144815490D4A0163D2F80C31BB
:10881000002BFAD04FF0E023114AC3F80C2DFEE7ED
:1088200001F04EF9BEE700BF00FF272080FF2720A0
:10883000A8FF27202083B8EDA0FF272000C00F400D
:10884000004008401C0A0020803DCD0B009F240002
:1088500000900D4000002E4000800F40F100AD0B55
:108860000400FA05FFF738BF124AD2F880305B07E0
:10887000FBD5D2F880301048C3F30B230F4990ED9D
:10888000007A07EE903A91ED006AB8EE477A0C4A0A
:10889000F8EEE77A0B4BD2ED006A77EEC77A93EDEC
:1088A000007AB8EE477A67EE867A87EEA60A37EE48
:1088B000400A704700810D407C68002084680020D9
:1088C0008868002080680020836BF0B41BB1536877
:1088D00043F40043536072B6446B3CB31A4B2260BE
:1088E000D3F8B0410C421DD1184E776804E074688B
:1088F000E41BB4F5166F0BD2D3F8404144F4804426
:10890000C3F84041D3F8B851D3F840416404EED5E0
:108910000D4007D10C4CC0E90225D4F8B0310B430F
:10892000C4F8B031426362B6F0BC7047064DC0E98E
:108930000224D5F8B0310B43C5F8B031026342636D
:1089400062B6F0BC704700BF00002E40001000E08F
:1089500070B5056B9DB106462A46002403E01268F7
:108960000134012A0CD0536813F08003F7D032632E
:108970002CB12846B36B2D689847013CF9D170BDE6
:10898000C6E90C33F4E700BF30B4D9B91F4C204B13
:108990000021204A01254FF0011099601D60C4E9B3
:1089A000023180245C60C2F8BC01D2F8B0311A48B0
:1089B0002B43C2F8B0310160D2F8B031002BFBD1AB
:1089C00030BC70470904154B104C012541F0800163
:1089D0009860104A596000F580511D60D96000F51B
:1089E0000051A364196100F5405100F580405961C0
:1089F00000219861E164D2F8B03143F48033C2F8C9
:108A0000B031D2F8B031002BFBD1C0E7000000201C
:108A1000C012002000002E4018680020E012002044
:108A2000084901220B7802FA00F023EA00000870DE
:108A300030B9054AD2F8483123F08003C2F84831F2
:108A4000704700BF536A002000002E402DE9F04F10
:108A5000974C83B0D4F84471FB07C4F8447153D5E4
:108A6000D4F8AC21002A4AD0924EDFF860A2DFF899
:108A70007492DFF874B2DFF87482C4F8AC21D6E9DE
:108A80000A20D4F8403143F40053C4F84031D4F8FC
:108A900040319D04F5D5D4F8403123F40053C4F897
:108AA00040314FF00113C4F8B431D4F8B45115F08B
:108AB0000115FAD193B28446CAF80050B3F5086F95
:108AC00000F0CF8100F2DB8040F202318B4200F0F7
:108AD000E78100F29A80822B00F0CB81B3F5817F91
:108AE00040F08A8010F0780F83B200F003824FF0DC
:108AF0000113C4F8C031D4F8AC21002ABDD16C4AAE
:108B0000D2F8BC31002B42D17E0616D5684BD3F883
:108B1000AC21C3F8AC21D3F8BC21C3F8BC21D3F8F5
:108B2000B041002CFBD14FF0FF32C3F8B421D3F891
:108B3000843100F029FD604B1C60FC0103D55F4BC4
:108B40001B6803B19847B80103D55D4B1B6803B19F
:108B50009847790708D5564BD3F8843113F400733E
:108B600047D0584B01221A70514BD3F848311A069E
:108B70000AD53B0608D5544A13782BB1013BDBB22A
:108B80001370002B00F0728203B0BDE8F08F4F49E4
:108B9000C2F8BC310868034240F0D181464A1468EB
:108BA0001C40B1D05FEA144810D0424E4FF001098A
:108BB00098FAA8F5B5FA85F506EBC51009FA05F59A
:108BC0004030FFF7C5FE38EA0508F1D1A4B2002C09
:108BD0009AD0384E4FF0010894FAA4F5B5FA85F50D
:108BE00006EBC51008FA05F5FFF7B2FEAC43F3D16A
:108BF0008AE7344A1370B7E7802B7FF478AF3448A4
:108C000002210580FFF7C0FE75E7B3F5A06F00F005
:108C10000B81A3F5D063012B3FF669AF2D4B5D6847
:108C2000002D3FF464AF1FFA8CFC4FEA124E04E0B3
:108C30001D690C33002D3FF45AAF1A887245F7D1E5
:108C40005A886245F4D14FEA1E22032A00F0A5811A
:108C50001A89000C824228BF0246BEF5007F40F010
:108C6000A181184B1C4918781C4B0192002818BF91
:108C700019461B48FFF7ECFA194D019AE1E142F25F
:108C800021218B427CD033D942F221318B4200F03A
:108C900081804FF6C0018B427FF429AF10F47F4FE3
:108CA00083B27FF424AF43F46E4363F30F0CB5E754
:108CB00000002E40000000201C6800202C6A0020CC
:108CC000306A0020596A00205A6A00201868002083
:108CD00044680020740900202C1B0060901B006079
:108CE00000002020106800205DCFC6B8C0012E40D3
:108CF000B3F5106F66D042F221018B427FF4F7AEDC
:108D0000030C072B7FF4F3AEB24BB349F560D96087
:108D1000B249B360C3F80890C1E9002001221A608B
:108D2000AF4A5A60AF4A1A61D4F8B01141F001015C
:108D3000C4F8B01102F5805102F5005259619A61F0
:108D4000D4F8B031002BFBD1A74AF3649360012320
:108D5000B264136048F2800353604FF00113C4F80B
:108D6000BC31D4F8B03143F48033C4F8B0314FF49F
:108D70008033CAF80030D4F8B031002BFBD1BAE60A
:108D800080B238B9994BC2F307421968984B196001
:108D9000984B1A70944B00229A60F2640122B364DB
:108DA0001A6080225A604FF00113C4F8BC31D4F825
:108DB000B03143F48033C4F8B031D4F8B031002B73
:108DC000FBD198E6C2F307428B4B1A708B4BC4F869
:108DD000C8318B4BC4F8CC318A4BC4F8D03100F089
:108DE000D5FB80222946884801F070F8874B802205
:108DF000C6F8A0B0C6F8E0307B4BF5645A6001229B
:108E0000B3649D601A604FF00113C4F8BC31D4F80C
:108E1000B03143F48033C4F8B031CAF80050D4F80C
:108E2000B031002BFBD166E66F4B0121F564196070
:108E300080219D60B36459604FF00113C4F8BC31C8
:108E4000D4F8B03143F48033C4F8B031D4F8B03141
:108E5000002BFBD1130C5B0643F08073C4F8543134
:108E600049E6654B01216A481B780370FFF78CFDCA
:108E700041E683B210F078007FF439AE03F07F0250
:108E800058F82210624A1080180600F19E80CB0725
:108E900001D50123137002215D48FFF775FD2AE615
:108EA00010F0780F83B27FF422AE03F07F0213F04C
:108EB000800F58F8223014BF43F4803343F001038D
:108EC00048F822300022484BF2649A600122B364D1
:108ED0001A6080225A604FF00113C4F8BC31D4F8F4
:108EE000B03143F48033C4F8B031D4F8B031002B42
:108EF000FBD100E603F07F0213F0800F58F8223018
:108F000014BF23F4803323F0010348F822300022F9
:108F1000354BF2649A600122B3641A6080225A6071
:108F20004FF00113C4F8BC31D4F8B03143F48033AE
:108F3000C4F8B031D4F8B031002BFBD1DBE5002010
:108F4000086026490C88486842F221018C427FF46F
:108F500025AE80B200287FF421AE2E492E4C03C9E5
:108F6000A18086284FEA11412060A1717FF416AEDE
:108F700072B62A48017841F008010170D2F8481110
:108F80000D0605D480200143C2F84401C2F84811FF
:108F900062B6234A5021117000E6000C2A78824202
:108FA00028BF0246BEF5E06F44D11E4B1E4D187817
:108FB0001E491F4B0192002818BF19462846FFF78B
:108FC00047F907236B70019A3BE0C9033FF561AF96
:108FD00061E700BFE012002010780020801400201C
:108FE0008000070010880020C0120020D8680020F0
:108FF000286A0020576A0020586A00200200CC002E
:10900000C80002000200C800800000201993D57437
:109010004468002010680020206A0020536A002065
:109020005A6A0020596A002000002020901B00602E
:109030002C1B00602946104D01922846FFF708F9C5
:10904000019A25F01F031544BFF34F8F4FF0E02125
:10905000C1F8703F20339D42FAD8BFF34F8FBFF362
:109060006F8F05481146FFF78FFC44E50320FFF79B
:10907000D7FC01F015F800BF000020202DE9F047D3
:109080001F46831E022B01D9BDE8F087DFF84C9004
:1090900015460C463C2209EBC01806464FEAC01A9A
:1090A000002108F10400240400F010FFB5FA85F255
:1090B0000123520944EA427449F80A40C8F838705A
:1090C000C8F80830002FDFD0034AB34011680B43C3
:1090D0001360BDE8F08700BF1C680020000000207E
:1090E0002DE9F0470D46811E022901D9BDE8F08720
:1090F000C701DFF84C909246044640373C220021DD
:109100001E4609EB07082D0408F1040000F0DEFEFE
:10911000BAFA8AF2520945EA427249F80720012256
:10912000C8F83860C8F80820002EDFD0034B103490
:109130001968A2400A431A60BDE8F0871C68002045
:109140000000002012048160C36101F5405342F029
:10915000800210B40124426001F50052046001F560
:10916000805401F58041C46081615DF8044BC0E921
:1091700004237047831E0A46022B00D97047064B12
:1091800000F110014FF0010C03EBC0100CFA01F1DB
:109190004030FFF799BB00BF00000020831E0A4645
:1091A000022B00D970470121024B814003EBC01014
:1091B000FFF78ABB0000002040687047124A134B3B
:1091C000D2F8200220F07F40984210B584B002D23D
:1091D00000EB800040000E4C01A90A22FFF7D2F8F4
:1091E00001A90023204611F8012B01333AB10A2BC3
:1091F00020F8022FF7D11623237004B010BD5B00B6
:10920000DBB2237004B010BD00441F40809698006C
:10921000400D002000F0D8BA00F0CABA00F066BBDA
:1092200000F03CBB0846114600F02CBBF8B5144CCE
:109230004FF0E025134E4FF4003204EB4024124F60
:1092400006EB40160346C5F88C2121463A88304685
:10925000FFF778FF3B882344BFF34F8FC5F85C4F7F
:109260002034A342FAD8BFF34F8FBFF36F8F032090
:109270003146FFF793FF4FF40033C5F80C31F8BDCA
:109280008000202000130020346A0020244B2DE9A8
:10929000F0411C884368C569C3F30E43E41A002CEF
:1092A00024DD204920480A780078D3B21F4E82423C
:1092B0001F4807D010F8038036F81870C7F5007201
:1092C000944218D90133002226F81540082B194E74
:1092D00088BF134626F8152098BFDAB2C554164B3E
:1092E0000A701A6814441C60BDE8F0812846BDE885
:1092F000F041FFF79BBF07EB482010492246274467
:10930000084401EB4521FEF7A3FF0B4A284626F847
:10931000187013682344BDE8F0411360FFF786BF5F
:10932000346A0020516A0020526A002050680020F0
:1093300070680020606800204C68002080002020B9
:109340001D4B1A78002A36D102F0FF031B4A12780F
:109350008AB32DE9F0411A4D2A8852B3194EC2F54D
:109360000068194F3278194C07EB421704EBC224FE
:10937000424638462146FFF7E5FE04EB0802BFF3FC
:109380004F8F4FF0E023C3F8704F2034A242FAD839
:10939000BFF34F8FBFF36F8F04203946FFF7EAFE0C
:1093A00033780133DBB2032B88BF002333700023F3
:1093B0002B80BDE8F0817047566A0020586A002073
:1093C000366A0020556A00200014002080102020FA
:1093D0002DE9F04F85B0CDE90110002900F0BF80E4
:1093E0000023604CDFF89881DFF898A15E4F00936E
:1093F00001235E4A23705E4B1978B8F8003002EB07
:109400004119002B40F0A7801E461D469B4648464A
:10941000FFF7D2FE10F0800000F08C80BFF34F8F7A
:109420009AF8003084F800B005B93E68002B7DD171
:109430003B689B1B782B00F287804E4B1B78002BE0
:1094400074D000F09DFA0122B8F800301546227061
:10945000002BDCD0464AC3F5006011781A4600EBB9
:10946000C120454DC9022844019D954217D203935E
:10947000DDE901512A46FEF7EBFE039B4FF0404227
:109480005B1BA8F800303D4BC3F88420BFF34F8F1F
:10949000009800232844237005B0BDE8F08F364BB8
:1094A000CD180299FEF7D4FE00234FF4006229463E
:1094B0004846FFF747FEBFF34F8F05F1200205F541
:1094C0000063934234BF012340234FF0E02205EBB9
:1094D0004313C2F8705F2035AB42FAD1BFF34F8F10
:1094E000BFF36F8F04204946FFF744FE204A1378EC
:1094F0000133DBB2032B84BF00231D4A1370B8F87D
:109500000030019AD11A009A1A4401910092029AED
:109510001A4400230292194AA8F80030C2F8843095
:10952000BFF34F8F237000297FF462AF009805B01E
:10953000BDE8F08F4FF400620D4B8AF800001978F7
:109540001346A8F800208AE7012300988AF8003023
:1095500005B0BDE8F08F1A46C3F500607FE70198BB
:10956000E5E700BF566A0020D868002000140020FC
:10957000556A0020586A00208010202000002E40EC
:10958000366A0020546A0020704700BF2D4B00212E
:1095900080222D4870B51B7800242C4D8B422C4E18
:1095A0000CBF40234FF400732B80338000F08EFCFF
:1095B000284A2146284B14704FF4807227481C809B
:1095C00000F084FC264A1021264B0220C2E9004408
:1095D000C2E90244244AC3E900441470234AC3E99F
:1095E0000244234B1C70234614602246FFF778FD8B
:1095F0002246318803201F4BFFF740FD23460122FE
:1096000029880420FFF76CFD20460134FFF70EFE89
:10961000082CF9D1184B00214A221848184C046034
:10962000C3F88410C3F88020D3F84821154942F0CC
:109630008072C3F8482121B1134A137843F0010323
:10964000137070BD596A002000140020386A002091
:10965000346A0020556A0020366A0020001300207A
:109660005068002060680020516A00204C6800208B
:10967000526A00208D76000000002E402C6A0020E7
:1096800041770000000000005B6A00202DE9F04FE8
:109690004FF0E0234FF40032DFF8C8A083B0C3F8E6
:1096A0008C218B469AF8004000294FD08046E4B2C6
:1096B0000027DFF8B490264BABEB070225491B7857
:1096C000A34204F101043FD0092C234B404628BF9C
:1096D00000241E5D39F816C00CEB462319441F4BBD
:1096E00033F81650A5EB0C05AA421CD20CEB462C05
:1096F00018491B4C61440192FEF7AAFD216839F814
:1097000016505846019AA1EB0B012A44394429F816
:10971000162021604FF0E0234FF40032C3F80C21F3
:1097200003B0BDE8F08F2A462F44FEF791FD0C49A7
:10973000E3B230460A68A844521B0A608AF8003037
:10974000FFF774FDBB45B6D83846E3E70846E1E7C6
:10975000516A00208000202070680020506800209E
:109760004C680020526A0020606800200B4B0C4AB5
:1097700012781978D3B28A420DD0013309480A4AC7
:10978000092B0A4928BF0023C35C31F8131002EBF0
:109790004323585C70474FF0FF307047516A0020F8
:1097A000526A00207068002080002020606800203D
:1097B000044B10B51C680CB1204610BD00F0E0F859
:1097C000204610BD4C6800202DE9F84F144E154D71
:1097D00033782A78934221D0DCB2DFF85090DFF85A
:1097E00050B0DFF85080104F0134082C5FFA84FA33
:1097F00001D90024A24619F80400DBF8003038F83B
:10980000102037F81010521A9B1ACBF80030FFF7CF
:109810000DFD86F800A02B78A342E5D1BDE8F88FB6
:10982000526A0020516A00206068002070680020A1
:109830004C6800205068002000B583B001210DF174
:109840000700FFF723FF20B19DF8070003B05DF884
:1098500004FB4FF0FF30F9E7094B00B583B01B78EC
:109860008DF807003BB101210DF10700FFF7B0FDB6
:1098700003B05DF804FB03F0FF0003B05DF804FBE8
:10988000586A0020044B1B7803F0FF020BB1FFF76E
:109890009FBD1046704700BF586A00202DE9F04177
:1098A0000024DFF8448001230D4D27460D4E88F833
:1098B0000030337828462035A34204F1010405D056
:1098C000FFF77AFC030658BF07F50067042CF0D1B8
:1098D000BFF34F8F0023384688F80030BDE8F08191
:1098E00000140020556A0020566A00202DE9F84334
:1098F0001D4B1B7813B11D4D2A880AB9BDE8F883AA
:109900001B4EC2F500691B4933784A461A4C01EBDD
:1099100043181A4F04EBC324012340463B702146F1
:109920000023FFF70FFC04EB0902BFF34F8F4FF04A
:10993000E023C3F8704F2034A242FAD8BFF34F8F10
:10994000BFF36F8F04204146FFF714FC33780133D7
:10995000DBB2032B88BF0023337000232B80BFF3BF
:109960004F8F3B70BDE8F883586A0020366A0020AC
:10997000556A00200014002080102020566A002024
:109980002DE9F8432D4B1E7866B12D4F3B784BB92E
:109990000123F1073B7043D4B20726D400233B7068
:1099A000730701D4BDE8F883264B1A68002AF9D062
:1099B000EFF30582002AF5D1EFF3108572B618682F
:1099C000002834D0204C2178002930D10122227087
:1099D00042691A60002A2ED0916105B962B600254D
:1099E0008368457798472570DCE7DFF8648098F84E
:1099F0000030002BD2D00025DFF858902B4659F8C4
:109A000023400135236820461B69984710B16369DC
:109A10009B68984798F80020EBB29A42EFD8BDE7D0
:109A2000FFF7C6FE0028B7D0AFF30080B4E7002DE3
:109A3000B8D162B6B6E7054B1A60CEE75B6A002084
:109A4000406A0020286700203E6A0020346700201A
:109A50003F6A00203867002070B5EFF3108272B6BD
:109A60000C4C206880B10C4E00254369236073B113
:109A70009D6102B962B6836845779847EFF310821B
:109A800072B620680028F0D102B962B670BD3360AA
:109A9000EFE700BF306700202C670020FFF7DCBF36
:109AA0000449054A4968054B19601368013313607E
:109AB000704700BF001000E0D8680020D468002084
:109AC000A249A34B88422DE9F047A24C5E699A69EE
:109AD000D4F80C801BD9A04B984240F20281C31AE3
:109AE0009E491B0AA1FB031340F22761DB0903EB2C
:109AF000830303EB830303F2E2438B4228BF0B464D
:109B0000A3F54877964BA3FB0737FF0804E0954F72
:109B1000B8428CBF0E2706278D4908F01F09D1F8DF
:109B20008030B94543F0C003C1F880300CD228F032
:109B30001F08A1F5F82148EA0708C1F80C800B6856
:109B4000002BFCDA08F01F0916F0007324D18649B7
:109B50000C698649A14300F0EA8082F480513446C2
:109B60004FF4805514F0605F04D026F060561E4319
:109B7000774B5E6111F4405F07D022F44052744984
:109B80002A438A618B6C1A07FCD446F00076704A2F
:109B90005661936C9B06FCD4754CA04200F2CE80BB
:109BA0004FF0010C0146634603FB011203F1010E65
:109BB0000CF10105A24218D8BEF1080F4FF00103C5
:109BC00040F08D80BCF1040F00F291800A18A2428F
:109BD00000F2A48005FB00F1AC4603F1010E03FB8B
:109BE00001120CF10105A242E6D90CF1FF318C0201
:109BF00086EA81215F4810445F4A90427FD9DFF8AE
:109C0000A4A16C225D48584DB0FBFEF0D5F800E0F1
:109C1000B0FBFCF0DFF890C10EEA0C0CD44509D083
:109C200042F400524FF4805CC5F800C02A602A68F4
:109C3000002AFCDA464A156905F007059D4203D063
:109C40001361936CDD03FCD411F4E05F09D026F4BA
:109C5000E05604F4E0543E4A26435661936C99075B
:109C6000FCD44749474A014491423CD8464BC90974
:109C7000A3FB0131090B4B1E1B0286EA030212F4FF
:109C8000407F06D026F4407603F44073304A3343D5
:109C900053612F4A536923F000735361936C9B0601
:109CA000FCD43A4B4F45A3FB00234FF0FF324FEA61
:109CB0009343B0FBF1F1B2FBF3F3354A1060354A40
:109CC0001160354A136008D228F01F08214A48EA7B
:109CD0000707D7601368002BFCDABDE8F0877346EE
:109CE00062E7122718E74FF440730421C5E70CF12F
:109CF000FF31204807238C02104486EA8121274A3D
:109D0000DFF8A8A0A2FB0020020D2548362A38BFA4
:109D1000362202FB00F042EA0A0A74E74FEA8C247A
:109D2000002386EA8C214FF0010EAC4662E71D4607
:109D300086F0C05411464FF0C05313E700244FF093
:109D4000010C024631462346E64653E700A4781F3D
:109D500000C00F40000008400046C32323B24C005F
:109D60001F85EB5100366E0100800D4040300080B1
:109D7000FFB19F26808D5B00FF7EF64D00643F4D56
:109D80007FD1F0087F17B42C9F10E50083DE1B43C2
:109D90001C0A0020180A00208C680020819F5E1693
:109DA000001BB7006C2000807F3001800020008005
:109DB000074A506A936A19468446506A936A9942E0
:109DC000F9D18445F7D1DB0B43EA4040704700BF2F
:109DD00000400D4088420DD98B1883420AD900EB10
:109DE000020CBAB1624613F801CD02F801CD9942D6
:109DF000F9D170470F2A0ED8034602F1FF3C4AB151
:109E00000CF1010C013B8C4411F8012B03F8012FDC
:109E10006145F9D1704740EA01039B0750D1A2F197
:109E2000100370B501F1200C23F00F0501F1100EA5
:109E300000F11004AC441B095EF8105C44F8105C9F
:109E40005EF80C5C44F80C5C5EF8085C44F8085C56
:109E50005EF8045C44F8045C0EF1100EE64504F173
:109E60001004E9D1013312F00C0F01EB031102F0E1
:109E70000F0400EB031327D0043C24F003064FEA41
:109E8000940C1E441C1F8E465EF8045B44F8045F6D
:109E9000B442F9D10CF1010402F0030203EB840394
:109EA00001EB840102F1FF3C4AB10CF1010C013BD2
:109EB0008C4411F8012B03F8012F6145F9D170BDD5
:109EC00002F1FF3C03469BE72246EBE7830730B5F0
:109ED00048D0541E002A3FD0CAB2034601E0013CDC
:109EE0003AD303F8012B9D07F9D1032C2DD9CDB21C
:109EF00045EA05250F2C45EA054536D9A4F110029F
:109F000022F00F0C03F1200EE6444FEA121C03F17D
:109F1000100242E9045542E9025510327245F8D167
:109F20000CF1010214F00C0F03EB021204F00F0C01
:109F300013D0ACF1040323F003030433134442F8B9
:109F4000045B9342FBD10CF003042CB1C9B21C4456
:109F500003F8011B9C42FBD130BD64461346002C24
:109F6000F4D1F9E703461446BFE71A46A446E0E7F2
:109F700070B50D4E0D4D761BB61006D0002455F869
:109F8000043B01349847A642F9D1094E094D761B8E
:109F900000F08AF8B61006D0002455F8043B0134CE
:109FA0009847A642F9D170BDF01A0060F01A00601F
:109FB000F81A0060F01A00600000000000000000C5
:109FC00090F800F06DE9024520F007016FF0000CF9
:109FD00010F0070491F820F040F049804FF00004A1
:109FE0006FF00700D1E9002391F840F000F108007C
:109FF00082FA4CF2A4FA8CF283FA4CF3A2FA8CF3B4
:10A000004BBBD1E9022382FA4CF200F10800A4FA1A
:10A010008CF283FA4CF3A2FA8CF3E3B9D1E904236E
:10A0200082FA4CF200F10800A4FA8CF283FA4CF3A5
:10A03000A2FA8CF37BB9D1E9062301F1200182FA5F
:10A040004CF200F10800A4FA8CF283FA4CF3A2FA65
:10A050008CF3002BC6D0002A04BF04301A4612BA73
:10A06000B2FA82F2FDE8024500EBD2007047D1E976
:10A07000002304F00305C4F100004FEAC50514F005
:10A08000040F91F840F00CFA05F562EA05021CBFD6
:10A0900063EA050362464FF00004A9E700000000F0
:10A0A0005FF800F0051A00605FF800F0AD1A00607C
:04A0B000F8B500BF40
:10A0B400000000000000000000000000000000009C
:10A0C400000000000000000000000000000000008C
:10A0D400000000000000000000000000000000007C
:10A0E400000000000000000000000000000000006C
:10A0F400000000000000000000000000000000005C
:10A10400000000000000000000000000000000004B
:10A11400000000000000000000000000000000003B
:10A12400000000000000000000000000000000002B
:10A13400000000000000000000000000000000001B
:10A14400000000000000000000000000000000000B
:10A1540000000000000000000000000000000000FB
:10A1640000000000000000000000000000000000EB
:10A1740000000000000000000000000000000000DB
:10A1840000000000000000000000000000000000CB
:10A1940000000000000000000000000000000000BB
:10A1A40000000000000000000000000000000000AB
:10A1B400000000000000000000000000000000009B
:10A1C400000000000000000000000000000000008B
:10A1D400000000000000000000000000000000007B
:10A1E400000000000000000000000000000000006B
:10A1F400000000000000000000000000000000005B
:10A20400000000000000000000000000000000004A
:10A21400000000000000000000000000000000003A
:10A22400000000000000000000000000000000002A
:10A23400000000000000000000000000000000001A
:10A24400000000000000000000000000000000000A
:10A2540000000000000000000000000000000000FA
:10A2640000000000000000000000000000000000EA
:10A2740000000000000000000000000000000000DA
:10A2840000000000000000000000000000000000CA
:10A2940000000000000000000000000000000000BA
:10A2A40000000000000000000000000000000000AA
:10A2B400000000000000000000000000000000009A
:10A2C400000000000000000000000000000000008A
:10A2D400000000000000000000000000000000007A
:10A2E400000000000000000000000000000000006A
:10A2F400000000000000000000000000000000005A
:10A304000000000000000000000000000000000049
:10A314000000000000000000000000000000000039
:10A324000000000000000000000000000000000029
:10A334000000010100010101010201010202010208
:10A3440003010203020204020205020205030206DB
:10A3540003020703020704030704030705040705B0
:10A36400040706050706060706060707070707008A
:10A3740000000000000000000000000800000000D1
:10A3840000000000000000000000000001000000C8
:10A394000300000002000000000000002200000092
:10A3A4008000A0DD22000000801085CD2200000086
:10A3B4008020EABD220000008030CFAD22000000E2
:10A3C4008040349D220000008050118D2200000046
:10A3D40080607E7D2200000080705B6D22000000A2
:10A3E4008080A75D220000008090824D2200000042
:10A3F40080A0ED3D2200000080B0C82D22000000A6
:10A4040080C0331D2200000080D0160D2200000001
:10A4140080E079FD2200000080F05CED4649464F63
:10A4240020456E61626C6564202D2D3E2000000085
:10A43400496E7465727275707420456E61626C65E4
:10A4440064000000496E746572727570742044690A
:10A454007361626C65640000094649464F20466991
:10A464006C7465727320696E207573653A20000000
:10A474000952656D61696E696E67204D61696C6230
:10A484006F7865733A20000009094D42000000000E
:10A4940020636F64653A2052585F494E41435449E2
:10A4A4005645000020636F64653A2052585F454D5D
:10A4B400505459000928457874656E6465642046D3
:10A4C40072616D652900000009285374616E64612E
:10A4D4007264204672616D652900000020636F6418
:10A4E400653A2052585F46554C4C000020636F6417
:10A4F400653A2052585F4F56455252554E0000005F
:10A5040020636F64653A2052585F52414E53574559
:10A514005200000020636F64653A2052585F425530
:10A524005359000020636F64653A2054585F494EC4
:10A53400414354495645000020636F64653A2054F2
:10A54400585F41424F52540020636F64653A20546F
:10A55400585F4441544120285472616E736D69748C
:10A5640074696E672900000028457874656E646517
:10A5740064204672616D65290000000028537461EF
:10A584006E64617264204672616D6529000000008A
:10A594002849443A20307800285061796C6F61640E
:10A5A4003A20000020636F64653A2054585F544198
:10A5B4004E535745520000004649464F20446973A4
:10A5C40061626C65640A094D61696C626F786573D8
:10A5D4003A0A000000000000000000004D4900009D
:10A5E400550100008D3A0000590400005D2200006E
:10A5F4005D04000061040000000000000000000091
:10A6040039400000D1020000813600004D040000F2
:10A61400151F000051040000550400000000000054
:10A6240000000000FD5D000025760000217600009A
:10A634001D76000019760000315F0000355F0000D0
:10A64400157600000000000000000000A15C00007E
:10A65400855E00000D570000655800002D5700006E
:10A66400D157000055570000E958000081580000F8
:10A674000957000000000042C8801F40B8821F40F4
:10A684000800000000000042C4801F40B4821F4044
:10A694000400000000C0004224801F4014821F40B8
:10A6A4001000000000C0004228801F4018821F4094
:10A6B4002000000000C000422C801F401C821F406C
:10A6C4004000000000C0004234801F4024821F402C
:10A6D400000100000040004264811F4054831F4079
:10A6E400000400000040004280811F4070831F402E
:10A6F40000000200004000427C811F406C831F4028
:10A70400000001000040004268811F4058831F4040
:10A7140000080000004000423C811F402C831F4081
:10A72400010000000040004244811F4034831F4068
:10A73400040000000040004240811F4030831F405D
:10A74400020000000040004248811F4038831F403F
:10A75400080000000000004204811F40F4821F40F2
:10A76400000004000000004208811F40F8821F40DE
:10A77400000008000000004218811F4008831F40A9
:10A78400000080000000004214811F4004831F4029
:10A79400000040000000004200811F40F0821F4082
:10A7A4000000020000000042FC801F40EC821F40B9
:10A7B400000001000000004224811F4014831F4058
:10A7C400000000040000004228811F4018831F403D
:10A7D40000000008000000421C811F400C831F4041
:10A7E400000000010000004220811F4010831F4030
:10A7F4000000000200000042EC801F40DC821F4089
:10A804000010000000000042F0801F40E0821F4062
:10A81400002000000000004234811F4024831F40B8
:10A82400000000400000004238811F4028831F4080
:10A83400000000800080004294801F4084821F40FA
:10A844000000040000C0004290801F4080821F402E
:10A854000000008000800042A8801F4098821F40B2
:10A864000000800000800042A4801F4094821F40AA
:10A8740000004000004000426C811F405C831F4088
:10A884000010000000C0004230801F4020821F40A2
:10A894008000000000800042C8811F40B8831F4030
:10A8A4000080000000800042C4811F40B4831F4028
:10A8B4000040000000800042C0811F40B0831F4060
:10A8C4000020000000800042BC811F40AC831F4078
:10A8D4000010000000800042D0811F40C0831F4050
:10A8E4000000020000800042CC811F40BC831F4056
:10A8F4000000010001010004010000040132010113
:10A9040001320201011001010111010101120102D0
:10A914000103020601030106011202020200000102
:10A9240002020001020100010210000102220001E2
:10A9340002230001000000000000000002210001C9
:10A9440002200001000000000000000001300101AD
:10A9540001310101010200040103000400000000B0
:10A96400000000000121020101210101000000009A
:10A9740000000000000000000110020101010201BA
:10A9840001010101010002010100010101020201B2
:10A994000102010153544F434B0000004657440049
:10A9A4003530353000000000373532350000000006
:10A9B400435553544F4D00004154000041542B550E
:10A9C4004152543D31393230302C302C30000000AB
:10A9D40041542B4E414D453D4F70656E48616C644A
:10A9E400657854340000000041542B524F4C453DCF
:10A9F4003000000041542B434D4F44453D3000008E
:10AA040041542B434C4153533D30000041542B528D
:10AA14004D4141440000000041542B5245534554DC
:10AA24000000000000010000F00A002012000000F5
:10AA340000060000F41B00600A0000000002000091
:10AA4400901B006062000000000700002C1B0060E7
:10AA540062000000EE0300002C0D00201200000034
:10AA6400000004EE040D0020280000000003000094
:10AA7400281B00600000000001030904101B006093
:10AA84000000000002030904F81A0060000000003E
:10AA940003030904400D0020000000000000000032
:10AAA4000000000000000000080900200C0900203C
:10AAB4002009002038090020440900205009002002
:10AAC4005C090020680900200029DE07007B9A1732
:10AAD4007405002000000000E803000000000000EE
:10AAE4009C05002000000000E803000000000000B6
:10AAF40000001940900A002000000000F8660020C1
:10AB0400B8660020000000000000000028000000DB
:10AB14004000000028000000400000000000000089
:10AB24000000000000000000000000000000000021
:10AB34000000000000000000000000000000000011
:10AB440001170000F15D0000000000006CC00F4020
:10AB540000000003070000000200000040851F40C1
:10AB640002000000FF000000FF00000000000000E1
:10AB740000000000080000000200000044851F409F
:10AB840002000000FF000000FF00000000000000C1
:10AB940000000000FF004000260018007A000000BA
:10ABA40012010002EF020140C0168304790201027F
:10ABB40003010000396500003965000039650000B3
:10ABC4003965000039650000396500003965000009
:10ABD40039650000396500003965000039650000F9
:10ABE40039650000396500003965000039650000E9
:10ABF40039650000396500003965000039650000D9
:10AC040039650000396500003965000039650000C8
:10AC140039650000396500003965000039650000B8
:10AC240039650000396500003965000039650000A8
:10AC34003965000039650000396500003965000098
:10AC44003965000039650000396500003965000088
:10AC54003965000039650000396500003965000078
:10AC64003965000039650000396500003965000068
:10AC74003965000039650000396500003965000058
:10AC84003965000039650000396500003965000048
:10AC94003965000039650000396500003965000038
:10ACA4003965000039650000396500003965000028
:10ACB4003965000039650000396500003965000018
:10ACC4003965000039650000396500003965000008
:10ACD40039650000396500003965000039650000F8
:10ACE40039650000396500003965000039650000E8
:10ACF40039650000396500003965000039650000D8
:10AD040039650000396500003965000039650000C7
:10AD140039650000396500003965000039650000B7
:10AD240039650000396500003965000039650000A7
:10AD34003965000039650000396500003965000097
:10AD44003965000039650000396500003965000087
:10AD54003965000039650000396500003965000077
:10AD64003965000039650000396500003965000067
:10AD74003965000039650000396500003965000057
:10AD84003965000039650000396500003965000047
:10AD94003965000039650000396500003965000037
:10ADA4003965000039650000396500003965000027
:10ADB40039650000280000000001040001000000C3
:10ADC40000000000020157494E55534200000000A4
:10ADD40000000000000000000000000012034D000D
:10ADE400530046005400310030003000F8000000E9
:10ADF4000C03000000000000000000000000000040
:10AE04000000000000000A03080000000000000029
:10AE1400000000000000000000000000000000002E
:10AE2400000000000000000000000000000000001E
:10AE3400000000000000000000000000000000000E
:10AE440000000000000000000000000000000000FE
:10AE540000000000000000000000000000000000EE
:10AE640000000000000000000000000000000000DE
:10AE740000000000000000000000000000000000CE
:10AE840000000000000000000000000000000000BE
:10AE940000000000000000000000000000000000AE
:10AEA400000000000000000000000000000000009E
:10AEB400000000000000000000000000000000008E
:10AEC400000000000000000000000000000000007E
:10AED400000000000000000000000000000000006E
:10AEE400000000000000000000000000000000005E
:10AEF400000000000000000000000000000000004E
:10AF0400000000000000000000000000000000003D
:10AF1400000000000000000000000000000000002D
:10AF2400000000000000000000000000000000001D
:10AF3400000000000000000000000000000000000D
:10AF440000000000000000000000000000000000FD
:10AF540000000000000000000000000000000000ED
:10AF640000000000000000000000000000000000DD
:10AF740000000000000000000000000000000000CD
:10AF840000000000000000000000000000000000BD
:10AF940000000000000000000000000000000000AD
:10AFA400000000000000000000000000000000009D
:10AFB400000000000000000000000000000000008D
:10AFC400000000000000000000000000000000007D
:10AFD400000000000000000000000000000000006D
:10AFE400000000000000000000000000000000005D
:10AFF400000000000000000000000000000000004D
:10B00400000000000000000000000000000000003C
:10B01400000000000000000000000000000000002C
:10B02400000000000000000000000000000000001C
:10B03400000000000000000000000000000000000C
:10B0440000000000000000000000000000000000FC
:10B0540000000000000000000000000000000000EC
:10B0640000000000000000000000000000000000DC
:10B0740000000000000000000000000000000000CC
:10B0840000000000000000000000000000000000BC
:10B0940000000000000000000000000000000000AC
:10B0A400000000000000000000000000000000009C
:10B0B400000000000000000000000000000000008C
:10B0C400000000000000000000000000000000007C
:10B0D400000000000000000000000000000000006C
:10B0E400000000000000000000000000000000005C
:10B0F400000000000000000000000000000000004C
:10B10400000000000000000000000000000000003B
:10B11400000000000000000000000000000000002B
:10B12400000000000000000000000000000000001B
:10B13400000000000000000000000000000000000B
:10B1440000000000000000000000000000000000FB
:10B1540000000000000000000000000000000000EB
:10B1640000000000000000000000000000000000DB
:10B1740000000000000000000000000000000000CB
:10B1840000000000000000000000000000000000BB
:10B1940000000000000000000000000000000000AB
:10B1A400000000000000000000000000000000009B
:10B1B400000000000000000000000000000000008B
:10B1C400000000000000000000000000000000007B
:10B1D400000000000000000000000000000000006B
:10B1E400000000000000000000000000000000005B
:10B1F400000000000000000000000000000000004B
:10B20400000000000000000000000000000000003A
:10B21400000000000000000000000000000000002A
:10B22400000000000000000000000000000000001A
:10B23400000000000000000000000000000000000A
:10B2440000000000000000000000000000000000FA
:10B2540000000000000000000000000000000000EA
:10B2640000000000000000000000000000000000DA
:10B2740000000000000000000000000000000000CA
:10B2840000000000000000000000000000000000BA
:10B2940000000000000000000000000000000000AA
:10B2A400000000000000000000000000000000009A
:10B2B400000000000000000000000000000000008A
:10B2C400000000000000000000000000000000007A
:10B2D400000000000000000000000000000000006A
:10B2E400000000000000000000000000000000005A
:10B2F400000000000000000000000000000000004A
:10B304000000000000000000000000000000000039
:10B314000000000000000000000000000000000029
:10B324000000000000000000000000000000000019
:10B334000000000000000000000000000000000009
:10B3440000000000000000000000000000000000F9
:10B3540000000000000000000000000000000000E9
:10B3640000000000000000000000000000000000D9
:10B37400FFFFFFFFFFFFFFFFFFFFFFFFFFFFFFFFD9
:10B38400FFFFFFFFFFFFFFFFFFFFFFFFFFFFFFFFC9
:10B39400FFFFFFFFFFFFFFFFFFFFFFFFFFFFFFFFB9
:10B3A400FFFFFFFFFFFFFFFFFFFFFFFFFFFFFFFFA9
:10B3B400FFFFFFFFFFFFFFFFFFFFFFFFFFFFFFFF99
:10B3C400FFFFFFFFFFFFFFFFFFFFFFFFFFFFFFFF89
:10B3D400FFFFFFFFFFFFFFFFFFFFFFFFFFFFFFFF79
:10B3E400FFFFFFFFFFFFFFFFFFFFFFFFFFFFFFFF69
:10B3F400FFFFFFFFFFFFFFFFFFFFFFFF0000000055
:10B404000000000000000000000000000000000038
:10B414000000000000000000000000000000000028
:10B424000000000000000000000000000000000018
:10B434000000000000000000000000000000000008
:10B4440000000000000000000000000000000000F8
:10B4540000000000000000000000000000000000E8
:10B4640000000000000000000000000000000000D8
:10B4740000000000000000000000000000000000C8
:10B4840000000000000000000000000000000000B8
:10B4940000000000000000000000000000000000A8
:10B4A4000000000000000000000000000000000098
:10B4B4000000000000000000000000000000000088
:10B4C4000000000000000000000000000000000078
:10B4D4000000000000000000000000000000000068
:10B4E4000000000000000000000000000000000058
:10B4F4000000000000000000000000000000000048
:10B504000000000000000000000000000000000037
:10B514000000000000000000000000000000000027
:10B524000000000000000000000000000000000017
:10B534000000000000000000000000000000000007
:10B5440000000000000000000000000000000000F7
:10B5540000000000000000000000000000000000E7
:10B5640000000000000000000000000000000000D7
:10B5740000000000000000000000000000000000C7
:10B5840000000000000000000000000000000000B7
:10B5940000000000000000000000000000000000A7
:10B5A4000000000000000000000000000000000097
:10B5B4000000000000000000000000000000000087
:10B5C4000000000000000000000000000000000077
:10B5D4000000000000000000000000000000000067
:10B5E4000000000000000000000000000000000057
:10B5F4000000000000000000000000000000000047
:10B604000000000000000000000000000000000036
:10B614000000000000000000000000000000000026
:10B624000000000000000000000000000000000016
:10B634000000000000000000000000000000000006
:10B6440000000000000000000000000000000000F6
:10B6540000000000000000000000000000000000E6
:10B6640000000000000000000000000000000000D6
:10B6740000000000000000000000000000000000C6
:10B6840000000000000000000000000000000000B6
:10B6940000000000000000000000000000000000A6
:10B6A4000000000000000000000000000000000096
:10B6B4000000000000000000000000000000000086
:10B6C4000000000000000000000000000000000076
:10B6D4000000000000000000000000000000000066
:10B6E4000000000000000000000000000000000056
:10B6F4000000000000000000000000000000000046
:10B704000000000000000000000000000000000035
:10B714000000000000000000000000000000000025
:10B724000000000000000000000000000000000015
:10B734000000000000000000000000000000000005
:10B7440000000000000000000000000000000000F5
:10B7540000000000000000000000000000000000E5
:10B7640000000000000000000000000000000000D5
:10B7740000000000000000000000000000000000C5
:10B7840000000000000000000000000000000000B5
:10B7940000000000000000000000000000000000A5
:10B7A4000000000000000000000000000000000095
:10B7B4000000000000000000000000000000000085
:10B7C4000000000000000000000000000000000075
:10B7D4000000000000000000000000000000000065
:10B7E4000000000000000000000000000000000055
:10B7F4000000000000000000000000000000000045
:10B804000000000000000000000000000000000034
:10B814000000000000000000000000000000000024
:10B824000000000000000000000000000000000014
:10B834000000000000000000000000000000000004
:10B8440000000000000000000000000000000000F4
:10B8540000000000000000000000000000000000E4
:10B8640000000000000000000000000000000000D4
:10B8740000000000000000000000000000000000C4
:10B8840000000000000000000000000000000000B4
:10B8940000000000000000000000000000000000A4
:10B8A4000000000000000000000000000000000094
:10B8B4000000000000000000000000000000000084
:10B8C4000000000000000000000000000000000074
:10B8D4000000000000000000000000000000000064
:10B8E4000000000000000000000000000000000054
:10B8F4000000000000000000000000000000000044
:10B904000000000000000000000000000000000033
:10B914000000000000000000000000000000000023
:10B924000000000000000000000000000000000013
:10B934000000000000000000000000000000000003
:10B9440000000000000000000000000000000000F3
:10B9540000000000000000000000000000000000E3
:10B9640000000000000000000000000000000000D3
:10B9740000000000000000000000000000000000C3
:10B9840000000000000000000000000000000000B3
:10B9940000000000000000000000000000000000A3
:10B9A4000000000000000000000000000000000093
:10B9B4000000000000000000000000000000000083
:10B9C4000000000000000000000000000000000073
:10B9D4000000000000000000000000000000000063
:10B9E4000000000000000000000000000000000053
:10B9F4000000000000000000000000000000000043
:10BA04000000000000000000000000000000000032
:10BA14000000000000000000000000000000000022
:10BA24000000000000000000000000000000000012
:10BA34000000000000000000000000000000000002
:10BA440000000000000000000000000000000000F2
:10BA540000000000000000000000000000000000E2
:10BA640000000000000000000000000000000000D2
:10BA740000000000000000000000000000000000C2
:10BA840000000000000000000000000000000000B2
:10BA940000000000000000000000000000000000A2
:10BAA4000000000000000000000000000000000092
:10BAB4000000000000000000000000000000000082
:10BAC4000000000000000000000000000000000072
:10BAD4000000000000000000000000000000000062
:10BAE4000000000000000000000000000000000052
:10BAF4000000000000000000000000000000000042
:10BB04000000000000000000000000000000000031
:10BB14000000000000000000000000000000000021
:10BB24000000000000000000000000000000000011
:10BB34000000000000000000000000000000000001
:10BB440000000000000000000000000000000000F1
:10BB540000000000000000000000000000000000E1
:10BB640000000000000000000000000000000000D1
:10BB740000000000000000000000000000000000C1
:10BB840000000000000000000000000000000000B1
:10BB940000000000000000000000000000000000A1
:10BBA4000000000000000000000000000000000091
:10BBB4000000000000000000000000000000000081
:10BBC4000000000000000000000000000000000071
:10BBD4000000000000000000000000000000000061
:10BBE4000000000000000000000000000000000051
:10BBF4000000000000000000000000000000000041
:10BC04000000000000000000000000000000000030
:10BC14000000000000000000000000000000000020
:10BC24000000000000000000000000000000000010
:10BC34000000000000000000000000000000000000
:10BC440000000000000000000000000000000000F0
:10BC540000000000000000000000000000000000E0
:10BC640000000000000000000000000000000000D0
:10BC740000000000000000000000000000000000C0
:10BC840000000000000000000000000000000000B0
:10BC940000000000000000000000000000000000A0
:10BCA4000000000000000000000000000000000090
:10BCB4000000000000000000000000000000000080
:10BCC4000000000000000000000000000000000070
:10BCD4000000000000000000000000000000000060
:10BCE4000000000000000000000000000000000050
:10BCF4000000000000000000000000000000000040
:10BD0400000000000000000000000000000000002F
:10BD1400000000000000000000000000000000001F
:10BD2400000000000000000000000000000000000F
:10BD340000000000000000000000000000000000FF
:10BD440000000000000000000000000000000000EF
:10BD540000000000000000000000000000000000DF
:10BD640000000000000000000000000000000000CF
:10BD740000000000000000000000000000000000BF
:10BD840000000000000000000000000000000000AF
:10BD9400000000000000000000000000000000009F
:10BDA400000000000000000000000000000000008F
:10BDB400000000000000000000000000000000007F
:10BDC400000000000000000000000000000000006F
:10BDD400000000000000000000000000000000005F
:10BDE400000000000000000000000000000000004F
:10BDF400000000000000000000000000000000003F
:10BE0400000000000000000000000000000000002E
:10BE1400000000000000000000000000000000001E
:10BE2400000000000000000000000000000000000E
:10BE340000000000000000000000000000000000FE
:10BE440000000000000000000000000000000000EE
:10BE540000000000000000000000000000000000DE
:10BE640000000000000000000000000000000000CE
:10BE740000000000000000000000000000000000BE
:10BE840000000000000000000000000000000000AE
:10BE9400000000000000000000000000000000009E
:10BEA400000000000000000000000000000000008E
:10BEB400000000000000000000000000000000007E
:10BEC400000000000000000000000000000000006E
:10BED400000000000000000000000000000000005E
:10BEE400000000000000000000000000000000004E
:10BEF400000000000000000000000000000000003E
:10BF0400000000000000000000000000000000002D
:10BF1400000000000000000000000000000000001D
:10BF2400000000000000000000000000000000000D
:10BF340000000000000000000000000000000000FD
:10BF440000000000000000000000000000000000ED
:10BF540000000000000000000000000000000000DD
:10BF640000000000000000000000000000000000CD
:10BF740000000000000000000000000000000000BD
:10BF840000000000000000000000000000000000AD
:10BF9400000000000000000000000000000000009D
:10BFA400000000000000000000000000000000008D
:10BFB400000000000000000000000000000000007D
:10BFC400000000000000000000000000000000006D
:10BFD400000000000000000000000000000000005D
:10BFE400000000000000000000000000000000004D
:0CBFF40000000000000000000000000041
:040000056000100087
:00000001FF
