:0200000460009A
:100000004643464200000156000000000103030081
:1000100000000000000000000000000000000000E0
:1000200000000000000000000000000000000000D0
:1000300000000000000000000000000000000000C0
:1000400000000000010408000000000000000000A3
:100050000000200000000000000000000000000080
:100060000000000000000000000000000000000090
:100070000000000000000000000000000000000080
:10008000EB04180A063204260000000000000000FD
:10009000050404240000000000000000000000002F
:1000A0000000000000000000000000000000000050
:1000B0000604000000000000000000000000000036
:1000C0000000000000000000000000000000000030
:1000D00020041808000000000000000000000000DC
:1000E0000000000000000000000000000000000010
:1000F0000000000000000000000000000000000000
:10010000D8041808000000000000000000000000F3
:100110000204180804200000000000000000000095
:1001200000000000000000000000000000000000CF
:10013000600400000000000000000000000000005B
:1001400000000000000000000000000000000000AF
:10015000000000000000000000000000000000009F
:10016000000000000000000000000000000000008F
:10017000000000000000000000000000000000007F
:10018000000000000000000000000000000000006F
:10019000000000000000000000000000000000005F
:1001A000000000000000000000000000000000004F
:1001B000000000000000000000000000000000003F
:1001C000000100000010000001000000000000001D
:1001D000000001000000000000000000000000001E
:1001E000000000000000000000000000000000000F
:1001F00000000000000000000000000000000000FF
:10020000FFFFFFFFFFFFFFFFFFFFFFFFFFFFFFFFFE
:10021000FFFFFFFFFFFFFFFFFFFFFFFFFFFFFFFFEE
:10022000FFFFFFFFFFFFFFFFFFFFFFFFFFFFFFFFDE
:10023000FFFFFFFFFFFFFFFFFFFFFFFFFFFFFFFFCE
:10024000FFFFFFFFFFFFFFFFFFFFFFFFFFFFFFFFBE
:10025000FFFFFFFFFFFFFFFFFFFFFFFFFFFFFFFFAE
:10026000FFFFFFFFFFFFFFFFFFFFFFFFFFFFFFFF9E
:10027000FFFFFFFFFFFFFFFFFFFFFFFFFFFFFFFF8E
:10028000FFFFFFFFFFFFFFFFFFFFFFFFFFFFFFFF7E
:10029000FFFFFFFFFFFFFFFFFFFFFFFFFFFFFFFF6E
:1002A000FFFFFFFFFFFFFFFFFFFFFFFFFFFFFFFF5E
:1002B000FFFFFFFFFFFFFFFFFFFFFFFFFFFFFFFF4E
:1002C000FFFFFFFFFFFFFFFFFFFFFFFFFFFFFFFF3E
:1002D000FFFFFFFFFFFFFFFFFFFFFFFFFFFFFFFF2E
:1002E000FFFFFFFFFFFFFFFFFFFFFFFFFFFFFFFF1E
:1002F000FFFFFFFFFFFFFFFFFFFFFFFFFFFFFFFF0E
:10030000FFFFFFFFFFFFFFFFFFFFFFFFFFFFFFFFFD
:10031000FFFFFFFFFFFFFFFFFFFFFFFFFFFFFFFFED
:10032000FFFFFFFFFFFFFFFFFFFFFFFFFFFFFFFFDD
:10033000FFFFFFFFFFFFFFFFFFFFFFFFFFFFFFFFCD
:10034000FFFFFFFFFFFFFFFFFFFFFFFFFFFFFFFFBD
:10035000FFFFFFFFFFFFFFFFFFFFFFFFFFFFFFFFAD
:10036000FFFFFFFFFFFFFFFFFFFFFFFFFFFFFFFF9D
:10037000FFFFFFFFFFFFFFFFFFFFFFFFFFFFFFFF8D
:10038000FFFFFFFFFFFFFFFFFFFFFFFFFFFFFFFF7D
:10039000FFFFFFFFFFFFFFFFFFFFFFFFFFFFFFFF6D
:1003A000FFFFFFFFFFFFFFFFFFFFFFFFFFFFFFFF5D
:1003B000FFFFFFFFFFFFFFFFFFFFFFFFFFFFFFFF4D
:1003C000FFFFFFFFFFFFFFFFFFFFFFFFFFFFFFFF3D
:1003D000FFFFFFFFFFFFFFFFFFFFFFFFFFFFFFFF2D
:1003E000FFFFFFFFFFFFFFFFFFFFFFFFFFFFFFFF1D
:1003F000FFFFFFFFFFFFFFFFFFFFFFFFFFFFFFFF0D
:10040000FFFFFFFFFFFFFFFFFFFFFFFFFFFFFFFFFC
:10041000FFFFFFFFFFFFFFFFFFFFFFFFFFFFFFFFEC
:10042000FFFFFFFFFFFFFFFFFFFFFFFFFFFFFFFFDC
:10043000FFFFFFFFFFFFFFFFFFFFFFFFFFFFFFFFCC
:10044000FFFFFFFFFFFFFFFFFFFFFFFFFFFFFFFFBC
:10045000FFFFFFFFFFFFFFFFFFFFFFFFFFFFFFFFAC
:10046000FFFFFFFFFFFFFFFFFFFFFFFFFFFFFFFF9C
:10047000FFFFFFFFFFFFFFFFFFFFFFFFFFFFFFFF8C
:10048000FFFFFFFFFFFFFFFFFFFFFFFFFFFFFFFF7C
:10049000FFFFFFFFFFFFFFFFFFFFFFFFFFFFFFFF6C
:1004A000FFFFFFFFFFFFFFFFFFFFFFFFFFFFFFFF5C
:1004B000FFFFFFFFFFFFFFFFFFFFFFFFFFFFFFFF4C
:1004C000FFFFFFFFFFFFFFFFFFFFFFFFFFFFFFFF3C
:1004D000FFFFFFFFFFFFFFFFFFFFFFFFFFFFFFFF2C
:1004E000FFFFFFFFFFFFFFFFFFFFFFFFFFFFFFFF1C
:1004F000FFFFFFFFFFFFFFFFFFFFFFFFFFFFFFFF0C
:10050000FFFFFFFFFFFFFFFFFFFFFFFFFFFFFFFFFB
:10051000FFFFFFFFFFFFFFFFFFFFFFFFFFFFFFFFEB
:10052000FFFFFFFFFFFFFFFFFFFFFFFFFFFFFFFFDB
:10053000FFFFFFFFFFFFFFFFFFFFFFFFFFFFFFFFCB
:10054000FFFFFFFFFFFFFFFFFFFFFFFFFFFFFFFFBB
:10055000FFFFFFFFFFFFFFFFFFFFFFFFFFFFFFFFAB
:10056000FFFFFFFFFFFFFFFFFFFFFFFFFFFFFFFF9B
:10057000FFFFFFFFFFFFFFFFFFFFFFFFFFFFFFFF8B
:10058000FFFFFFFFFFFFFFFFFFFFFFFFFFFFFFFF7B
:10059000FFFFFFFFFFFFFFFFFFFFFFFFFFFFFFFF6B
:1005A000FFFFFFFFFFFFFFFFFFFFFFFFFFFFFFFF5B
:1005B000FFFFFFFFFFFFFFFFFFFFFFFFFFFFFFFF4B
:1005C000FFFFFFFFFFFFFFFFFFFFFFFFFFFFFFFF3B
:1005D000FFFFFFFFFFFFFFFFFFFFFFFFFFFFFFFF2B
:1005E000FFFFFFFFFFFFFFFFFFFFFFFFFFFFFFFF1B
:1005F000FFFFFFFFFFFFFFFFFFFFFFFFFFFFFFFF0B
:10060000FFFFFFFFFFFFFFFFFFFFFFFFFFFFFFFFFA
:10061000FFFFFFFFFFFFFFFFFFFFFFFFFFFFFFFFEA
:10062000FFFFFFFFFFFFFFFFFFFFFFFFFFFFFFFFDA
:10063000FFFFFFFFFFFFFFFFFFFFFFFFFFFFFFFFCA
:10064000FFFFFFFFFFFFFFFFFFFFFFFFFFFFFFFFBA
:10065000FFFFFFFFFFFFFFFFFFFFFFFFFFFFFFFFAA
:10066000FFFFFFFFFFFFFFFFFFFFFFFFFFFFFFFF9A
:10067000FFFFFFFFFFFFFFFFFFFFFFFFFFFFFFFF8A
:10068000FFFFFFFFFFFFFFFFFFFFFFFFFFFFFFFF7A
:10069000FFFFFFFFFFFFFFFFFFFFFFFFFFFFFFFF6A
:1006A000FFFFFFFFFFFFFFFFFFFFFFFFFFFFFFFF5A
:1006B000FFFFFFFFFFFFFFFFFFFFFFFFFFFFFFFF4A
:1006C000FFFFFFFFFFFFFFFFFFFFFFFFFFFFFFFF3A
:1006D000FFFFFFFFFFFFFFFFFFFFFFFFFFFFFFFF2A
:1006E000FFFFFFFFFFFFFFFFFFFFFFFFFFFFFFFF1A
:1006F000FFFFFFFFFFFFFFFFFFFFFFFFFFFFFFFF0A
:10070000FFFFFFFFFFFFFFFFFFFFFFFFFFFFFFFFF9
:10071000FFFFFFFFFFFFFFFFFFFFFFFFFFFFFFFFE9
:10072000FFFFFFFFFFFFFFFFFFFFFFFFFFFFFFFFD9
:10073000FFFFFFFFFFFFFFFFFFFFFFFFFFFFFFFFC9
:10074000FFFFFFFFFFFFFFFFFFFFFFFFFFFFFFFFB9
:10075000FFFFFFFFFFFFFFFFFFFFFFFFFFFFFFFFA9
:10076000FFFFFFFFFFFFFFFFFFFFFFFFFFFFFFFF99
:10077000FFFFFFFFFFFFFFFFFFFFFFFFFFFFFFFF89
:10078000FFFFFFFFFFFFFFFFFFFFFFFFFFFFFFFF79
:10079000FFFFFFFFFFFFFFFFFFFFFFFFFFFFFFFF69
:1007A000FFFFFFFFFFFFFFFFFFFFFFFFFFFFFFFF59
:1007B000FFFFFFFFFFFFFFFFFFFFFFFFFFFFFFFF49
:1007C000FFFFFFFFFFFFFFFFFFFFFFFFFFFFFFFF39
:1007D000FFFFFFFFFFFFFFFFFFFFFFFFFFFFFFFF29
:1007E000FFFFFFFFFFFFFFFFFFFFFFFFFFFFFFFF19
:1007F000FFFFFFFFFFFFFFFFFFFFFFFFFFFFFFFF09
:10080000FFFFFFFFFFFFFFFFFFFFFFFFFFFFFFFFF8
:10081000FFFFFFFFFFFFFFFFFFFFFFFFFFFFFFFFE8
:10082000FFFFFFFFFFFFFFFFFFFFFFFFFFFFFFFFD8
:10083000FFFFFFFFFFFFFFFFFFFFFFFFFFFFFFFFC8
:10084000FFFFFFFFFFFFFFFFFFFFFFFFFFFFFFFFB8
:10085000FFFFFFFFFFFFFFFFFFFFFFFFFFFFFFFFA8
:10086000FFFFFFFFFFFFFFFFFFFFFFFFFFFFFFFF98
:10087000FFFFFFFFFFFFFFFFFFFFFFFFFFFFFFFF88
:10088000FFFFFFFFFFFFFFFFFFFFFFFFFFFFFFFF78
:10089000FFFFFFFFFFFFFFFFFFFFFFFFFFFFFFFF68
:1008A000FFFFFFFFFFFFFFFFFFFFFFFFFFFFFFFF58
:1008B000FFFFFFFFFFFFFFFFFFFFFFFFFFFFFFFF48
:1008C000FFFFFFFFFFFFFFFFFFFFFFFFFFFFFFFF38
:1008D000FFFFFFFFFFFFFFFFFFFFFFFFFFFFFFFF28
:1008E000FFFFFFFFFFFFFFFFFFFFFFFFFFFFFFFF18
:1008F000FFFFFFFFFFFFFFFFFFFFFFFFFFFFFFFF08
:10090000FFFFFFFFFFFFFFFFFFFFFFFFFFFFFFFFF7
:10091000FFFFFFFFFFFFFFFFFFFFFFFFFFFFFFFFE7
:10092000FFFFFFFFFFFFFFFFFFFFFFFFFFFFFFFFD7
:10093000FFFFFFFFFFFFFFFFFFFFFFFFFFFFFFFFC7
:10094000FFFFFFFFFFFFFFFFFFFFFFFFFFFFFFFFB7
:10095000FFFFFFFFFFFFFFFFFFFFFFFFFFFFFFFFA7
:10096000FFFFFFFFFFFFFFFFFFFFFFFFFFFFFFFF97
:10097000FFFFFFFFFFFFFFFFFFFFFFFFFFFFFFFF87
:10098000FFFFFFFFFFFFFFFFFFFFFFFFFFFFFFFF77
:10099000FFFFFFFFFFFFFFFFFFFFFFFFFFFFFFFF67
:1009A000FFFFFFFFFFFFFFFFFFFFFFFFFFFFFFFF57
:1009B000FFFFFFFFFFFFFFFFFFFFFFFFFFFFFFFF47
:1009C000FFFFFFFFFFFFFFFFFFFFFFFFFFFFFFFF37
:1009D000FFFFFFFFFFFFFFFFFFFFFFFFFFFFFFFF27
:1009E000FFFFFFFFFFFFFFFFFFFFFFFFFFFFFFFF17
:1009F000FFFFFFFFFFFFFFFFFFFFFFFFFFFFFFFF07
:100A0000FFFFFFFFFFFFFFFFFFFFFFFFFFFFFFFFF6
:100A1000FFFFFFFFFFFFFFFFFFFFFFFFFFFFFFFFE6
:100A2000FFFFFFFFFFFFFFFFFFFFFFFFFFFFFFFFD6
:100A3000FFFFFFFFFFFFFFFFFFFFFFFFFFFFFFFFC6
:100A4000FFFFFFFFFFFFFFFFFFFFFFFFFFFFFFFFB6
:100A5000FFFFFFFFFFFFFFFFFFFFFFFFFFFFFFFFA6
:100A6000FFFFFFFFFFFFFFFFFFFFFFFFFFFFFFFF96
:100A7000FFFFFFFFFFFFFFFFFFFFFFFFFFFFFFFF86
:100A8000FFFFFFFFFFFFFFFFFFFFFFFFFFFFFFFF76
:100A9000FFFFFFFFFFFFFFFFFFFFFFFFFFFFFFFF66
:100AA000FFFFFFFFFFFFFFFFFFFFFFFFFFFFFFFF56
:100AB000FFFFFFFFFFFFFFFFFFFFFFFFFFFFFFFF46
:100AC000FFFFFFFFFFFFFFFFFFFFFFFFFFFFFFFF36
:100AD000FFFFFFFFFFFFFFFFFFFFFFFFFFFFFFFF26
:100AE000FFFFFFFFFFFFFFFFFFFFFFFFFFFFFFFF16
:100AF000FFFFFFFFFFFFFFFFFFFFFFFFFFFFFFFF06
:100B0000FFFFFFFFFFFFFFFFFFFFFFFFFFFFFFFFF5
:100B1000FFFFFFFFFFFFFFFFFFFFFFFFFFFFFFFFE5
:100B2000FFFFFFFFFFFFFFFFFFFFFFFFFFFFFFFFD5
:100B3000FFFFFFFFFFFFFFFFFFFFFFFFFFFFFFFFC5
:100B4000FFFFFFFFFFFFFFFFFFFFFFFFFFFFFFFFB5
:100B5000FFFFFFFFFFFFFFFFFFFFFFFFFFFFFFFFA5
:100B6000FFFFFFFFFFFFFFFFFFFFFFFFFFFFFFFF95
:100B7000FFFFFFFFFFFFFFFFFFFFFFFFFFFFFFFF85
:100B8000FFFFFFFFFFFFFFFFFFFFFFFFFFFFFFFF75
:100B9000FFFFFFFFFFFFFFFFFFFFFFFFFFFFFFFF65
:100BA000FFFFFFFFFFFFFFFFFFFFFFFFFFFFFFFF55
:100BB000FFFFFFFFFFFFFFFFFFFFFFFFFFFFFFFF45
:100BC000FFFFFFFFFFFFFFFFFFFFFFFFFFFFFFFF35
:100BD000FFFFFFFFFFFFFFFFFFFFFFFFFFFFFFFF25
:100BE000FFFFFFFFFFFFFFFFFFFFFFFFFFFFFFFF15
:100BF000FFFFFFFFFFFFFFFFFFFFFFFFFFFFFFFF05
:100C0000FFFFFFFFFFFFFFFFFFFFFFFFFFFFFFFFF4
:100C1000FFFFFFFFFFFFFFFFFFFFFFFFFFFFFFFFE4
:100C2000FFFFFFFFFFFFFFFFFFFFFFFFFFFFFFFFD4
:100C3000FFFFFFFFFFFFFFFFFFFFFFFFFFFFFFFFC4
:100C4000FFFFFFFFFFFFFFFFFFFFFFFFFFFFFFFFB4
:100C5000FFFFFFFFFFFFFFFFFFFFFFFFFFFFFFFFA4
:100C6000FFFFFFFFFFFFFFFFFFFFFFFFFFFFFFFF94
:100C7000FFFFFFFFFFFFFFFFFFFFFFFFFFFFFFFF84
:100C8000FFFFFFFFFFFFFFFFFFFFFFFFFFFFFFFF74
:100C9000FFFFFFFFFFFFFFFFFFFFFFFFFFFFFFFF64
:100CA000FFFFFFFFFFFFFFFFFFFFFFFFFFFFFFFF54
:100CB000FFFFFFFFFFFFFFFFFFFFFFFFFFFFFFFF44
:100CC000FFFFFFFFFFFFFFFFFFFFFFFFFFFFFFFF34
:100CD000FFFFFFFFFFFFFFFFFFFFFFFFFFFFFFFF24
:100CE000FFFFFFFFFFFFFFFFFFFFFFFFFFFFFFFF14
:100CF000FFFFFFFFFFFFFFFFFFFFFFFFFFFFFFFF04
:100D0000FFFFFFFFFFFFFFFFFFFFFFFFFFFFFFFFF3
:100D1000FFFFFFFFFFFFFFFFFFFFFFFFFFFFFFFFE3
:100D2000FFFFFFFFFFFFFFFFFFFFFFFFFFFFFFFFD3
:100D3000FFFFFFFFFFFFFFFFFFFFFFFFFFFFFFFFC3
:100D4000FFFFFFFFFFFFFFFFFFFFFFFFFFFFFFFFB3
:100D5000FFFFFFFFFFFFFFFFFFFFFFFFFFFFFFFFA3
:100D6000FFFFFFFFFFFFFFFFFFFFFFFFFFFFFFFF93
:100D7000FFFFFFFFFFFFFFFFFFFFFFFFFFFFFFFF83
:100D8000FFFFFFFFFFFFFFFFFFFFFFFFFFFFFFFF73
:100D9000FFFFFFFFFFFFFFFFFFFFFFFFFFFFFFFF63
:100DA000FFFFFFFFFFFFFFFFFFFFFFFFFFFFFFFF53
:100DB000FFFFFFFFFFFFFFFFFFFFFFFFFFFFFFFF43
:100DC000FFFFFFFFFFFFFFFFFFFFFFFFFFFFFFFF33
:100DD000FFFFFFFFFFFFFFFFFFFFFFFFFFFFFFFF23
:100DE000FFFFFFFFFFFFFFFFFFFFFFFFFFFFFFFF13
:100DF000FFFFFFFFFFFFFFFFFFFFFFFFFFFFFFFF03
:100E0000FFFFFFFFFFFFFFFFFFFFFFFFFFFFFFFFF2
:100E1000FFFFFFFFFFFFFFFFFFFFFFFFFFFFFFFFE2
:100E2000FFFFFFFFFFFFFFFFFFFFFFFFFFFFFFFFD2
:100E3000FFFFFFFFFFFFFFFFFFFFFFFFFFFFFFFFC2
:100E4000FFFFFFFFFFFFFFFFFFFFFFFFFFFFFFFFB2
:100E5000FFFFFFFFFFFFFFFFFFFFFFFFFFFFFFFFA2
:100E6000FFFFFFFFFFFFFFFFFFFFFFFFFFFFFFFF92
:100E7000FFFFFFFFFFFFFFFFFFFFFFFFFFFFFFFF82
:100E8000FFFFFFFFFFFFFFFFFFFFFFFFFFFFFFFF72
:100E9000FFFFFFFFFFFFFFFFFFFFFFFFFFFFFFFF62
:100EA000FFFFFFFFFFFFFFFFFFFFFFFFFFFFFFFF52
:100EB000FFFFFFFFFFFFFFFFFFFFFFFFFFFFFFFF42
:100EC000FFFFFFFFFFFFFFFFFFFFFFFFFFFFFFFF32
:100ED000FFFFFFFFFFFFFFFFFFFFFFFFFFFFFFFF22
:100EE000FFFFFFFFFFFFFFFFFFFFFFFFFFFFFFFF12
:100EF000FFFFFFFFFFFFFFFFFFFFFFFFFFFFFFFF02
:100F0000FFFFFFFFFFFFFFFFFFFFFFFFFFFFFFFFF1
:100F1000FFFFFFFFFFFFFFFFFFFFFFFFFFFFFFFFE1
:100F2000FFFFFFFFFFFFFFFFFFFFFFFFFFFFFFFFD1
:100F3000FFFFFFFFFFFFFFFFFFFFFFFFFFFFFFFFC1
:100F4000FFFFFFFFFFFFFFFFFFFFFFFFFFFFFFFFB1
:100F5000FFFFFFFFFFFFFFFFFFFFFFFFFFFFFFFFA1
:100F6000FFFFFFFFFFFFFFFFFFFFFFFFFFFFFFFF91
:100F7000FFFFFFFFFFFFFFFFFFFFFFFFFFFFFFFF81
:100F8000FFFFFFFFFFFFFFFFFFFFFFFFFFFFFFFF71
:100F9000FFFFFFFFFFFFFFFFFFFFFFFFFFFFFFFF61
:100FA000FFFFFFFFFFFFFFFFFFFFFFFFFFFFFFFF51
:100FB000FFFFFFFFFFFFFFFFFFFFFFFFFFFFFFFF41
:100FC000FFFFFFFFFFFFFFFFFFFFFFFFFFFFFFFF31
:100FD000FFFFFFFFFFFFFFFFFFFFFFFFFFFFFFFF21
:100FE000FFFFFFFFFFFFFFFFFFFFFFFFFFFFFFFF11
:100FF000FFFFFFFFFFFFFFFFFFFFFFFFFFFFFFFF01
:10100000D1002043491600600000000000000000ED
:10101000201000600010006000AC006000000000C4
:101020000000006000B8000000000000FFFFFFFFAC
:10103000FFFFFFFFFFFFFFFFFFFFFFFFFFFFFFFFC0
:10104000FFFFFFFFFFFFFFFFFFFFFFFFFFFFFFFFB0
:10105000FFFFFFFFFFFFFFFFFFFFFFFFFFFFFFFFA0
:10106000FFFFFFFFFFFFFFFFFFFFFFFFFFFFFFFF90
:10107000FFFFFFFFFFFFFFFFFFFFFFFFFFFFFFFF80
:10108000FFFFFFFFFFFFFFFFFFFFFFFFFFFFFFFF70
:10109000FFFFFFFFFFFFFFFFFFFFFFFFFFFFFFFF60
:1010A000FFFFFFFFFFFFFFFFFFFFFFFFFFFFFFFF50
:1010B000FFFFFFFFFFFFFFFFFFFFFFFFFFFFFFFF40
:1010C000FFFFFFFFFFFFFFFFFFFFFFFFFFFFFFFF30
:1010D000FFFFFFFFFFFFFFFFFFFFFFFFFFFFFFFF20
:1010E000FFFFFFFFFFFFFFFFFFFFFFFFFFFFFFFF10
:1010F000FFFFFFFFFFFFFFFFFFFFFFFFFFFFFFFF00
:10110000FFFFFFFFFFFFFFFFFFFFFFFFFFFFFFFFEF
:10111000FFFFFFFFFFFFFFFFFFFFFFFFFFFFFFFFDF
:10112000FFFFFFFFFFFFFFFFFFFFFFFFFFFFFFFFCF
:10113000FFFFFFFFFFFFFFFFFFFFFFFFFFFFFFFFBF
:10114000FFFFFFFFFFFFFFFFFFFFFFFFFFFFFFFFAF
:10115000FFFFFFFFFFFFFFFFFFFFFFFFFFFFFFFF9F
:10116000FFFFFFFFFFFFFFFFFFFFFFFFFFFFFFFF8F
:10117000FFFFFFFFFFFFFFFFFFFFFFFFFFFFFFFF7F
:10118000FFFFFFFFFFFFFFFFFFFFFFFFFFFFFFFF6F
:10119000FFFFFFFFFFFFFFFFFFFFFFFFFFFFFFFF5F
:1011A000FFFFFFFFFFFFFFFFFFFFFFFFFFFFFFFF4F
:1011B000FFFFFFFFFFFFFFFFFFFFFFFFFFFFFFFF3F
:1011C000FFFFFFFFFFFFFFFFFFFFFFFFFFFFFFFF2F
:1011D000FFFFFFFFFFFFFFFFFFFFFFFFFFFFFFFF1F
:1011E000FFFFFFFFFFFFFFFFFFFFFFFFFFFFFFFF0F
:1011F000FFFFFFFFFFFFFFFFFFFFFFFFFFFFFFFFFF
:10120000FFFFFFFFFFFFFFFFFFFFFFFFFFFFFFFFEE
:10121000FFFFFFFFFFFFFFFFFFFFFFFFFFFFFFFFDE
:10122000FFFFFFFFFFFFFFFFFFFFFFFFFFFFFFFFCE
:10123000FFFFFFFFFFFFFFFFFFFFFFFFFFFFFFFFBE
:10124000FFFFFFFFFFFFFFFFFFFFFFFFFFFFFFFFAE
:10125000FFFFFFFFFFFFFFFFFFFFFFFFFFFFFFFF9E
:10126000FFFFFFFFFFFFFFFFFFFFFFFFFFFFFFFF8E
:10127000FFFFFFFFFFFFFFFFFFFFFFFFFFFFFFFF7E
:10128000FFFFFFFFFFFFFFFFFFFFFFFFFFFFFFFF6E
:10129000FFFFFFFFFFFFFFFFFFFFFFFFFFFFFFFF5E
:1012A000FFFFFFFFFFFFFFFFFFFFFFFFFFFFFFFF4E
:1012B000FFFFFFFFFFFFFFFFFFFFFFFFFFFFFFFF3E
:1012C000FFFFFFFFFFFFFFFFFFFFFFFFFFFFFFFF2E
:1012D000FFFFFFFFFFFFFFFFFFFFFFFFFFFFFFFF1E
:1012E000FFFFFFFFFFFFFFFFFFFFFFFFFFFFFFFF0E
:1012F000FFFFFFFFFFFFFFFFFFFFFFFFFFFFFFFFFE
:10130000FFFFFFFFFFFFFFFFFFFFFFFFFFFFFFFFED
:10131000FFFFFFFFFFFFFFFFFFFFFFFFFFFFFFFFDD
:10132000FFFFFFFFFFFFFFFFFFFFFFFFFFFFFFFFCD
:10133000FFFFFFFFFFFFFFFFFFFFFFFFFFFFFFFFBD
:10134000FFFFFFFFFFFFFFFFFFFFFFFFFFFFFFFFAD
:10135000FFFFFFFFFFFFFFFFFFFFFFFFFFFFFFFF9D
:10136000FFFFFFFFFFFFFFFFFFFFFFFFFFFFFFFF8D
:10137000FFFFFFFFFFFFFFFFFFFFFFFFFFFFFFFF7D
:10138000FFFFFFFFFFFFFFFFFFFFFFFFFFFFFFFF6D
:10139000FFFFFFFFFFFFFFFFFFFFFFFFFFFFFFFF5D
:1013A000FFFFFFFFFFFFFFFFFFFFFFFFFFFFFFFF4D
:1013B000FFFFFFFFFFFFFFFFFFFFFFFFFFFFFFFF3D
:1013C000FFFFFFFFFFFFFFFFFFFFFFFFFFFFFFFF2D
:1013D000FFFFFFFFFFFFFFFFFFFFFFFFFFFFFFFF1D
:1013E000FFFFFFFFFFFFFFFFFFFFFFFFFFFFFFFF0D
:1013F000FFFFFFFFFFFFFFFFFFFFFFFFFFFFFFFFFD
:10140000814205D051F8043B40F8043B8242F9D8B0
:10141000704700BF044A05494FF0000342F8043BFF
:101420009142FBD8704700BFC0120020806A0020A4
:101430002DE98848BFF34F8F00BF00BF00BF00BF3A
:1014400000F016F9674B0822C3F8542100BF00BF13
:1014500000BF00BF00BF00BF00BF00BF00BF00BF94
:1014600000BF00BF00BF00BF00BF00BF5E4A5F49B2
:101470005F48FFF7C5FF5F4A5F496048FFF7C0FF5D
:101480005F4CFFF7C7FF4FF470004FF0E0210023DF
:101490005C4AC1F8880D44F823200133B02BFAD1FF
:1014A000594B8021594A03F8011B9342FBD14FF05D
:1014B000E0254C4E4FF08039DFF880B1DFF880A195
:1014C0004FF0FF31C5F8084D0027C6F80491C6F863
:1014D00000B1C6F8F490C6F8F0A0D5F8243DDFF8C6
:1014E000648143F4E0234A4AC5F8243DD8F81C300F
:1014F00023F07F0343F04003C8F81C30D8F82430B1
:1015000023F07F0343F04003C8F824309166D1668E
:101510001167516700F0B4F83E4B3F49A3633F4B5E
:10152000E36363236B610323AF612B613C4BC5F81D
:10153000203DD5F8FC3D43F08073C5F8FC3D394BA8
:101540001A6842F001021A605B680B6000F020F933
:10155000C6F804913448C6F800B1C6F8F490C6F84D
:10156000F0A000F0BDFAD8F86C10304B304A41F4CE
:101570004051C8F86C101F60C3F80871C3F81871A7
:10158000C3F82871C3F83871936BDB0708D442F6AF
:101590001563284951651365936B43F00103936309
:1015A000234A254C936843F00113936000F054FAEA
:1015B00000F082FA00F01AF900F05CF82368132BAF
:1015C000FCD900F0ABF92368B3F5967FFBD300F0AC
:1015D00055F800F051F800F087FA00F071FA30BFCA
:1015E000FDE700BF00800D40707C0000001C006023
:1015F00000000000C012002074980060000000206D
:10160000001000207962000000E400E0A0E400E0A7
:1016100000C00A403D760000D468002041760000FA
:1016200000002020001000E080D1F00800400840B9
:1016300000400D400000C056D86800201B10182044
:101640000C0D111300C00F40054B4FF42A01054A41
:1016500005485A641864054A99639546FFF7E8FE01
:1016600000C00A40ABAAAAAA0700200000800720F9
:10167000704700BF704700BF704700BF00BF704792
:1016800010B44FF0E023002110243148C3F8941D1A
:10169000C3F89C4D1124C3F8A00D2E48C3F89C4DEF
:1016A0001224C3F8A00D2C48C3F89C4D2B4AC3F854
:1016B000A00D2B4C42F015022A48C3F89C4DC3F8EC
:1016C000A00D294C2948C3F89C4DC3F8A00D284C07
:1016D000C3F89C2D2748284AC3F8A04DC3F89C0D99
:1016E000C3F8A02D02F5A022244C0C322448C3F8E4
:1016F0009C4DC3F8A02D234AC3F89C0D224CC3F87F
:10170000A02D02F14062C3F89C4D2048C3F8A02DE3
:101710000C32C3F89C0DC3F8A02D00BF00BF00BF62
:1017200000BF00BF0122C3F8942DBFF34F8FBFF35A
:101730006F8FC3F8501FBFF34F8FBFF36F8FD3F876
:10174000142D5DF8044B42F44032C3F8142D704759
:101750003F0000102500080709001000806A0020E3
:1017600013002000210002071400002025000813A8
:10177000090000101600202027000B13170000405E
:10178000180000602F000B07190000701A0000807D
:10179000F0B4154A40274FF480314FF480564FF48F
:1017A00000554FF4404443F24200136913F0020F16
:1017B0000ED113F4005F0FD013F4805F0ED0002B16
:1017C000F3DA13F4803F0BD15B060BD5F0BC704706
:1017D000946151619061E8E75561E6E75661E4E79D
:1017E0009161E2E75761E0E700800D403F4A032046
:1017F0003F49F3EE095AD2F880304FF0000C9FEDCC
:101800003D6A23F001039FED3C5A30B4C2F88030AA
:10181000C2F89000D1F8E010384DCBB2384C3948BE
:101820002B6007EE903A0B0DC1F30B21F8EEE77A2F
:1018300006EE903A07EE101A334BB8EEC77A2160E5
:10184000F8EEE66A314937EEC66A37EEC55A76EEEB
:10185000C76A77EEE57A26EE266AC3ED006A25EEC2
:10186000265AD2F8803067EEA64AC0ED007AC6EE5E
:10187000275A274885EE276AC4EEA76A75EE875A6D
:10188000FCEEE55A36EE076A15EE904ABCEEC66AE3
:1018900043EA045376EE877AC2F8803016EE103AA7
:1018A000D2F89041FCEEE77A01EA0341214317EEBA
:1018B000903AC2F89011C3F30B03D2F890110B4386
:1018C0001449C2F89031D2F8803043F00203C2F8D4
:1018D0008030114B80F840C0C1F840314FF0E02318
:1018E000012230BCC3F80821704700BF00810D40C1
:1018F00000441F400000AA420000B442806800205B
:101900007C68002084680020886800200000FF0FA9
:1019100000E400E00010002005640000314B40F6B8
:10192000617210B5C3F8202140F2044400F0D0F8F1
:101930002D4A2E49D2F880302D4843F00303C2F8D7
:1019400080302C4BC1F8604102681A4203D1D1F8B3
:10195000A8319A071BD0254A4FF00041244B596308
:10196000D2F8403143F00203C2F84031D2F840319E
:101970009B07FBD44FF400304FF0E0211C4B4FF09D
:101980000042C1F88C0219209A6300F0A5F8184AA9
:101990004FF08040154C002190630A20164B1160D7
:1019A0004FF42072C4F8A801184600F08DF84FF4E7
:1019B000800203464FF4810040F243111860C4F8DE
:1019C00058311A640D4B0E4AC4F84811C3F804226A
:1019D0004FF0E0224FF400310123C2F80C11C4F89B
:1019E000403110BD00800D4000C00F4000002E406F
:1019F00000900D40001C1E00000000200010002080
:101A0000ED65000008B50E4B1B6E9B0700D4FBBEB6
:101A100072B60C4B00200C4AC3F8400103F160433E
:101A20000A49A3F55F2311649D46BFF34F8F4FF41E
:101A300000130748074ADB6902609B68984700BFAC
:101A400000441F4000002E4000C00A400300200058
:101A500000802020000012EB104BA020104AD96E0D
:101A600041F4403110B4D96640F23764D96E41F484
:101A70004071D96654649064936C1B06FCD4094A87
:101A800040F23761A02351649364936C13F0800398
:101A9000FBD1054A13705DF8044B704700C00F403E
:101AA00000400C4000800C403F6A0020F8B500BFA9
:101AB000F8BC08BC9E4670475FF800F085610000E6
:101AC0005FF800F0E15D00005FF800F06D7A000063
:101AD0005FF800F05D6D00005FF800F061570000F6
:101AE0005FF800F0617600005FF800F0117B000005
:081AF00005010000D5470000CC
:101AF8001603550053004200200053006500720091
:101B0800690061006C00000018035400650065005E
:101B18006E00730079006400750069006E006F0044
:101B28000403090409026200030100C032080B0023
:101B3800020202010009040000010202010005245A
:101B480000100105240101010424020605240600F1
:101B5800010705820310001009040100020A0000B1
:101B68000007050302400000070584024000000941
:101B780004020002FF6AFF00070581024000010716
:101B8800050102400001000009026200030100C0D3
:101B980032080B00020202010009040000010202DF
:101BA8000100052400100105240101010424020696
:101BB8000524060001070582031000050904010039
:101BC800020A00000007050302000200070584025C
:101BD8000002000904020002FF6AC700070581022B
:101BE8000002010705010200020100000A060002C6
:081BF800EF02014001000000B2
:101C000000000000000000000000000000000000D4
:101C100000000000000000000000000000000000C4
:101C2000F8B54FF084439D695A6915400DD0254F92
:101C300001269D6195FAA5F4B4FA84F457F824308E
:101C400006FA04F49847A543F4D11F4B9D695A69DD
:101C500015400DD01D4F01269D6195FAA5F4B4FAEB
:101C600084F457F8243006FA04F49847A543F4D1D5
:101C7000174B9D695A6915400DD0164F01269D617D
:101C800095FAA5F4B4FA84F457F8243006FA04F46B
:101C90009847A543F4D1104B9D695A6915400DD062
:101CA0000E4F01269D6195FAA5F4B4FA84F457F815
:101CB000243006FA04F49847A543F4D1BFF34F8FBC
:101CC000F8BD00BF840A002000400042040B002041
:101CD00000800042840B002000C00042040C002061
:101CE0000548064B1B1AD90F01EBA301491002D07E
:101CF000034B03B118477047C0120020C0120020E8
:101D00000000000008B5054B1BB105490548AFF3BD
:101D10000080BDE80840FFF7E3BF00BF00000000FF
:101D20002868002000B8006000207047034B186846
:101D300010B103681B681847704700BF2067002078
:101D4000034B186810B103681B681847704700BF41
:101D5000246700202DE9F04100F5005090B0574C69
:101D60009646574B0094C0F810191B6A5548C3F3A8
:101D700001230468403304F080746B4413F8406C12
:101D8000514B03FB06F60368B6FBF1F2B6FBF2F526
:101D900043F0A0434D1B03600368DF01FCD5052A17
:101DA0004FF0000C2AD96046831C0130B2FBF3F7D8
:101DB000192F07FB03F3F7D84FF00108B6FBF3F335
:101DC000CB1A002BB8BF5B42AB420BDBA7F10C0375
:101DD00018BF4FF00008062B0AD8B8F1000F07D043
:101DE0008446E1E71D46A7F10C038446062BF4D98F
:101DF000052FD9D80CF10103B2FBF3F2B5F5967FAC
:101E0000A2F105024CDC142A4AD802EB42022F4F01
:101E10006E46DFF8B08002F14003BEF1020F0DEB19
:101E200003050FCF0FC60FCF0FC60FCF0FC697E812
:101E30000F0007C626F8023B4FEA1343337015F82C
:101E40003F3C15F83E2C4FEAC34315F8401C4FEABF
:101E5000024203F4601301F0070102F4E02243EAB6
:101E6000020343EA010343F4800343EA0C6343F4AF
:101E70008043C8F80430D8F8043014BF23F00803B6
:101E800043F00803C8F804303CB90E4A136823F045
:101E9000805313601368DB01FCD410B0BDE8F081FF
:101EA000002CFAD1074A136823F08053136013689B
:101EB000D901FCD410B0BDE8F08100BF3C1850003F
:101EC00000C00F4000001D4040420F008002002073
:101ED0002DE9F04100F5005090B0574C9646574B15
:101EE0000094C0F810191B6A5548C3F30123046815
:101EF000403304F080746B4413F8406C514B03FB87
:101F000006F60368B6FBF1F2B6FBF2F543F0A04328
:101F10004D1B03600368DF01FCD5052A4FF0000C60
:101F20002AD96046831C0130B2FBF3F7192F07FB57
:101F300003F3F7D84FF00108B6FBF3F3CB1A002BED
:101F4000B8BF5B42AB420BDBA7F10C0318BF4FF0ED
:101F50000008062B0AD8B8F1000F07D08446E1E745
:101F60001D46A7F10C038446062BF4D9052FD9D8BA
:101F70000CF10103B2FBF3F2B5F5967FA2F1050275
:101F80004CDC142A4AD802EB42022F4F6E46DFF88F
:101F9000B08002F14003BEF1020F0DEB03050FCF3D
:101FA0000FC60FCF0FC60FCF0FC697E80F0007C69B
:101FB00026F8023B4FEA1343337015F83F3C15F8FF
:101FC0003E2C4FEAC34315F8401C4FEA024203F48B
:101FD000601301F0070102F4E02243EA020343EA3E
:101FE000010343F4800343EA0C6343F48043C8F8DD
:101FF0000430D8F8043014BF23F0080343F008037A
:10200000C8F804303CB90E4A136823F080531360BB
:102010001368DB01FCD410B0BDE8F081002CFAD1CC
:10202000074A136823F0805313601368D901FCD466
:1020300010B0BDE8F08100BF3C18500000C00F4058
:1020400000401D4040420F008002002000207047E9
:10205000002070470820704700207047002070471C
:102060000820704710490B68486B0A68496B02F0FA
:102070007F02C1F3036101320431B2EB410F10D38F
:1020800003F07F03C0F30360053B0130A3EB400383
:10209000DBB2054A106800F07F000130C01AC0B200
:1020A00070470023F5E700BF00401D4010490B6852
:1020B000486B0A68496B02F07F02C1F30361013289
:1020C0000431B2EB410F10D303F07F03C0F3036080
:1020D000053B0130A3EB4003DBB2054A106800F07A
:1020E0007F000130C01AC0B270470023F5E700BF7F
:1020F00000001D40634A2DE9F0411468136804F0A4
:10210000807443F0A04313601368DD01FCD51168AF
:102110000023DFF878C121F000515B4F594E116068
:10212000194653629362126803EB0C02DD19013306
:102130001201AD00D160DBB2916051601160296085
:10214000326802F07F0201329342EDD3B164316113
:10215000F26A336BF26233633368002849D1DFF8E7
:102160002C810546474E484F19E0336803F07F0342
:102170000133B0EB930F34BF4FF080634FF08C63AB
:102180001360736BC3F300439B070B603368013527
:1021900003F07F03EDB2013328469D421ED233681F
:1021A00005EB0802E91903F07F03120189000133EE
:1021B000B0EB530FD9D34FF00063136033689A002C
:1021C00003D5FFF74FFFA842E0D801231F2D03FAE4
:1021D00005F34CD8B26A1343B362D7E73CB9294A36
:1021E000136823F0805313601368DB01FCD4BDE84F
:1021F000F08143F000533360356815F000553ED050
:10220000FFF730FF3368054603F07F030133834255
:10221000E4D91E4F4FF00066DFF868800DE0D8F873
:1022200028201343C8F82830D8F80030013503F0CF
:102230007F03EDB201339D42D0D2EB191B011E602A
:10224000D8F80030990003D5FFF70CFF8542EBD397
:1022500001231F2D03FA05F3E1D9A5F12001012384
:10226000D8F824208B401343C8F82430DCE7A5F1CC
:1022700020010123726A8B401343736286E733683F
:10228000C7E700BF00401D402052071008D40104DA
:10229000634A2DE9F0411468136804F0807443F038
:1022A000A04313601368DD01FCD511680023DFF83B
:1022B00078C121F000515B4F594E116019465362AD
:1022C0009362126803EB0C02DD1901331201AD00B9
:1022D000D160DBB29160516011602960326802F018
:1022E0007F0201329342EDD3B1643161F26A336B04
:1022F000F26233633368002849D1DFF82C81054648
:10230000474E484F19E0336803F07F030133B0EBC9
:10231000930F34BF4FF080634FF08C631360736B87
:10232000C3F300439B070B603368013503F07F0361
:10233000EDB2013328469D421ED2336805EB0802F8
:10234000E91903F07F03120189000133B0EB530F49
:10235000D9D34FF00063136033689A0003D5FFF7B9
:10236000A5FEA842E0D801231F2D03FA05F34CD89F
:10237000B26A1343B362D7E73CB9294A136823F022
:10238000805313601368DB01FCD4BDE8F08143F097
:1023900000533360356815F000553ED0FFF786FED8
:1023A0003368054603F07F0301338342E4D91E4FAF
:1023B0004FF00066DFF868800DE0D8F8282013435E
:1023C000C8F82830D8F80030013503F07F03EDB2AB
:1023D00001339D42D0D2EB191B011E60D8F80030AA
:1023E000990003D5FFF762FE8542EBD301231F2D31
:1023F00003FA05F3E1D9A5F120010123D8F824203F
:102400008B401343C8F82430DCE7A5F120010123F9
:10241000726A8B401343736286E73368C7E700BF75
:1024200000001D402042071008D00104164B022076
:1024300010B51C7805F0AEF8844203D02146022086
:1024400005F0B4F9114C032005F0A4F8217881427D
:1024500002D0032005F0AAF994F82240042005F0E8
:1024600099F8844203D02146042005F09FF9084BD7
:1024700005201C7805F08EF8844203D02146052003
:1024800005F094F9012010BD426A0020B0680020D8
:10249000416A00204A494B4A0B6810681B1AB3F581
:1024A000967FC0F088800B6810B50A241360042062
:1024B00004F0D4FF034605210C20002B47D005F083
:1024C000BDFB00210A2005F0B9FB05210B2005F01A
:1024D000B5FB642004F044FF00210C2005F0AEFBA6
:1024E00000210A2005F0AAFB00210B2005F0A6FB25
:1024F000642004F035FF631E13F0FF04D7D1324A85
:102500000B24137883F00103137005210C2005F0D0
:1025100095FB00210A2005F091FB05210B2005F019
:102520008DFB4FF4FA7004F01BFF00210C2005F026
:1025300085FB00210A2005F081FB0B20002105F01E
:102540007DFB4FF4FA7004F00BFF013CDDD11F4B13
:102550001A7872B91E490B7881F823200133DBB257
:10256000032B29D90A70184B1B780BB101230B7070
:1025700010BD0B2405210C2005F060FB05210A206D
:1025800005F05CFB05210B2005F058FB642004F0EE
:10259000E7FE00210C2005F051FB00210A2005F088
:1025A0004DFB0B20002105F049FB642004F0D8FE10
:1025B000013CDFD110BD70470B70002BD3D010BD94
:1025C000D868002064670020426A00203E6A00202C
:1025D000B06800202DE9F047B74D2B6813F0005983
:1025E00040F09A811A21B54806F01CFD4C462B6834
:1025F000B34FB44DB44E04EB05084FEA0818D8F8B1
:102600000030C3F303630E2B00F29E80DFE813F06B
:10261000420130011E019C0003019C00F1009C005E
:10262000DF00CD00BB009C000F009C00A90004212E
:10263000A64806F0F7FC002349460A22A44804F005
:1026400033FE1D21A34806F0EDFCD8F80030102120
:102650009B0240F1E381A04806F0E4FCD8F8089022
:10266000D8F80430B04423F0604A07219B4806F0B4
:10267000D9FC002310225146954804F015FE012193
:10268000974806F0CFFC0A21964806F0CBFC0023C1
:1026900010224FEA19618E4804F006FE012192488B
:1026A00006F0C0FC00231022C9F30741884804F05B
:1026B000FBFD01218C4806F0B5FC00231022C9F374
:1026C0000721834804F0F0FD0121874806F0AAFCA9
:1026D000002310225FFA89F17D4804F0E5FD58F8E7
:1026E00007800121804806F09DFC002310224FEA5C
:1026F0001861774804F0D8FD01217B4806F092FC70
:1027000000231022C8F30741714804F0CDFD0121D8
:10271000754806F087FC00231022C8F307216C4897
:1027200004F0C2FD0121704806F07CFC00235FFA32
:1027300088F11022664804F0B7FD0121684806F0D0
:1027400071FC634804F0A2FD5B4B01341B68E4B2EA
:1027500003F07F03A14601339C42FFF44CAFBDE878
:10276000F0870421594806F05DFC494600230A22FF
:10277000574804F099FD11215C4806F053FC544879
:1027800004F084FDE0E70421504806F04BFC494684
:1027900000230A224E4804F087FD1121544806F018
:1027A00041FC4B4804F072FDCEE70421474806F097
:1027B00039FC494600230A22454804F075FD0F21E3
:1027C0004C4806F02FFC424804F060FDBCE70421B1
:1027D0003E4806F027FC494600230A223C4804F004
:1027E00063FD1221444806F01DFC394804F04EFDFB
:1027F000AAE70421354806F015FC494600230A22C1
:10280000334804F051FD11213C4806F00BFC3048E0
:1028100004F03CFD98E704212C4806F003FC0A2252
:10282000494600232A4804F03FFD0F21344806F0B2
:10283000F9FBD8F8003011219A024CBF31483248D8
:1028400006F0F0FB224804F021FD7DE704211F483B
:1028500006F0E8FB494600230A221D4804F024FD47
:102860000E212A4806F0DEFB194804F00FFD6BE745
:102870000421164806F0D6FB494600230A221448D4
:1028800004F012FD0E21224806F0CCFB104804F0A3
:10289000FDFC59E704210D4806F0C4FB494600231E
:1028A0000A220B4804F000FD12211A4806F0BAFB78
:1028B000074804F0EBFC47E700401D408804002077
:1028C0008C401D4008D4010480BFE2BF58030020A3
:1028D000A009002018040020380400206004002013
:1028E0009403002068040020FC02002074040020EF
:1028F000D003002008040020F4030020BC030020C3
:10290000740300208403002098030020AC030020FF
:10291000E4030020600300201121C44806F082FB7C
:10292000AB6A9A0600F1FA811221C14806F07AFBDF
:10293000C04804F0ABFC1621BF4806F073FBBF4A49
:102940001468516B1368526B03F07F03C2F3036288
:1029500001330432B3EB420FC0F0E88104F07F048E
:10296000C1F30361053C0131A4EB4104E5B2B34E70
:10297000B048316801F07F010131491BC9B22029FB
:10298000A8BF202104F076FCAA4804F07FFC1621A1
:10299000AB4806F047FB3368726B03F07F03C2F36A
:1029A000036201330432B3EB420F01D200252C46FF
:1029B000002321460A229F4804F076FC9D4804F03B
:1029C00065FC9E4B1C681B6804F07F0403F07F03CA
:1029D00001340133641BE4B2A3427FF6C0AE994DCB
:1029E000994E9A4F04EB05084FEA0818D8F80030C2
:1029F000C3F303630E2B00F2A980DFE813F0470155
:102A00000401F200A700D700A7006B01A70059013D
:102A10007D01C500A7001A00A700B3008C4806F08E
:102A200001FBD8F80890D8F80430B044C3F38A4AC0
:102A30001BE60421874806F0F5FA00230A22214606
:102A40007C4804F031FC1D21834806F0EBFAD8F8ED
:102A500000301021980240F16C81804806F0E2FAC3
:102A6000D8F80890D8F80430B84423F0604A072119
:102A70007B4806F0D7FA0023102251466D4804F037
:102A800013FC0121774806F0CDFA0A21764806F0BA
:102A9000C9FA002310224FEA1961664804F004FCC9
:102AA0000121724806F0BEFA00231022C9F3074143
:102AB000604804F0F9FB01216C4806F0B3FA0023EA
:102AC0001022C9F307215B4804F0EEFB012167489F
:102AD00006F0A8FA002310225FFA89F1554804F0A5
:102AE000E3FB58F806800121604806F09BFA0023BA
:102AF00010224FEA18614F4804F0D6FB01215B48D1
:102B000006F090FA00231022C8F30741494804F068
:102B1000CBFB0121554806F085FA00231022C8F3AB
:102B20000721444804F0C0FB0121504806F07AFA1E
:102B300000235FFA88F110223E4804F0B5FB012122
:102B4000484806F06FFA3B4804F0A0FB3B4B0134C9
:102B50001B68E4B203F07F0301339C42FFF442AFF1
:102B6000BDE8F08704213B4806F05CFA00230A2206
:102B70002146304804F098FB11213D4806F052FAF6
:102B80002C4804F083FBE1E70421324806F04AFABE
:102B900000230A222146274804F086FB11213548EC
:102BA00006F040FA234804F071FBCFE704212948DE
:102BB00006F038FA0A22002321461E4804F074FB6E
:102BC0000F212D4806F02EFAD8F8003011219B0273
:102BD0004CBF2A482A4806F025FA164804F056FB4E
:102BE000B4E704211B4806F01DFA00230A222146FF
:102BF000104804F059FB0E21224806F013FA0D4844
:102C000004F044FBA2E70421124806F00BFA00236B
:102C10000A222146074804F047FB0E211A4806F015
:102C200001FA044804F032FB90E700BFEC020020F8
:102C300014030020A00900202803002000401D40AC
:102C40004003002008D401048C401D4080BFE2BF37
:102C50004C040020580300201804002038040020F1
:102C6000600400209403002068040020FC0200207F
:102C700074040020D003002074030020840300208B
:102C800098030020AC030020E403002004212E4818
:102C900006F0C8F900230A2221462C4804F004FB60
:102CA00012212B4806F0BEF9284804F0EFFA4DE750
:102CB0000421254806F0B6F900230A2221462348BC
:102CC00004F0F2FA1221234806F0ACF91F4804F090
:102CD000DDFA3BE704211C4806F0A4F900230A2290
:102CE00021461A4804F0E0FA11211B4806F09AF92F
:102CF000164804F0CBFA29E70421134806F092F9AC
:102D000000230A222146114804F0CEFA0F2113486D
:102D100006F088F90D4804F0B9FA17E711211048B8
:102D200006F080F9094804F0B1FA04E600252C46C3
:102D30001DE60C4806F076F9D8F80890D8F804306B
:102D4000B844C3F38A4A92E658030020A009002041
:102D500060030020F4030020BC03002008040020CE
:102D6000000300204C04002008B5384B01210D2041
:102D70001A6F42F480521A67D3F8A02042F48052AE
:102D8000C3F8A020D3F8E02042F48052C3F8E0203A
:102D900004F076FB01210C2004F072FB01210A20D3
:102DA00004F06EFB01210B2004F06AFB00210420DB
:102DB00004F066FB0D20002104F062FB042004F007
:102DC0004DFB30B9012222491120BDE8084004F032
:102DD00085BDFF210C2004F031FF00210A2004F002
:102DE0002DFF00210B2004F029FF4FF4FA6004F0BE
:102DF000B7FA00210C2004F021FF00210A2004F082
:102E00001DFF00210B2004F019FF4FF4FA6004F0BD
:102E1000A7FA0121042004F033FB0121052004F06E
:102E20002FFB0021052004F0EFFA0021042004F01C
:102E3000EBFA40F6C41004F093FA0021052004F0E8
:102E40001FFB0021042004F01BFBBBE700800D40AA
:102E50009508000008B5204B1B78042B3AD8DFE812
:102E600003F0111F2533030005210C2004F0E6FEBA
:102E700000210A2004F0E2FE05210B20BDE80840F5
:102E800004F0DCBE0A210C2004F0D8FE00210A2048
:102E900004F0D4FE00210B20BDE8084004F0CEBEB3
:102EA00000210C2004F0CAFE0A21F0E700210C20CA
:102EB00004F0C4FE00210A2004F0C0FE0A210B2009
:102EC000BDE8084004F0BABE00210C2004F0B6FEB4
:102ED0000521CEE708BD00BFB0680020CD4B1A78B1
:102EE000022A10B483B000F0A080032A48D1CA4B54
:102EF000CA4A13600368B3F5607F48D069D8B3F558
:102F0000D07F00F02481B3F5207F35D1D2ED006A67
:102F10000021F5EE406A0173F1EE10FA00F08F81A6
:102F2000F6EE004A9FEDBE5AB3EE046ADFEDBD7ABD
:102F3000F3EE065A9FEDBC7A21230182A6EEA46A25
:102F40008373C6EE056A66EEA77A26EE877A66EE8A
:102F5000A56AFCEEE77ABCEEC77A17EE903AFCEE73
:102F6000E67A17EE102AC373CDED017A9DF804308E
:102F7000427300228374C27403B05DF8044B70473F
:102F80000023A64A13600368B3F5607FB6D1D2ED83
:102F9000007AF5EE407AF1EE10FA00F06581F6EE77
:102FA000005A9FED9F6AB3EE047ADFED9F6AA7EEA9
:102FB000A57AC7EE067A67EEA67AFCEEE77ACDED43
:102FC000017A9DF804308373C37403B05DF8044B39
:102FD0007047B3F5946FCFD1D2ED007AF5EE407A19
:102FE000F1EE10FA00F02681F6EE005A9FED8C6AA1
:102FF000B3EE047ADFED8C6A0A23A7EEA57A437359
:10300000C7EE067A67EEA67AFCEEE77ACDED017A96
:103010009DF8043003730A214FF00A228373C173B1
:10302000026103B05DF8044B704793F822207F499A
:1030300007EE902A91ED007AF8EEE77AF4EEC77A7F
:10304000F1EE10FA56D9002A54D093F82320DFED80
:10305000787ADFED736A002A47FEA67A02686F4C21
:10306000B2F5607FC4ED007A00F0B08045D8B2F5CB
:10307000D07F00F09780B2F5207F7FF47DAF0022F3
:10308000D1ED007A027393F8222007EE102AB8EEF1
:10309000C77AB4EEE77AF1EE10FA40F2D680002A51
:1030A0000CBFFE21002121224173827393F822205C
:1030B00007EE102AB8EEC77AF4EEC77AF1EE10FAEE
:1030C00080F2DE80002A0CBF4E2100210022C17355
:1030D000028293F8223007EE103AB8EEC77AF4EE87
:1030E000C77AF1EE10FA80F2C980002B0CBF1623CC
:1030F00000233EE7DFED4A7AB0E7B2F5946F7FF444
:103100003BAF93F82220D1ED007A07EE102AB8EEFB
:10311000C77AB4EEE77AF1EE10FA40F29A80002A0C
:103120000CBFFE2100210A220173427393F8223062
:1031300007EE103AB8EEC77AF4EEC77AF1EE10FA5D
:1031400080F29780002B0CBFFE23002363E792EDF3
:10315000007ADFED377AB4EE677AF1EE10FA7DD0BF
:10316000B6EE005ADFED2E5AF3EE046A0023B2EEFB
:10317000046A8373E7EE056A86EEA57A67EE277A1E
:1031800027EE067AFCEEE77A17EE903AFCEEC77A65
:103190004373CDED017A9DF80430C37303B05DF83D
:1031A000044B704700224273827393F8223007EE7B
:1031B000903AF8EEE77AB4EEE77AF1EE10FA4ADAEE
:1031C000002B0CBF0A230023C373E7E793F82220E8
:1031D000D1ED007A07EE102AB8EEC77AB4EEE77A9E
:1031E000F1EE10FA33D9002A0CBFFE2200228273BE
:1031F00093F8223007EE103AB8EEC77AF4EEC77AA9
:10320000F1EE10FA37DA002B0CBFFE230023C37453
:10321000DBE600BFB06800200000F0412468002019
:103220000000C84200009C4200007E43406800202D
:10323000000000004FF4206200238281EBE621228F
:103240000B4641730182C28193E6FE212BE7FE22E9
:10325000CDE7FE2167E70A23C3739FE700221346E9
:1032600042738273C37399E7002213468273C37457
:10327000ABE6FE23CFE6FE23C374A6E6162378E66C
:103280004E2123E770B5604B82B060490022019364
:103290000B6AC3F3012308336B4413F8043CC0E901
:1032A0000122C0E90322002B00F0858000F50055C3
:1032B00056492420564B0124564A0226C5F80C09CB
:1032C0001220C3F8D0208A6E534B42F470328A66C3
:1032D00041F2B00185F81549504A514CC3F81C0120
:1032E000C3F80C13E664C3F82001C3F81013136885
:1032F00023F000431360136843F0A0431360136886
:10330000DC01FCD55368454943F00803536013685A
:1033100043F0804313600B68D802FCD40B683F4A2B
:1033200043F000730B6013689901FCD43B4C236895
:10333000DA01FCD52368002043F4003323602368BE
:1033400043F480332360236843F48053236023686D
:1033500043F400532360236843F48003236023680D
:1033600043F400232360236823F408432360636B42
:1033700043F4E0236363236843F40013236023686A
:1033800043F080632360FEF783FF2368234A23F022
:10339000805323601368DB01FCD4D5F80C2901218C
:1033A000204B03EB521302F01F029B0001FA02F2C2
:1033B0001A6002B070BD0B6A1B4A23F47F7343F49A
:1033C00080730B621368E3B1144A00F500551C6862
:1033D00018465268D5F81019C2F3C002636852004B
:1033E0009847124B186800283FF462AF0B4A0368F5
:1033F0005268D5F81019C2F3C0025B6852009847B2
:1034000056E700F50055ECE73C18500000C00F40AF
:10341000001000202D01000000801F4000001D4012
:1034200000841F40403800382067002024670020B7
:1034300070B5604B82B06049002201930B6AC3F300
:10344000012308336B4413F8043CC0E90122C0E9AE
:103450000322002B00F0858000F5005556492520F9
:10346000564B0224564A0126C5F80C091020C3F811
:10347000D4208A6E534B42F470128A6641F2B00136
:1034800085F81549504A514CC3F8C400C3F8B4122A
:103490002665C3F8C800C3F8B812136823F00043C8
:1034A0001360136843F0A04313601368DC01FCD57C
:1034B0005368454943F008035360136843F0804361
:1034C00013600B68D802FCD40B683F4A43F00073CA
:1034D0000B6013689901FCD43B4C2368DA01FCD5DE
:1034E0002368002043F400332360236843F48033CF
:1034F0002360236843F480532360236843F400531C
:103500002360236843F480032360236843F400238B
:103510002360236823F408432360636B43F4E023B0
:103520006363236843F400132360236843F08063DC
:103530002360FEF7DFFD2368234A23F080532360D6
:103540001368DB01FCD4D5F80C290121204B03EBD7
:10355000521302F01F029B0001FA02F21A6002B03D
:1035600070BD0B6A1B4A23F47F7343F480730B62B4
:103570001368E3B1144A00F500551C6818465268F8
:10358000D5F81019C2F3C002636852009847124B75
:10359000186800283FF462AF0B4A03685268D5F8F8
:1035A0001019C2F3C0025B685200984756E700F555
:1035B0000055ECE73C18500000C00F400010002000
:1035C0004101000000801F4000401D4000841F405A
:1035D00040380038206700202467002038B5434871
:1035E000434CFFF74FFE002242494048FEF7B2FB32
:1035F000236843F0A04323602368DD01FCD500204D
:103600002568FEF745FEE26A236BA800E2622363A9
:10361000236823F07F032360236843F03F03236084
:1036200060D4334C236823F0805323602368D9018E
:10363000FCD4314B0120314AC3F80428FEF728FEA0
:1036400023689A000AD5A36A9B0607D4A36A23F0CD
:10365000FF03A362A36A43F02003A3622848294C16
:10366000FFF7E6FE002223492548FEF731FC2368D8
:1036700043F0A04323602368DD01FCD500202568CA
:10368000FEF738FDE26A236BA800E2622363236839
:1036900023F07F032360236843F03F0323601DD49E
:1036A000184C236823F0805323602368D901FCD48D
:1036B000154B0120154AC3F80428FEF71BFD2368AB
:1036C0009A000AD5A36A9B0607D4A36A23F0FF03D6
:1036D000A362A36A43F02003A36238BD0120FEF772
:1036E00009FDDDE70120FEF7D3FD9AE7A03D0020AC
:1036F00000001D4020A10700A05D0020BD2A0000A1
:103700008814002000401D4088340020C11D0000A6
:103710001F291C4810B423D80123046B8B4023437A
:103720000363194B4FF00064D0790B441B011C60FC
:10373000F8B1117A1068090520F0604041F4C00129
:103740005860D0685DF8044B00BA9860106900BA00
:10375000D860D27A41EA024242F040621A60704771
:10376000A1F1200C0123C46A03FA0CF32343C362C2
:10377000D7E714680548117A00EA844009055860C3
:10378000DFE700BF00401D4008D401040000FC1F1B
:103790001F291C4810B423D80123046B8B402343FA
:1037A0000363194B4FF00064D0790B441B011C607C
:1037B000F8B1117A1068090520F0604041F4C001A9
:1037C0005860D0685DF8044B00BA9860106900BA80
:1037D000D860D27A41EA024242F040621A607047F1
:1037E000A1F1200C0123C46A03FA0CF32343C36242
:1037F000D7E714680548117A00EA84400905586043
:10380000DFE700BF00001D4008D001040000FC1FDE
:1038100043884FF01A0C03F00F0310B50CFB0303A1
:10382000044600209875638803F00F030CFB0343E4
:10383000DA75608800F00F000CFB0040183005F0CE
:1038400099FE6288238892B29BB283F010039A4259
:1038500004D12388013303F01F03238063880133DD
:1038600003F01F036380A3889BB20F2B03D8A388A8
:1038700001339BB2A38010BD8B7DF0B50D468DB09A
:1038800004464B4E002B4CD1336813F0005C25D01E
:10389000FEF70CFC3368844603F07F030133984243
:1038A0001ED24449424807E003685FFA82FC03F0F5
:1038B0007F0301339C4513D20CEB01030CF1010291
:1038C0001B011B68C3F30363082BEDD120462A4676
:1038D0006146FFF75DFF01200DB0F0BD3368E0E702
:1038E0000FCDEC46FF276E460DF1180EACE80F0029
:1038F00095E803008CE803008DF814700FCEAEE855
:103900000F009CE803008EE80300182241F61A30ED
:103910000DEB02012044FFF77BFF4FF0FF300DB0AD
:10392000F0BD306810F0005040D0FEF7BFFB3368A8
:1039300003F07F030133834227D91E491C4E05E063
:10394000336803F07F03013398421ED24318421CB0
:1039500084461B01D0B21A681201F1D51B68C3F36B
:103960000363082B19D06E466F460DF1180E0FCD6C
:103970000FC695E8030086E803008DF814C00FCF4A
:10398000AEE80F0096E80300BDE70B4B4FF0FF3C9D
:103990001B68C3F30363082BE5D120462A465FFA70
:1039A0008CF1FFF7F5FE01200DB0F0BD3368C4E7E0
:1039B00000001D4008D0010470001D400000000000
:1039C0002DE9F047B84D86B0C77A0646D0F800809A
:1039D0006C46D0F807C00FCD0FC495E803003A46F7
:1039E000CDF807C0CDF800808DF80B7084E8030097
:1039F00006F10C0103A803F0FBFFAC4B1B78002B76
:103A000065D1B8F5227F7DD1F37BA94907EE103A45
:103A1000A84B9FEDA16BB8EEC77B1B7827EE067B0A
:103A2000FCEEC77B17EE902A0A70002B66D1694620
:103A3000A148FFF721FF002855D1052464210C205F
:103A400004F0FCF800210A2004F0F8F800210B2013
:103A500004F0F4F8322003F083FC00210C2004F081
:103A6000EDF800210A2004F0E9F80B20002104F011
:103A7000E5F8322003F074FC013CDFD18F4D2B6858
:103A800013F0005840F0D1811A218D4805F0CAFA90
:103A90008C4E2B688C4F8D4D63194FEA031ADAF860
:103AA0000030C3F303630E2B00F2D680DFE813F07F
:103AB000750163015101D4003601D4009901D4008D
:103AC0008701AB012401D4004700D400E20040F29A
:103AD0001D7398450ED009D8B8F5007F0AD0A8F21A
:103AE0000F73012B8DD906B0BDE8F08740F26473E7
:103AF0009845F8D16F4B1B78002B98D06846FFF79C
:103B0000EDF994E7B8F5D46F05D1337B032BF1D8E9
:103B1000684A137089E7B8F5207FEBD1737C6C4A53
:103B200007EE103A634B9FED5E6BB8EEC77B1B78D8
:103B300027EE067BB7EEC77B82ED007A75E704219E
:103B4000644805F06FFA002341460A22624803F0F8
:103B5000ABFB1D21614805F065FADAF80030102151
:103B60009B0240F1E4815E4805F05CFADAF80880D7
:103B7000DAF80430BA4423F060490721594805F0C7
:103B800051FA002310224946534803F08DFB0121CE
:103B9000554805F047FA0A21544805F043FA002336
:103BA00010224FEA18614C4803F07EFB0121504877
:103BB00005F038FA00231022C8F30741464803F005
:103BC00073FB01214A4805F02DFA00231022C8F3A7
:103BD0000721414803F068FB0121454805F022FA1E
:103BE00000235FFA88F110223B4803F05DFB5AF88E
:103BF000068001213E4805F015FA002310224FEA05
:103C00001861354803F050FB0121394805F00AFAE4
:103C100000231022C8F307412F4803F045FB012180
:103C2000334805F0FFF900231022C8F307212A4882
:103C300003F03AFB01212E4805F0F4F900235FFA66
:103C400088F11022244803F02FFB0121264805F0BB
:103C5000E9F9214803F01AFB184B01341B68E4B260
:103C600003F07F03A04601339C42FFF415AF06B07A
:103C7000BDE8F0870421174805F0D4F94146002338
:103C80000A22154803F010FB11211A4805F0CAF961
:103C9000114803F0FBFADFE77B14AE47E17AF43F0B
:103CA0009A9999999999D93FC0020020426A0020B7
:103CB0004B6A0020B0680020A03D002000001D409D
:103CC000880400208C001D4080FFE2BF08D0010462
:103CD0004068002058030020A0090020180400209C
:103CE00038040020600400209403002068040020B1
:103CF000FC020020740400200421924805F092F98F
:103D0000414600230A22904803F0CEFA11218F4841
:103D100005F088F98C4803F0B9FA9DE70421894839
:103D200005F080F90A2241460023874803F0BCFAD7
:103D30000F21874805F076F9DAF8003011219A0250
:103D40004CBF8448844805F06DF97F4803F09EFA23
:103D500082E704217B4805F065F9414600230A22E9
:103D6000794803F0A1FA0E217C4805F05BF976480A
:103D700003F08CFA70E70421724805F053F94146CC
:103D800000230A22704803F08FFA0E21744805F0D0
:103D900049F96D4803F07AFA5EE70421694805F0B5
:103DA00041F9414600230A22674803F07DFA1221B7
:103DB0006C4805F037F9644803F068FA4CE70421D1
:103DC000604805F02FF9414600230A225E4803F0BF
:103DD0006BFA1221644805F025F95B4803F056FAA6
:103DE0003AE70421574805F01DF9414600230A220D
:103DF000554803F059FA11215C4805F013F952486F
:103E000003F044FA28E704214E4805F00BF9414637
:103E100000230A224C4803F047FA0F21544805F0CA
:103E200001F9494803F032FA16E71121514805F02B
:103E3000F9F8AB6A9A0600F1F28112214E4805F0BA
:103E4000F1F8414803F022FA16214C4805F0EAF84F
:103E50004B4A1468516B1368526B03F07F03C2F333
:103E6000036201330432B3EB420FC0F0E08104F08F
:103E70007F04C1F30361053C0131A4EB4104E5B2C9
:103E80003F4E3148316801F07F010131491BC9B211
:103E90002029A8BF202103F0EDF92B4803F0F6F903
:103EA0001621384805F0BEF83368726B03F07F03C3
:103EB000C2F3036201330432B3EB420F01D2002498
:103EC0002546002321460A221F4803F0EDF91E482B
:103ED00003F0DCF92A4B1C681B6804F07F0403F034
:103EE0007F0301340133641BE4B29C42BFF4FBAD99
:103EF000254D264E264F04EB05084FEA0818D8F842
:103F00000030C3F303630E2B00F2D380DFE813F01D
:103F10003F012D011B01D1000001D1006301D1003F
:103F200051017501EE00D1004400D100DC001948B8
:103F300005F078F8DAF80880DAF80430BA44C3F308
:103F40008A491AE658030020A0090020D003002067
:103F5000740300208403002098030020AC03002099
:103F6000E403002060030020F4030020BC030020D1
:103F700008040020EC020020140300202803002085
:103F800000001D404003002008D001048C001D40AB
:103F900080FFE2BF4C0400200421AC4805F042F849
:103FA00000230A222146AA4803F07EF91D21A948D0
:103FB00005F038F8D8F800301021980240F13A8125
:103FC000A54805F02FF8D8F80890D8F80430B84480
:103FD00023F0604A0721A14805F024F800231022AD
:103FE00051469B4803F060F901219D4805F01AF8FD
:103FF0000A219C4805F016F8002310224FEA1961A7
:10400000934803F051F90121974805F00BF800237C
:104010001022C9F307418E4803F046F90121924866
:1040200005F000F800231022C9F30721884803F0A7
:104030003BF901218C4804F0F5FF002310225FFAC0
:1040400089F1834803F030F958F806800121864849
:1040500004F0E8FF002310224FEA18617C4803F0C7
:1040600023F90121804804F0DDFF00231022C8F36A
:104070000741774803F018F901217B4804F0D2FF8B
:1040800000231022C8F30721714803F00DF9012124
:10409000754804F0C7FF00235FFA88F110226C48CE
:1040A00003F002F901216E4804F0BCFF684803F0F8
:1040B000EDF86E4B01341B68E4B203F07F0301336B
:1040C0009C42FFF418AF0EE50421604804F0AAFFFB
:1040D00000230A2221465E4803F0E6F811216448D5
:1040E00004F0A0FF5A4803F0D1F8E2E70421574852
:1040F00004F098FF00230A222146554803F0D4F823
:1041000011215C4804F08EFF514803F0BFF8D0E75E
:1041100004214E4804F086FF0A22002321464C4821
:1041200003F0C2F80F21544804F07CFFD8F80030A7
:1041300011219B024CBF5148514804F073FF444881
:1041400003F0A4F8B5E70421404804F06BFF002316
:104150000A2221463E4803F0A7F80E21494804F000
:1041600061FF3B4803F092F8A3E70421374804F0CD
:1041700059FF00230A222146354803F095F80E2105
:10418000414804F04FFF324803F080F891E70421E2
:104190002E4804F047FF00230A2221462C4803F052
:1041A00083F81221394804F03DFF294803F06EF8E6
:1041B0007FE70421254804F035FF00230A22214629
:1041C000234803F071F81221314804F02BFF2048F6
:1041D00003F05CF86DE704211C4804F023FF002382
:1041E0000A2221461A4803F05FF81121294804F0F9
:1041F00019FF174803F04AF85BE70421134804F05D
:1042000011FF00230A222146114803F04DF80F2127
:10421000214804F007FF0E4803F038F849E7112160
:104220001E4804F0FFFE0A4803F030F80CE60024B4
:10423000254625E61A4804F0F5FED8F80890D8F887
:104240000430B844C3F38A4AC4E600BF58030020D0
:10425000A009002018040020380400206004002079
:104260009403002068040020FC02002000001D4090
:1042700074040020D0030020740300208403002075
:1042800098030020AC030020E4030020600300201A
:10429000F4030020BC0300200804002000030020D9
:1042A0004C0400202DE9F04FDFF8948289B098F893
:1042B0000060022E00F0DF80994F0023032E02AD34
:1042C0003B6040F0AE80974B2C46DFF878C24FF44D
:1042D000207B3B604FF0580A41F621394FF0070E22
:1042E000BCE80F000FC49CE80300CDF808B08DF8BF
:1042F00015A0ADF8169084E8030029468A488DF889
:104300001AE0FFF7B9FA4FF4607308244FF4A042A3
:10431000294602934FF07E4383488DF81340CDE940
:104320000523FFF7A9FA8023022E8DF813408DF89C
:1043300014304FF4D073029300F08880D7ED007AE8
:10434000DFED7A6AF4EE667AF1EE10FA7ED0F6EEE0
:10435000005A9FED776AB3EE047AA7EEA57AC7EE0E
:10436000067A67EEA67AFCEEE77ACDED017A9DF843
:104370000430DFF8D4914FF0000A8DF815304FF477
:10438000206399F800402946ADF816304FF6FE63D9
:104390008DF81B4001346448E4B2ADF818308DF854
:1043A0001AA0FFF769FA0F2C4FF4946394BF89F8B1
:1043B000004089F800A0022E02934FF008038DF808
:1043C000133045D0D7ED007AF5EE407AF1EE10FAD1
:1043D00000F08880F6EE005A9FED556AB3EE047A3D
:1043E000DFED546AA7EEA57AC7EE067A67EEA67AE5
:1043F000FCEEE77ACDED017A9DF804300A224FF009
:104400000A24294648488DF814308DF815208DF877
:1044100016308DF817200694FFF72EFA09B0BDE884
:10442000F08FDFF820C12C464FF4207A4FF021099D
:104430004FF0000EBCE80F000FC49CE80300CDF85D
:1044400008A08DF8169084E8030056E7002390E753
:1044500098F82230384A07EE903AB8EEE77AD2ED73
:10446000007AB4EEE77AF1EE10FA56D9002B14BFB9
:104470000023FE23C2E798F8223002AD2E4A07EE51
:10448000903ADFF8C0C0B8EEE77AD2ED007AB4EE29
:10449000E77AF1EE10FA27D933B398F82330B4EE67
:1044A000E77ADFED236A2C46002B9FED206A1C4F34
:1044B0004FF4207E46FE266AF1EE10FAC7ED006A40
:1044C000BCE80F000FC49CE80300CDF808E084E8C6
:1044D000030018D94FF0000E21238DF815E08DF858
:1044E00016300AE7002389E7144B2C460C4F4FF493
:1044F000207E3B60BCE80F000FC49CE80300CDF8B1
:1045000008E084E80300FE234FF0160E8DF8153006
:1045100044F62163ADF81630EFE6FE236EE700BFE8
:10452000246800200000F041A03D002000000000B1
:104530000000C84200007E43406800200000C842DE
:10454000B0680020C00200203C6A002008B5084B7B
:104550001B7853B1074B1B78013B022B01D900207C
:1045600008BDFFF79FFE002008BD012008BD00BF69
:10457000426A0020B06800208B7DF0B50D468DB0FA
:1045800004464B4E002B4CD1336813F0005C25D011
:10459000FDF768FD3368844603F07F0301339842DA
:1045A0001ED24449424807E003685FFA82FC03F0E8
:1045B0007F0301339C4513D20CEB01030CF1010284
:1045C0001B011B68C3F30363082BEDD120462A4669
:1045D0006146FFF79DF801200DB0F0BD3368E0E7BC
:1045E0000FCDEC46FF276E460DF1180EACE80F001C
:1045F00095E803008CE803008DF814700FCEAEE848
:104600000F009CE803008EE80300182241F61A30E0
:104610000DEB02012044FFF7FBF84FF0FF300DB027
:10462000F0BD306810F0005040D0FDF71BFD33683E
:1046300003F07F030133834227D91E491C4E05E056
:10464000336803F07F03013398421ED24318421CA3
:1046500084461B01D0B21A681201F1D51B68C3F35E
:104660000363082B19D06E466F460DF1180E0FCD5F
:104670000FC695E8030086E803008DF814C00FCF3D
:10468000AEE80F0096E80300BDE70B4B4FF0FF3C90
:104690001B68C3F30363082BE5D120462A465FFA63
:1046A0008CF1FFF735F801200DB0F0BD3368C4E799
:1046B00000401D4008D4010470401D40F0B505685D
:1046C00087B08646B5F5307F1CD1037B2F4A304832
:1046D0009EF80D10037003F0010011702D4A2E4951
:1046E0001070C3F340002D4A0870C3F380002C49BA
:1046F0001070C3F3C0002B4AC3F38013DEF80050E0
:1047000008701370284CEC469EF80B60DEF80770BA
:104710000FCCACE80F0094E8030032460095CDF8CA
:1047200007708DF80B608CE803000EF10C0103A8F4
:1047300003F05EF969461D48FFF71EFF08B107B098
:10474000F0BD052464210C2003F078FA00210A2032
:1047500003F074FA00210B2003F070FA322002F00B
:10476000FFFD00210C2003F069FA00210A2003F06C
:1047700065FA0B20002103F061FA322002F0F0FD0F
:10478000013CDFD1FDF726FF07B0F0BD456A0020F0
:10479000466A0020476A00204A6A0020486A0020D2
:1047A000446A0020496A0020C002002088140020CA
:1047B000324A334B334992ED007A334AD1ED007AD5
:1047C000BCEEC77AF0B5314C87B093F82360FCEEAD
:1047D000E77A1D78EC46177817EE10EA0FCCACE8B4
:1047E0000F002B4B4FF4D6628DF80FE01B78009230
:1047F00001228DF80D30274B8DF80C201B7894E8A2
:1048000003008DF80E3017EE903A8CE803006946ED
:1048100021488DF810708DF811608DF812508DF8C8
:104820001330FFF7A9FE10B1012007B0F0BD052439
:1048300064210C2003F002FA00210A2003F0FEF9A3
:1048400000210B2003F0FAF9322002F089FD00214B
:104850000C2003F0F3F900210A2003F0EFF90B20FC
:10486000002103F0EBF9322002F07AFD013CDFD1A8
:10487000FDF7B0FE012007B0F0BD00BF24680020A6
:10488000B0680020406800204B6A0020C002002071
:10489000426A0020456A00208814002000F58053F9
:1048A000D3F8003EDB0069D5374B2DE9F04F5E6B46
:1048B0004FF0000E41F6146941F60467C6F3036633
:1048C00041F60868F600083609E013685B0F052B0F
:1048D00034D00EF1010E5FFA8EF39E4250D90EEBEA
:1048E0004E0500EBC50C0CF5F05213685B0F012B65
:1048F00013680DD05B0F022BE7D15CF807308B42B9
:10490000E7D85CF808308B42E3D30120BDE8F08F94
:1049100013F4607FDDD06D00002304E01468C4F35D
:10492000C21C6345D5D2013305EB030CDBB20CF599
:10493000F06C50F82C408C42F0D1E6E7136813F489
:10494000607FC6D0CC446D00012405E01368C3F33A
:10495000C21301339C42BCD22B19DCF800A00134F5
:1049600003F5F0630AEA010AE4B250F82330DCF8F8
:1049700000B003EA0B039A45E8D1C6E7012070476F
:104980000020BDE8F08F00BF00401D4001EB410159
:1049900070B500EBC10404F5045EDEF80030DB0006
:1049A00028D5DEF800305B0F012B0BD0DEF800308D
:1049B0005B0F022B42D0DEF800305B0F052B1BD0C3
:1049C000002070BDDEF8004014F4607FF8D00023B2
:1049D0004D0005E0DEF80010C1F3C21C6345EFD2C4
:1049E000013305EB030CDBB20CF5046C50F82C40E2
:1049F0009442EFD1012070BDDEF8005015F4607FC5
:104A0000DED042F2141549000123254407E0DEF808
:104A10000040C4F3C21C0CF1010C6345D0D22C68D9
:104A200004EA020CCC18013304F50464DBB250F83C
:104A300024402E683440A445E9D1DBE742F2041358
:104A4000E3589342BCD842F20813E058904234BF76
:104A50000020012070BD00BF83889BB20F2B03D8BC
:104A6000838801339BB283804288B0F802C00388F8
:104A700002F00F021FFA8CFC9BB2023283F010038B
:104A800040F822109C4504D10388013303F01F0332
:104A900003804388013303F01F034380704700BF46
:104AA00083889BB20F2B03D8838801339BB283800A
:104AB0004288B0F802C0038802F00F021FFA8CFC93
:104AC0009BB200EB420283F01003D1809C4504D1DD
:104AD0000388013303F01F0303804388013303F08D
:104AE0001F034380704700BF0B78632B10B504464B
:104AF00082B0104613D003F51C6304EB83035B689C
:104B000013B101929847019804F50054D4F8043881
:104B10001BB102B0BDE81040184702B010BD04F54B
:104B20000054D4F80437002BF0D001929847019834
:104B3000ECE700BF2DE9F04300F500578FB00446C5
:104B400097F8003713B9012387F80037238B9BB2FE
:104B5000002B57D1D7F80C2904F58056724B02F080
:104B60001F0103EB521301229B008A401A60B6F822
:104B70001E3B9BB283B3B6F81A3B1A2208AD0DF167
:104B8000080C03F00F03AE4602FB034341F632323A
:104B900003EB02089858D8F80410D8F80820D8F881
:104BA0000C300FC5D8F81000D8F8141003C5BEE8B3
:104BB0000F00ACE80F009EE803008CE803009DF9AD
:104BC0001C104B1C54D0594B0B441B011B68C3F3E6
:104BD0000363082B00F08B80D7F80C29544B02F0AC
:104BE0001F0103EB521301229B008A4000211A602F
:104BF000238BB6F81E0B9BB280B240EA03300FB095
:104C0000BDE8F083A68A1A23B4F814C008ADF6B242
:104C10000CF1010C03FB0646CCF3080CD6F81C0182
:104C2000D6F82011D6F82831D6F824210FC5D6F8A9
:104C30002C01D6F83011A4F814C0238B9BB203C505
:104C40001BB1238B013B9BB2238308AD02AE0FCD7A
:104C50000FC695E8030002AA86E803009DF81C3001
:104C60000DF1070120468DF80730FFF73DFF71E792
:104C7000DFF8C080D8F8005015F0005550D0FDF78F
:104C8000F1F9D8F80030054603F07F030133834281
:104C9000A2D9DFF89890DFF89C8008E0D8F80030BF
:104CA000013503F07F03EDB201339D4294D205EB51
:104CB00009031B011B68C3F30363082BEED102AA8F
:104CC00029462046FEF724FDB6F81A3B013303F0CF
:104CD0001F03A6F81A3BB6F81E3B9BB2002BDDD093
:104CE000B6F81E3B013B9BB2A6F81E3BD6E702AAD4
:104CF000C9B22046FEF70CFDB6F81A3B013303F0AB
:104D00001F03A6F81A3BB6F81E3B9BB2002B3FF4DC
:104D100063AFB6F81E3B013B9BB2A6F81E3B5BE7B8
:104D2000D8F80030B5E700BF6038003808D4010477
:104D30004038003800401D4000F58053D3F8003E55
:104D4000DB0069D5374B2DE9F04F5E6B4FF0000E5D
:104D500041F6146941F60467C6F3036641F6086834
:104D6000F600083609E013685B0F052B34D00EF10E
:104D7000010E5FFA8EF39E4250D90EEB4E0500EB0A
:104D8000C50C0CF5F05213685B0F012B13680DD0A6
:104D90005B0F022BE7D15CF807308B42E7D85CF859
:104DA00008308B42E3D30120BDE8F08F13F4607F1D
:104DB000DDD06D00002304E01468C4F3C21C634519
:104DC000D5D2013305EB030CDBB20CF5F06C50F8D7
:104DD0002C408C42F0D1E6E7136813F4607FC6D014
:104DE000CC446D00012405E01368C3F3C213013302
:104DF0009C42BCD22B19DCF800A0013403F5F0630F
:104E00000AEA010AE4B250F82330DCF800B003EA01
:104E10000B039A45E8D1C6E7012070470020BDE8A2
:104E2000F08F00BF00001D4001EB410170B500EBA9
:104E3000C10404F5045EDEF80030DB0028D5DEF89E
:104E400000305B0F012B0BD0DEF800305B0F022B24
:104E500042D0DEF800305B0F052B1BD0002070BD68
:104E6000DEF8004014F4607FF8D000234D0005E028
:104E7000DEF80010C1F3C21C6345EFD2013305EB2D
:104E8000030CDBB20CF5046C50F82C409442EFD1CB
:104E9000012070BDDEF8005015F4607FDED042F2D4
:104EA000141549000123254407E0DEF80040C4F34F
:104EB000C21C0CF1010C6345D0D22C6804EA020C30
:104EC000CC18013304F50464DBB250F824402E689A
:104ED0003440A445E9D1DBE742F20413E35893429E
:104EE000BCD842F20813E058904234BF00200120A1
:104EF00070BD00BF0B78632B10B5044682B010461E
:104F000013D003F51C6304EB83035B6813B10192B8
:104F10009847019804F50054D4F804381BB102B046
:104F2000BDE81040184702B010BD04F50054D4F895
:104F30000437002BF0D0019298470198ECE700BFAE
:104F40002DE9F04300F500578FB0044697F800377D
:104F500013B9012387F80037238B9BB2002B57D15D
:104F6000D7F80C2904F58056724B02F01F0103EBB1
:104F7000521301229B008A401A60B6F81E3B9BB276
:104F800083B3B6F81A3B1A2208AD0DF1080C03F0F2
:104F90000F03AE4602FB034341F6323203EB020835
:104FA0009858D8F80410D8F80820D8F80C300FC555
:104FB000D8F81000D8F8141003C5BEE80F00ACE80C
:104FC0000F009EE803008CE803009DF91C104B1CA9
:104FD00054D0594B0B441B011B68C3F30363082BCC
:104FE00000F08B80D7F80C29544B02F01F0103EB23
:104FF000521301229B008A4000211A60238BB6F8CD
:105000001E0B9BB280B240EA03300FB0BDE8F083C4
:10501000A68A1A23B4F814C008ADF6B20CF1010C3C
:1050200003FB0646CCF3080CD6F81C01D6F8201179
:10503000D6F82831D6F824210FC5D6F82C01D6F899
:105040003011A4F814C0238B9BB203C51BB1238B72
:10505000013B9BB2238308AD02AE0FCD0FC695E88E
:10506000030002AA86E803009DF81C300DF1070139
:1050700020468DF80730FFF73DFF71E7DFF8C0806D
:10508000D8F8005015F0005550D0FDF70FF8D8F8BB
:105090000030054603F07F0301338342A2D9DFF8D5
:1050A0009890DFF89C8008E0D8F80030013503F0D4
:1050B0007F03EDB201339D4294D205EB09031B013E
:1050C0001B68C3F30363082BEED102AA29462046CE
:1050D000FEF75EFBB6F81A3B013303F01F03A6F898
:1050E0001A3BB6F81E3B9BB2002BDDD0B6F81E3B38
:1050F000013B9BB2A6F81E3BD6E702AAC9B22046E6
:10510000FEF746FBB6F81A3B013303F01F03A6F87F
:105110001A3BB6F81E3B9BB2002B3FF463AFB6F8C8
:105120001E3B013B9BB2A6F81E3B5BE7D8F8003064
:10513000B5E700BF6038003808D0010440380038B7
:1051400000001D4043884FF01A0CDBB210B50CFB79
:1051500003030446002083F806016388DBB20CFBDE
:10516000034383F807216088C0B20CFB004000F5C0
:10517000847004F0FFF96288238892B29BB283F4B2
:1051800080739A4204D123880133C3F30803238038
:1051900063880133C3F308036380A3889BB2FF2BAA
:1051A00003D8A38801339BB2A38010BD2DE9F04F33
:1051B0008C468DB00E4607466C46054600F1100839
:1051C0004FF00109DFF8A0A0BCE80F000FC49CE875
:1051D000030084E8030055F8044F5CB19DF91420E6
:1051E000A36809FA02F1194223D02368D3F800B06A
:1051F000D34519D14545EED107F5005393F8003753
:105200003BB3306806AC7168B268F3680FC43069AC
:105210001822716903C40DEB020107F11400FFF7B6
:1052200091FF0DB0BDE8F08F9DF81530694620461E
:10523000D847237C002BDDD02368D3F800B09DF83D
:105240001530D345D6D020464FF0FF326946D847B7
:10525000D0E7337D324606A938468DF81830FFF77F
:1052600043FC0DB0BDE8F08F2901000000F50053AC
:1052700093F80137002B00F0DB80DFF86CC22DE9DA
:10528000F04F0F4689B005460E4602AC0FCF0FC453
:1052900097E8030084E80300DCF800309B0052D557
:1052A000DCF8343000244FF06309C3F3036A22466C
:1052B0004FEACA0A0AF1080A0CE05B0F022B3B68AE
:1052C00000F09A805B0F052B00F0DD800134E2B224
:1052D000924538D996F91430632B34D004EB440846
:1052E00005EBC80B0BF5F0573B6813F0604FEDD0A2
:1052F0003B685B0F012B3B68DFD1C3F30043F279BE
:105300009A42E3D13B6813F4607FDFD04FEA480B49
:10531000002306E03A685FFA88F3C2F3C2129342B0
:10532000D4D203F10108029A0BEB080303F5F063F2
:1053300055F823309A42EDD102A928468DF81C90E9
:10534000FFF734FFE6E70023674F8DF80E303C6827
:1053500014F000543FD0FCF785FE3B68044603F090
:105360007F030133834233D942F2041742F2081813
:10537000DFF8749196F91430A34220D004EB440175
:1053800005EBC10202F5045ADAF8003013F0604F61
:1053900015D0DAF80030F079C3F3C06398420ED12B
:1053A000DAF800305B0F012BDAF8003041D05B0FE8
:1053B000022B12D0DAF800305B0F052B5BD0D9F846
:1053C0000030013403F07F03E4B201339C42D1D3B7
:1053D00009B0BDE8F08F3B68C6E7D159029B8B420C
:1053E000EDD352F808209342E9D802A928468DF857
:1053F0001C40FFF7DBFEE2E7C3F30043F2799A4279
:105400007FF464AF41F604635BF80320029B934290
:10541000FFF45CAF41F608625BF8022093423FF66E
:1054200055AF02A928468DF81C90FFF7BFFE4DE747
:10543000704713F4607FC2D04A00002307E0DAF817
:1054400000105FFA8BF3C1F3C2118B42B7D203F1A4
:10545000010B029902EB0B0303F5046355F82330AB
:105460009942ECD102A9284600928DF81C40FFF722
:105470009DFE009AE3E7029A21462846FFF786FA46
:1054800000289CD0B1E73B6813F4607F3FF41EAF67
:1054900041F6146301275B440AE00BF5F051013734
:1054A0000968FFB2C1F3C21101318F42BFF40EAFE0
:1054B00007EB4801186801F5F06155F821E0029901
:1054C000D3F800C008400EEA0C018842E5D102A9D9
:1054D000284601938DF80E2000928DF81C90FFF75E
:1054E00065FEDDE90023D8E700401D402DE9F04FBF
:1054F000944D9BB0944F08AC04900FCD0FC495E829
:10550000030084E803007E6AB96AD7F82CB0386BD0
:105510003B68029113F40043039003D13A6894006E
:1055200000F11A81039B43F00103BBF1000F00F06F
:105530000581BBFA8BF3844DC3F140032C68DFB2C5
:1055400014F00054019700F08482FCF78BFD2B6867
:10555000044603F07F030133834240F2C280874256
:1055600040F2BF80049B671CDFF8DC9103F5005319
:10557000FDB2059318E0042A00F06281082A00F0C9
:105580000382D9F80030FCB2019A03F07F030133A3
:10559000A24288BFAB4205F1010594BF012300235D
:1055A000002B40F09E80671CC4F12002029BA4F1F6
:1055B000200A06FA02F1E3400B4326FA0AF10B43F4
:1055C000D807DED5039B0BFA02F2E34013432BFA14
:1055D0000AF21343D907D4D5DFF87881A0444FEA03
:1055E0000818D8F80030190EC3F3036201F00B015C
:1055F0000229C0D1D8F8041003F4001021F0604152
:10560000002812BF4FF0010C4FF0000C890C062A45
:105610008DF827C0089102D101228DF82920ADF81C
:105620002430C3F303438DF8344000288DF82B3029
:10563000059B93F815398DF83530D8F808308DF87A
:105640002F30D8F808304FEA13238DF82E30D8F8D1
:1056500008304FEA13438DF82D30D8F808304FEA60
:1056600013638DF82C30D8F80C308DF83330D8F81F
:105670000C304FEA13238DF83230D8F80C304FEA53
:1056800013438DF83130D8F80C304FEA13638DF89E
:10569000303014BF4FF08C634FF080631F2CC8F87C
:1056A0000030D9F808304FF0010334D8D9F8302051
:1056B000A340214604981343C9F83030089AFFF7F5
:1056C00065F9002835D108A90498FFF7CFFD08A88F
:1056D000AFF3008008A8AFF3008008A8AFF3008004
:1056E0004FE7194E194D346A2A68194B624013402E
:1056F00043B1049B03F58053B3F8D43C9BB20F2B0A
:1057000040F2A981104A136A23431362BFF34F8FFB
:105710001BB0BDE8F08FD9F82C2003FA0AF321461C
:1057200004981343C9F82C30089AFFF72FF9002882
:10573000C9D008A90498FFF739FDC4E7B3FA83F389
:105740002033F8E6C002002000401D400C68002015
:10575000BFFF070008D4010489067FF5E3AE820687
:105760007FF5E0AED7F88020C34C02F40011C2F3FD
:105770000050ADF824200029C2F303414FEAD25271
:105780008DF82B10D7F884108DF8280018BF012051
:1057900021F0604108BF00208DF826204FF0000264
:1057A00008BF890C8DF827000CA80891D4F8881040
:1057B000D1400832202A00F8011DF7D10DA8AE49CA
:1057C000D1F88C20DA400833202B00F8012DF7D1D6
:1057D000049B03F5005393F815398DF83530632396
:1057E0008DF834308B680B6B43F020030B63039B05
:1057F0005D0603D50B6B43F040030B63039B1C0654
:1058000004D59D4A136B43F080031363049C08A9DD
:105810002046FFF72BFD08A8AFF3008008A8AFF3E0
:10582000008008A8AFF3008008992046FFF736F8FB
:1058300000283FF477AE08A90498FFF7B7FC71E69B
:1058400003F40012002AD8F80420ADF82430C3F382
:1058500003438DF8344022F060428DF82B3018BF9E
:105860000121059B04BF920C002193F81539089281
:105870008DF83530D8F80830049A8DF82F30D8F8E4
:1058800008308DF827101B0A8DF82E30D8F8083014
:105890001B0C8DF82D30D8F808301B0E8DF82C30ED
:1058A000D8F80C308DF83330D8F80C301B0A8DF84E
:1058B0003230D8F80C301B0C8DF8313004F602234E
:1058C00052F82330D8F80C20120E8DF830200BB18E
:1058D00008A89847059BD3F808390BB108A8984742
:1058E000049901F58052B2F81E3B07929BB2002B3F
:1058F00000F0C480B2F81A3B1A220DF1500C03F0EC
:105900000F03E04602FB031341F632320EA903EB0C
:10591000020A06918E469858DAF80410DAF8082040
:10592000DAF80C30ACE80F00DAF81000DAF81410EE
:10593000ACE80300B8E80F00AEE80F0098E80300F9
:105940008EE803009DF94C305A1C00F0A6809C4262
:105950007FF417AE069AE1B20498FDF7D9FE079AD4
:10596000B2F81A3B013303F01F03A2F81A3BB2F856
:105970001E3B9BB2002B3FF404AEB2F81E3B013B32
:105980009BB2A2F81E3BFCE503F40012002AD8F8F3
:105990000420ADF82430C3F303438DF8344022F0E3
:1059A00060428DF82B3018BF0121059B04BF920C7B
:1059B000002193F8153908928DF83530D8F8083061
:1059C000049A8DF82F30D8F808308DF827101B0A6C
:1059D0008DF82E30D8F808301B0C8DF82D30D8F803
:1059E00008301B0E8DF82C30D8F80C308DF8333081
:1059F000D8F80C301B0A8DF83230D8F80C301B0C5C
:105A00008DF83130D8F80C301B0E8DF8303004F69C
:105A1000022352F823300BB108A89847059BD3F80E
:105A200008390BB108A89847049901F58052B2F8DB
:105A30001E3B07929BB2002B7FF45CAF1F2C4FF0F4
:105A4000010335D8D9F83020A3401343C9F83030CA
:105A500097E52B6886E5049F41F6D04021463844FF
:105A6000FEF7FAFFF16941F6985089B23844FFF722
:105A700017F82C6046E600BF00401D401F2C4FF079
:105A800001030DD8D9F83020A3401343C9F83030B2
:105A90004FF00063C8F8003073E5069A21465BE7D3
:105AA000D9F82C2003FA0AF31343C9F82C30EFE796
:105AB000D9F82C2003FA0AF31343C9F82C3060E517
:105AC0002DE9F04F8C468DB00E4607466C460546D4
:105AD00000F110084FF00109DFF8A0A0BCE80F00AA
:105AE0000FC49CE8030084E8030055F8044F5CB140
:105AF0009DF91420A36809FA02F1194223D0236802
:105B0000D3F800B0D34519D14545EED107F5005380
:105B100093F800373BB3306806AC7168B268F3683D
:105B20000FC430691822716903C40DEB020107F13B
:105B30001400FFF707FB0DB0BDE8F08F9DF815309E
:105B400069462046D847237C002BDDD02368D3F854
:105B500000B09DF81530D345D6D020464FF0FF3227
:105B60006946D847D0E7337D324606A938468DF8D6
:105B70001830FFF7BFF90DB0BDE8F08F2901000024
:105B800000F5005393F80137002B00F0DB80DFF8BD
:105B90006CC22DE9F04F0F4689B005460E4602ACA7
:105BA0000FCF0FC497E8030084E80300DCF800304F
:105BB0009B0052D5DCF8343000244FF06309C3F366
:105BC000036A22464FEACA0A0AF1080A0CE05B0F90
:105BD000022B3B6800F09A805B0F052B00F0DD8004
:105BE0000134E2B2924538D996F91430632B34D09F
:105BF00004EB440805EBC80B0BF5F0573B6813F0BA
:105C0000604FEDD03B685B0F012B3B68DFD1C3F3E6
:105C10000043F2799A42E3D13B6813F4607FDFD00E
:105C20004FEA480B002306E03A685FFA88F3C2F3B4
:105C3000C2129342D4D203F10108029A0BEB08037B
:105C400003F5F06355F823309A42EDD102A92846B6
:105C50008DF81C90FFF734FFE6E70023674F8DF8BF
:105C60000E303C6814F000543FD0FCF71FFA3B683C
:105C7000044603F07F030133834233D942F2041711
:105C800042F20818DFF8749196F91430A34220D03C
:105C900004EB440105EBC10202F5045ADAF80030C6
:105CA00013F0604F15D0DAF80030F079C3F3C06319
:105CB00098420ED1DAF800305B0F012BDAF8003091
:105CC00041D05B0F022B12D0DAF800305B0F052BAE
:105CD0005BD0D9F80030013403F07F03E4B2013324
:105CE0009C42D1D309B0BDE8F08F3B68C6E7D159DB
:105CF000029B8B42EDD352F808209342E9D802A9C7
:105D000028468DF81C40FFF7DBFEE2E7C3F30043B3
:105D1000F2799A427FF464AF41F604635BF80320A2
:105D2000029B9342FFF45CAF41F608625BF80220ED
:105D300093423FF655AF02A928468DF81C90FFF715
:105D4000BFFE4DE7704713F4607FC2D04A000023C6
:105D500007E0DAF800105FFA8BF3C1F3C2118B424F
:105D6000B7D203F1010B029902EB0B0303F50463B5
:105D700055F823309942ECD102A9284600928DF8BB
:105D80001C40FFF79DFE009AE3E7029A2146284651
:105D9000FFF74AF800289CD0B1E73B6813F4607F16
:105DA0003FF41EAF41F6146301275B440AE00BF594
:105DB000F05101370968FFB2C1F3C21101318F42BE
:105DC000BFF40EAF07EB4801186801F5F06155F814
:105DD00021E00299D3F800C008400EEA0C01884285
:105DE000E5D102A9284601938DF80E2000928DF886
:105DF0001C90FFF765FEDDE90023D8E700001D4099
:105E00002DE9F04F944D9BB0944F08AC04900FCD0A
:105E10000FC495E8030084E803007E6AB96AD7F8E6
:105E20002CB0386B3B68029113F40043039003D10C
:105E30003A68940000F11A81039B43F00103BBF11F
:105E4000000F00F00581BBFA8BF3844DC3F14003D2
:105E50002C68DFB214F00054019700F08482FCF744
:105E600025F92B68044603F07F030133834240F297
:105E7000C280874240F2BF80049B671CDFF8DC9140
:105E800003F50053FDB2059318E0042A00F0628187
:105E9000082A00F00382D9F80030FCB2019A03F01E
:105EA0007F030133A24288BFAB4205F1010594BFD5
:105EB00001230023002B40F09E80671CC4F12002C8
:105EC000029BA4F1200A06FA02F1E3400B4326FAF2
:105ED0000AF10B43D807DED5039B0BFA02F2E3402D
:105EE00013432BFA0AF21343D907D4D5DFF878818C
:105EF000A0444FEA0818D8F80030190EC3F3036223
:105F000001F00B010229C0D1D8F8041003F40010ED
:105F100021F06041002812BF4FF0010C4FF0000C3F
:105F2000890C062A8DF827C0089102D101228DF82C
:105F30002920ADF82430C3F303438DF83440002802
:105F40008DF82B30059B93F815398DF83530D8F83E
:105F500008308DF82F30D8F808304FEA13238DF829
:105F60002E30D8F808304FEA13438DF82D30D8F88A
:105F700008304FEA13638DF82C30D8F80C308DF8C8
:105F80003330D8F80C304FEA13238DF83230D8F87C
:105F90000C304FEA13438DF83130D8F80C304FEA0B
:105FA00013638DF8303014BF4FF08C634FF0806373
:105FB0001F2CC8F80030D9F808304FF0010334D84E
:105FC000D9F83020A340214604981343C9F8303053
:105FD000089AFEF729FF002835D108A90498FFF791
:105FE000CFFD08A8AFF3008008A8AFF3008008A891
:105FF000AFF300804FE7194E194D346A2A68194BE8
:106000006240134043B1049B03F58053B3F8D43C82
:106010009BB20F2B40F2A981104A136A23431362EB
:10602000BFF34F8F1BB0BDE8F08FD9F82C2003FAD7
:106030000AF3214604981343C9F82C30089AFEF756
:10604000F3FE0028C9D008A90498FFF739FDC4E77A
:10605000B3FA83F32033F8E6C002002000001D40AD
:1060600008680020BFFF070008D0010489067FF5FB
:10607000E3AE82067FF5E0AED7F88020C34C02F491
:106080000011C2F30050ADF824200029C2F30341EF
:106090004FEAD2528DF82B10D7F884108DF82800D3
:1060A00018BF012021F0604108BF00208DF8262094
:1060B0004FF0000208BF890C8DF827000CA808914A
:1060C000D4F88810D1400832202A00F8011DF7D1F9
:1060D0000DA8AE49D1F88C20DA400833202B00F807
:1060E000012DF7D1049B03F5005393F815398DF872
:1060F000353063238DF834308B680B6B43F020030D
:106100000B63039B5D0603D50B6B43F040030B63EE
:10611000039B1C0604D59D4A136B43F08003136355
:10612000049C08A92046FFF72BFD08A8AFF30080C8
:1061300008A8AFF3008008A8AFF3008008992046B4
:10614000FEF7FAFD00283FF477AE08A90498FFF7A0
:10615000B7FC71E603F40012002AD8F80420ADF869
:106160002430C3F303438DF8344022F060428DF8AD
:106170002B3018BF0121059B04BF920C002193F81E
:10618000153908928DF83530D8F80830049A8DF812
:106190002F30D8F808308DF827101B0A8DF82E30D4
:1061A000D8F808301B0C8DF82D30D8F808301B0EAD
:1061B0008DF82C30D8F80C308DF83330D8F80C30FE
:1061C0001B0A8DF83230D8F80C301B0C8DF83130AA
:1061D00004F6022352F82330D8F80C20120E8DF862
:1061E00030200BB108A89847059BD3F808390BB1AC
:1061F00008A89847049901F58052B2F81E3B07920F
:106200009BB2002B00F0C480B2F81A3B1A220DF1A9
:10621000500C03F00F03E04602FB031341F6323249
:106220000EA903EB020A06918E469858DAF804107C
:10623000DAF80820DAF80C30ACE80F00DAF81000D1
:10624000DAF81410ACE80300B8E80F00AEE80F006D
:1062500098E803008EE803009DF94C305A1C00F0CA
:10626000A6809C427FF417AE069AE1B20498FDF72F
:106270008FFA079AB2F81A3B013303F01F03A2F812
:106280001A3BB2F81E3B9BB2002B3FF404AEB2F8AF
:106290001E3B013B9BB2A2F81E3BFCE503F400123F
:1062A000002AD8F80420ADF82430C3F303438DF856
:1062B000344022F060428DF82B3018BF0121059B3D
:1062C00004BF920C002193F8153908928DF83530EF
:1062D000D8F80830049A8DF82F30D8F808308DF8A7
:1062E00027101B0A8DF82E30D8F808301B0C8DF8BB
:1062F0002D30D8F808301B0E8DF82C30D8F80C3023
:106300008DF83330D8F80C301B0A8DF83230D8F8BD
:106310000C301B0C8DF83130D8F80C301B0E8DF87A
:10632000303004F6022352F823300BB108A8984706
:10633000059BD3F808390BB108A89847049901F5D3
:106340008052B2F81E3B07929BB2002B7FF45CAFE9
:106350001F2C4FF0010335D8D9F83020A340134348
:10636000C9F8303097E52B6886E5049F41F6D040A8
:1063700021463844FEF770FBF16941F6985089B226
:106380003844FEF78DFB2C6046E600BF00001D4040
:106390001F2C4FF001030DD8D9F83020A340134330
:1063A000C9F830304FF00063C8F8003073E5069A42
:1063B00021465BE7D9F82C2003FA0AF31343C9F806
:1063C0002C30EFE7D9F82C2003FA0AF31343C9F86D
:1063D0002C3060E52D492E4A2E4838B5002401F5B1
:1063E00080532D4D8C822960CC82086001F50050CD
:1063F0000C8302F50051A3F81A4B284DA3F81C4B4F
:10640000A3F81E4BA3F8D04CA3F8D24CA3F8D44C5D
:10641000A3F8984DA3F89A4DA3F89C4D02F580532C
:1064200080F80047C0F80C4980F80147C0F81049CF
:10643000948280F81449D48215601483A3F81A4B0F
:10644000A3F81C4BA3F81E4BA3F8D04CA3F8D24CD6
:10645000A3F8D44CA3F8984DA3F89A4DA3F89C4DFB
:106460000F4B81F80047C1F80C4981F80147C1F88A
:10647000104981F814491A6001F068F84FF4A072CD
:106480002146084803F0F2F838BD00BFA03D0020C7
:1064900088140020AC04002020670020D0040020D5
:1064A00024670020E06800202E4B1B7810B563BBEA
:1064B0002D484FF0FF0C2D4A2D492E4CD0ED007A7F
:1064C00009789370FCEEE77A2378D170911D5371AF
:1064D000931C17EE900A82F806C08B424FF4837C1F
:1064E00010714FF0FE00A2F800C007D01A780133F7
:1064F000FF2A08BF03F8010C8B42F7D106221E4980
:106500001E4800F08FFE012010BD1D4B4FF4857416
:10651000154A93ED007A1648144BBCEEC77AD2EDBB
:10652000007A00781C8000241649FCEEE77A114AB4
:10653000D870127891F823009C706C2409785A71F5
:1065400017EE102A9871FF205C7217EE904AD971ED
:10655000591C1A720A2298721C71084800F062FED7
:10656000012010BD406A00202468002054670020EC
:10657000456A00204B6A002055670020B0090020C2
:1065800040680020B0680020484A494B12681A60F1
:106590004378042B07D8DFE803F01706030F070042
:1065A0008378092B28D9704742490120424B0022A9
:1065B000087083F82320704700B58378032B3CD8FC
:1065C000DFE803F04C646B378378042B0AD83A4A2F
:1065D000012BC178137082F8221030D1374B002282
:1065E0001A6005E0344B0021C278197083F822202C
:1065F000334B00221A7070472F4A03EB430190F887
:1066000003C0062B114481F801C090F804C081F842
:1066100002C04079C87018D9073B0121D07F01FA28
:1066200003F30343D37792F82130013382F821300A
:106630007047214B002283F823205DF804FB042BD4
:10664000D6D11F4B01221A707047012092F82010FA
:1066500000FA03F30B4382F82030E4E7164A40F2D5
:10666000053E184B002092F8201092F81FC0987039
:10667000FF20D97005225871591CA3F800E083F857
:1066800004C011485DF804EB00F0CCBD21220021CC
:106690000E485DF804EB02F0E9BF074A40F2053E00
:1066A000084B0220117892F822C0E0E7D868002059
:1066B00020680020406A0020B06800202468002084
:1066C000416A002068670020B0090020B1680020FE
:1066D000F8B500210C2000F097FE042400210A20C8
:1066E00000F092FE00210B2000F08EFE01212046DA
:1066F00000F0C6FE0121052000F0C2FE00210520A9
:1067000000F082FE0121204600F07EFE0A210C20CE
:1067100001F094FA00210A2001F090FA00210B20E8
:1067200001F08CFA40F2712000F01AFE00210C20DA
:1067300001F084FA00210A2001F080FA0B200021E8
:1067400001F07CFA40F2712000F00AFE013CDDD13C
:1067500021460520344E00F093FE40F6C410334D20
:1067600000F0FEFD304600F05BFA22464FF4164181
:10677000304605F1200700F087FA55F8044F20460F
:1067800034B102F0FDFF21460246304600F04AFDDA
:10679000304600F07BFD0A210C2001F04FFA002169
:1067A0000A2001F04BFA00210B2001F047FA4FF4C8
:1067B0009C7000F0D5FD00210C2001F03FFA002173
:1067C0000A2001F03BFA0B20002101F037FA4FF4C8
:1067D0009C7000F0C5FDBD42CFD1134C204600F0A7
:1067E00075F90028FAD0124A80230A210E4800F0D9
:1067F00073FD0021052000F043FE0121042000F07C
:106800003FFE0021042000F0FFFD40F6B83000F00C
:10681000A7FD054800F004FA00224FF49641024813
:10682000BDE8F84000F030BAB0090020740900203B
:106830008867002038B5002000F0ACFE28B9044677
:10684000012000F0A7FE6C281DD0FFF741FF0021BA
:10685000084600F0ABFF6C21012000F0A7FF0021EB
:10686000022000F0A3FF0021032000F09FFF184B3F
:10687000042093F8221000F099FF00210520BDE8C4
:10688000384000F093BF0220114D00F083FE034614
:10689000104A0320003B18BF0123137000F07AFE5A
:1068A000042805D8287020B1012385F8233000E0A2
:1068B0002C70042000F06EFE0346052085F822307F
:1068C00000F068FE0038044B18BF0120187038BD76
:1068D000B0680020426A0020416A002038B5FCF709
:1068E0007DFE2B4CFFF7A6FF2A4B206803F5A07115
:1068F0001A68002A42D014338B42F9D1254B206804
:1069000003F5A0711A687AB314338B42FAD1214B84
:10691000206803F5A0711A68EAB114338B42FAD1EA
:10692000FCF722FA4FF496411B48002200F0ACF924
:10693000184B206803F5A0711A681AB114338B4202
:10694000FAD138BD154C3221C3E9012001221C6067
:10695000C3E9031238BD124D14215A600122986018
:106960001D60C3E90312DBE70E4D40F6C4115A6007
:10697000012298601D60C3E90312C8E70A4D40F682
:10698000C4115A60012298601D60C3E90312B5E783
:10699000D8680020E0680020B0090020B12B00007A
:1069A0004D2900002D080000A94800002DE9F047FE
:1069B000374D0027DFF8EC804FF0010A05F5A0768F
:1069C0002C4609E054F8043CBBB144F804AC44F84C
:1069D0000C9C1434B44219D054F8142C002AF8D06A
:1069E000D8F8009054E90331A9EB03038B42F0D3AC
:1069F00054F8100C90470028E4D144F8047C44E992
:106A0000057744E903771434B442E5D1D8F800306F
:106A100055F8143C33B1D8F8003055E903125B1A2D
:106A2000934202D21435B542F2D11A4840F6B7313A
:106A3000D8F800300468D8F80030174A1B1B1748F4
:106A40008B428CBF00230123137000F03FF838B94C
:106A5000042000F003FDA0B9BDE8F047FCF7FAB947
:106A60000F4C0C23FF210D48621C00F035FC03463F
:106A700020462370FFF788FD042000F0EFFC00287B
:106A8000EAD0FFF725FEBDE8F047FCF7E3B900BF09
:106A9000F4680020206800203E6A0020B009002031
:106AA00078670020D868002001207047B0F8463091
:106AB000B0F848209BB292B2934202D2013AD01A67
:106AC0007047416B01390A44D01A7047016972B6A8
:106AD000B0F84A20B0F84C3092B29BB29A423CBF18
:106AE000806B1218C86AD31A62B6C0F302601844E9
:106AF000704700BFB0F84A100246B0F84C3089B277
:106B00009BB2994210B4046914D00133906B116B9D
:106B1000984298BF0023994206D85B1A526AD05C0B
:106B2000C0B25DF8044B7047126A5DF8044BD05C4C
:106B3000C0B2704772B6B0F84A0080B2814201D04C
:106B400062B6E2E7E36A13F0E06F03D14FF0FF3083
:106B500062B6E6E7E36901200024116AA2F84A0060
:106B6000C3F30900DBB2A2F84C404B70F0E700BF62
:106B7000B0F84A100246B0F84C3089B29BB2994244
:106B800030B4046925D00133946B9C4216D9106B44
:106B90001FFA83FC984217D9106AC05CC0B2956D89
:106BA000A2F84CC045B199421CD3CB1AD16B994283
:106BB00002D3D36DC5F8883030BC70474FF0000C5D
:106BC000106B63469842E7D8181A556A285CC0B221
:106BD000E5E7084672B6B2F84A1089B2884204D096
:106BE00062B6D0E70C44E31AE0E7E36A13F0E06F23
:106BF00003D14FF0FF3062B6DEE7E069C0F3090071
:106C0000F9E700BF90F8443043B110B5044602F0F4
:106C100087FA94F84430002BF9D110BD704700BFBB
:106C200038B5D0E90453D3E903120968114228D0DA
:106C300090F84420044632B102F072FA94F84430DD
:106C4000002BF9D1636900210E4AA961207E03EB74
:106C50000010007D02EB0010456805202860657E6D
:106C600003EB051393F8343002EB0312A36D526863
:106C70001060A4F84A10A4F84C1013B1E26DC3F8E8
:106C8000842038BD4405002007EE901A9FED9A7AC3
:106C90000421B6EE005AF8EE677A9FED986A41F645
:106CA000FF7CC7EE275A2DE9F0478E46056901247F
:106CB00007EE901AF8EEE77A85EEA77A77EE057A76
:106CC000FDEEE77A17EE903A6345A8BF6346012BC5
:106CD000B8BF012307EE903AF8EEE76A76EEC76A8E
:106CE000C6EE877AF5EEC07AF1EE10FA48BFF1EE03
:106CF000677AF4EEC67AF1EE10FA03D8B0EE676A5E
:106D00008E461C4601312129D2D10021436902F46B
:106D10000076A0F84A10B3F85AC08E42A0F84C1082
:106D2000B3F85860A0F84610A0F8481080F8441056
:106D3000816BDF68A1EB0606A1EB0C01C0E90F61D6
:106D400039681E6941EA0601396014BF012100213A
:106D5000817640F0AC80017E694E03EB0118DFF8CC
:106D6000C09198F81470D8F81CA006EB0717B96802
:106D7000C1F800907968D8F818700F60BAF1000F68
:106D800003D0D8F82010CAF80010477ED92103EBB1
:106D9000071898F834C006EB0C1CDCF80870396052
:106DA000DCF80410D8F838700F60417E03EB011155
:106DB000CF6B0FB1096C39600EF1FF31BEF1080FD6
:106DC0004FEA0161CCBF4FF0000E4FF0010E01F011
:106DD000F85144EA4E4421435C682961597801F135
:106DE00010030021E960474941F8234041694FF011
:106DF000010E454C02F0030C4F7891F85610434BAE
:106E000039554FF002174469617803EB511301F0D3
:106E10001F019B000EFA01F11960EF62AB6A43F0AB
:106E20008803AB6253073ED44CF4701302F00F0199
:106E3000042908BF43F0804397062ED5817E43F096
:106E4000805300293AD11607AB6103D52B6943F073
:106E500000532B616B69D10623F0805348BF43F088
:106E600080536B61D30503D52B6943F400532B6129
:106E7000A36883B1264E3478002C3AD0611E254D8C
:106E8000C9B22B1F05EB810101E0994225D053F8CF
:106E9000042F9042F9D1BDE8F087817E0029D2D03D
:106EA00043F0A003CFE71C4B4CEA0303BEE7477E49
:106EB0004FF2D901124E03EB07186AE7417E43F007
:106EC000A00304EB011191F8341006EB0116B6682B
:106ED000316821F440413160B5E7631CDBB20F4AF1
:106EE0003370137845F8240043F002031370BDE8B3
:106EF000F0870123074DF2E7001BB74BEC78AD603C
:106F0000440500200010002000E400E04038003874
:106F10003B6A00203867002010003C00566A0020C1
:106F200038F00100EFF31380B8B9EFF310834BB9D9
:106F3000EFF305823AB94FF48073EFF3118050B14B
:106F4000984208D270470F2AF7D9054B9B5CEFF3A4
:106F500011800028F4D1184670474FF0FF30F1E758
:106F6000F0E300E0036D2DE9F04104460F460669A9
:106F700013B1426DC3F88420A37E2BB172B6B369FE
:106F800043F00053B36162B6B4F84650636BADB2E0
:106F90000135AB424CD84FF000084546B4F84830B4
:106FA0009BB29D4219D028E073691B0210D5B4F83A
:106FB0004830626B9BB201339A4236D99AB2E16A89
:106FC00099422DD9E169CB5CDBB2F361A4F848208A
:106FD000B4F848309BB2AB420FD1FFF7A3FF63690F
:106FE000B3F856308342DFDAFF28F1DD02F098F87B
:106FF000B4F848309BB2AB42EFD0E36AAB421AD947
:10700000FFB2E3695F5572B6012084F84400A4F82A
:107010004680B36943F40003B36162B6BDE8F08112
:107020005B1AA16ACB5CDBB2CFE700221346C6E74E
:107030001FFA85F8B2E7ED1AFFB2A36A5F55E2E7DF
:10704000FFF790BF0269536913F4401F70B543D036
:10705000D36A13F0E06FC3F3026E3AD0B0F84A502F
:10706000B0F84C60ADB2B6B207E0016A01F803C0F7
:107070000EF1FF3313F0FF0E1DD0D1696B1C846B32
:10708000B0F84CC0C1F309019C4298BF00231FFA1D
:107090008CFC9C45ECD0046B5FFA81FC1D469C4245
:1070A000A3EB0404E1D8436A03F804C00EF1FF33F4
:1070B00013F0FF0EE1D1ABB2A0F84A30836D43B1BB
:1070C000B54254D3AD1B016CA94202D8C16DC3F8BF
:1070D00084105369D90245D49669330228D553697F
:1070E0001D0225D5B0F84650B0F84830ADB29BB27D
:1070F00006E0C169C95CC9B2D161D16A4C0512D43C
:10710000AB4238D0446B0133C16A9C4298BF002324
:107110009942A3EB0104ECD8816A095DC9B2D1613F
:10712000D16A4C05ECD599B2AB42A0F8481025D0F5
:10713000710216D553695B0213D50021036D80F8E7
:10714000441013B1416DC3F88810837E2BB172B621
:10715000936923F00053936162B6936923F480032B
:10716000936170BD536943F480135361B4E7816B3D
:10717000891B0D44A7E79BB2A0F84830936923F41C
:1071800000039361936943F480039361D0E700BFE8
:107190000148FFF757BF00BFB0090020084601F0C3
:1071A0002BBF00BF012A70B508BF0A228AB091B375
:1071B0004FF0210E01E05FFA86FE0EF1FF36B1FBC3
:1071C000F2F502FB15145FFA84FC092C0CF137046C
:1071D0000CF1300C98BF5FFA8CF40EF1280C88BFCC
:1071E000E4B29142EC4429460CF8244CE3D24BB172
:1071F0000EF1FF3E2D225FFA8EFE0EF128036B4446
:1072000003F8242C036801A9CEF122025B687144C3
:1072100098470AB070BD30224FF0210E8DF825201E
:10722000E5E700BF2DE9F0410C46D1B1EAB1804657
:107230008E1800250E4F04E001F0DEFEB442054436
:107240000CD0D8F8003014F8010B1B68BB42F3D007
:10725000014640469847B4420544F2D12846BDE86D
:10726000F0810D462846BDE8F0811546F6E700BFDF
:107270009D550000002903DB00230A22FFF792BF7F
:1072800049422D230A22FFF78DBF00BF00B50368D6
:1072900083B040F60D2C022201A95B68ADF804C052
:1072A000984703B05DF804FB5AB90368C9B2074AAE
:1072B0001B68934200B506D108465DF804EB01F067
:1072C0009BBEFFF76FBF5DF804EB18479D550000AC
:1072D00001F082BE01F01ABE2DE9F84F92B31746B5
:1072E000B3FA83F252096BB3B3F1010825D007EB6F
:1072F000080A834689469046174C184E25680BE0CD
:1073000001F06AFE002810DA01F00AFF2368DBF8BA
:1073100008205B1B93421AD2DBF800305B69B34252
:10732000EED0584698470028EEDB484505D007F8D0
:10733000010BBA4508F10108E0D1002340463B703B
:10734000BDE8F88F4FF000084046BDE8F88F0123F4
:107350008BF80C30F1E700BFD8680020D156000050
:1073600000B970472DE9F84F01218146214C224D8B
:10737000224E54E8003F2A68306844E80013002B8E
:10738000F7D11F494B684FF47A7BDFF878A01B1ABE
:1073900001270BFB02F8DAF80020A3FB02325A4562
:1073A00094BF9044D84454E8003F2A68306844E8C9
:1073B0000073002BF7D14B68DAF800C01B1A0BFBE7
:1073C00002F2A3FB0C3CBCF57A7F94BF624402F549
:1073D0007A72A2EB0802B2F57A7F06D3B9F10109FD
:1073E00008F57A78DFD1BDE8F88F01F099FE0449FD
:1073F000D9E700BFDC680020D8680020D4680020EE
:10740000001000E08C680020272816D80201104BDD
:1074100003EB00109B5810B4C2685C68144205D09E
:1074200061B95DF8044BC3F888207047836851B197
:10743000084A5DF8044B1A60704770475DF8044BCA
:10744000C3F884207047044A5DF8044B1A60704703
:107450004405002038F001003830010027280BD8FF
:10746000064B020103EB00109A58C36892681A4257
:1074700014BF012000207047002070474405002001
:10748000272829D8164B0201012903EB00109A582E
:1074900010B45368C4680ED004290CD023EA040346
:1074A00053608368A9B1022917D003290CBF0D4A84
:1074B0000D4A1A6007E0234301295360836808D00E
:1074C00040F638021A60436815225DF8044B1A60D2
:1074D000704738221A60F6E77047044A1A60F2E7EC
:1074E00044050020383001003800010038F0010068
:1074F00030B4124A0020124B0121124D124CC2F836
:10750000F032C2F8F402C2F8B810C2F8A000C2F813
:10751000A450C2F8B0105369DB07FCD55161237841
:10752000DB07F0D41368054943F0010313600B68CF
:10753000DB07FCD462B630BC704700BF00802A4035
:107540000504012401000F0000812A4070B50E4C93
:107550004FF6FF7E0D4E04F11E05A6F58053002167
:1075600002E0B34281B204D21A88481C0233724549
:10757000F7D124F8021FAC4206F58056EDD1044B3A
:1075800001221A7070BD00BF8E68002000101F60BD
:10759000436A0020B0F5876F2CD2174B10B51B78CB
:1075A000044623B3A008154B04F00301144CA3FBBD
:1075B0000023144ADB08C3EB031E9C46A0EB0E031A
:1075C00041EA8C01FF2034F813C01A444FEA4C0CF6
:1075D00013030CEB023CBCEB023F07D91A880233C1
:1075E000D4B28C4208BF100A9C45F7D810BDFFF7F3
:1075F000ADFFD7E7FF207047436A0020898888885D
:1076000090680020F0010600F8B50F46164672B6E5
:10761000344B40F20641344A9A610222DA61002278
:10762000C3F8A020C3F8F012C3F8F422C3F8F8227C
:10763000C3F8FC224FF47022C3F8A4200122C3F83F
:10764000B02020F01F038219BFF34F8F4FF0E024CA
:10765000C4F85C3F20339A42FAD8BFF34F8FBFF390
:107660006F8F204D6B69DA07FCD501231F49B2B239
:1076700020F07F406B6142F47022C5F8F01242F2B4
:107680000121184CC5F8F412C5F8BC30C5F8A000AB
:10769000C5F8A420C5F8B030154D01E05B0609D44B
:1076A000636913F00100F9D041236361BDE8F8403C
:1076B000FFF71EBF082E0AD836B132463946374486
:1076C0000646284600F094F940236361E8E7A6F1F6
:1076D000080008263946324637440646284600F058
:1076E00087F9F1E700802A40F05AF05A320418086E
:1076F00080812A4010B472B6284B0221284C002207
:107700009C614FF47024D96140F20641C3F8F01235
:107710000121C3F8F422C3F8F822C3F8FC22C3F80D
:10772000A020A2F58052C3F8A4400240C3F8B010D4
:10773000BFF34F8F02F5805102F120034FF0E02C90
:10774000994234BF0121802102EB41118B42CCF8D8
:107750005C2F1A4603F12003F8D1BFF34F8FBFF31C
:107760006F8F0E4A5369D907FCD501240D490E4B82
:1077700054610340C2F8F0124FF470200749C2F878
:10778000A030C2F8A400C2F8B0404B69DB07FCD5BA
:1077900001235DF8044B4B61FFF7AABE00802A402D
:1077A000F05AF05A2004180800F0FF00B0F5876F77
:1077B00080F08680444B2DE9F0471B78C2B0054627
:1077C0008946002B79D0AB08404E05F00305404FA9
:1077D000A6FB0326F60845EA8605C6EB06169E1BA1
:1077E0003C4B37F81640334460004FEA033800EB57
:1077F0000330B0EB033F64D943464FF0FF0C1A88C7
:107800000233D1B2A94208BF4FEA122C9842F6D8EF
:10781000E14541D0B4F5006F41D302AC4FF4807222
:10782000FF21204601F022FF08F5805008F10203F5
:107830004246984234BF01204FF4006008EB4000FC
:10784000134602321B888242D9B24FEA1323635493
:10785000F6D104F805900DF107090DF2071A00257D
:107860004C464046FFF746FF14F801CF08EB4500B1
:1078700002220DF10601631EBCF1FF0FA3EB090309
:1078800006D043EA0C230135ADF80630FFF7BCFE05
:10789000A245E9D127F8165042B0BDE8F08745EA85
:1078A000092502A902220134ADF80850FFF7ACFE09
:1078B00027F8164042B0BDE8F087FFF747FE82E7A1
:1078C00070474FF0FF0CA3E7436A0020898888883F
:1078D00090680020F0010600704700BF272858D8A4
:1078E0000001F0B4344C354D2358AB4256D049D842
:1078F000B3F1844F4BD0A5F58045AB4240D1304D1C
:107900002044304E304CC4F8B462D0E901C4C068A1
:107910004FF0E0264FF00057042AC6F810712FD818
:107920005E6926EA00065E614FF00506CCF800604D
:10793000266846F4803626605C6824EA00045C60B1
:10794000224C54F8224090FAA0F2B2FA82F245F8A2
:1079500022106FEA00011DD0DD690F2A01EA05013E
:10796000D9611DDC52000325D968944005FA02F262
:1079700021EA02022243DA6098615A6902435A619D
:10798000F0BC7047124DAB42FAD1124DB8E7124D20
:10799000B6E77047DA690243DA61EDE70F4DAFE70A
:1079A000103A032519695200944005FA02F221EABF
:1079B000020222431A61DFE74405002000800042F2
:1079C000040B00202100000000100020D80200203D
:1079D00000C00042040C0020840A0020840B002018
:1079E00008B5FEF77BFFFEF7E1FF01F099FBFAE730
:1079F000844641EA000313F003036DD1403A41D3BA
:107A000051F8043B40F8043B51F8043B40F8043B78
:107A100051F8043B40F8043B51F8043B40F8043B68
:107A200051F8043B40F8043B51F8043B40F8043B58
:107A300051F8043B40F8043B51F8043B40F8043B48
:107A400051F8043B40F8043B51F8043B40F8043B38
:107A500051F8043B40F8043B51F8043B40F8043B28
:107A600051F8043B40F8043B51F8043B40F8043B18
:107A700051F8043B40F8043B51F8043B40F8043B08
:107A8000403ABDD2303211D351F8043B40F8043BA8
:107A900051F8043B40F8043B51F8043B40F8043BE8
:107AA00051F8043B40F8043B103AEDD20C3205D3B8
:107AB00051F8043B40F8043B043AF9D2043208D0B0
:107AC000D2071CBF11F8013B00F8013B01D30B8822
:107AD00003806046704700BF082A13D38B078DD000
:107AE00010F003038AD0C3F10403D21ADB071CBFD2
:107AF00011F8013B00F8013B80D331F8023B20F83C
:107B0000023B7BE7043AD9D3013A11F8013B00F874
:107B1000013BF9D20B7803704B7843708B788370FC
:107B20006046704701F1FF3C70B56646002400E0F6
:107B30000134B0FBF2F502FB1503092B03F1370EFC
:107B400003F130035FFA8EFE98BF5FFA83FE904226
:107B5000284606F801EFEBD2631C0022C818CA546D
:107B60007CB162461CF8015F10F8016DA1EB0C03BB
:107B700002328CF80060013B521A057023449A428D
:107B8000EFDB084670BD00BF4FF0010C0CFA01FCA2
:107B900001EB410100EB411170B5B1F80EE01FFAA5
:107BA0008CF5254C1FFA8EFE24782E010EFB033334
:107BB00006F0F006E340B0F888417345A4B228BF50
:107BC00073463443012AA0F888410DD0022A28D0F8
:107BD000C2B10CF00F02B0F888C11FFA8CFC4CEA5D
:107BE000020CA0F888C170BD9BB20CF00F022D02F0
:107BF000CB82B0F8803105F470659BB22B43A0F8BE
:107C00008031E8E7AEEB030E0CF00F021FFA8EFE98
:107C1000A1F80AE0B0F880319BB21343A0F880319C
:107C2000D9E79BB20CF00F02CB83B0F880319BB246
:107C30001E43A0F88061CEE7D60C002027284BD841
:107C4000F8B52A4D044615F8202005EB8005012AD9
:107C50002DD0022A3FD16B78C3F3011003283ED008
:107C6000234A02EB803203F0030C224889B26346B8
:107C700002EB4C1C0678BCF806E05801BCF810304A
:107C80001FFA8EFECEF1011E1EFA83F303F1FF3EB2
:107C90000EFB01F1F1408E4523D95B1AC3F10103BC
:107CA0009BB289B20244ACF8063011820DE06A78CA
:107CB000C2F30113032B10D00F4800EB83308BB2BB
:107CC00002F00301AA78FFF75FFF0C4BEA7803EBA1
:107CD00004135B681A60F8BD70470948EFE7094A6A
:107CE000C1E7991E4FF6FF73DBE700BFC407002012
:107CF00000C01D40D60C002000C03D4044050020BF
:107D000000803E4000801E4000230F2248F2B82C25
:107D1000194610B54FF470444FF4806EA0F88C41B2
:107D20004FF46044A0F88E210A46A0F89031B0F8D4
:107D300088319BB243F0F003A0F8883101EB410396
:107D4000013100EB431304299C80A3F806E05A8418
:107D50001A865A805A81A3F80EC05A82DA825A8350
:107D6000DA83EBD1B0F888319BB243F00F03A0F86F
:107D70008831B0F888319BB243F47063A0F8883141
:107D800010BD00BF374B384A996F384841F47F0126
:107D900070B5996741F20106D3F8801045F6C055D9
:107DA00043F226040A43C3F88020FFF7ADFF00F535
:107DB0008040FFF7A9FF00F58040FFF7A5FF00F521
:107DC0008040FFF7A1FF0022A0F503104FF00F0E37
:107DD000114600EB42134FEA421C01329981042AFA
:107DE0005981A3F80EE09E82DD8020F80C101982E4
:107DF0009C81EED100221E484FF00F0E41F2010689
:107E0000114645F6C05543F2260400EB42134FEAF3
:107E1000421C01329981042A5981A3F80EE09E8206
:107E2000DD8020F80C1019829C81EED100221148CF
:107E30000F2641F20105114645F6C05443F2260EC5
:107E400000EB42134FEA421C01329981042A598106
:107E5000DE819D82DC8020F80C101982A3F80CE0F2
:107E6000EED170BD00C00F40000003FC00C03D40DB
:107E700000001E4000401E4072B6EFF30583524CD6
:107E8000C4F884301EF0040F0CBFEFF30882EFF348
:107E900009824FF0E0234D4E4D4DD3F8280DD3F815
:107EA0002C1DC4E92201D3F8341DD3F8383DC4E9B0
:107EB00024139369C4F89830D369C4F89C3000F057
:107EC000A3F884ED280A01F043FB0B214FF0FF32A9
:107ED000C4F8A4000B46C4F880103E49301D5A4037
:107EE000202402F00103013C01FB03F383EA520268
:107EF000F7D1A84202D073680646EFE7324BC3F8C9
:107F0000A820BFF34F8F4FF0E0233049324AC3F827
:107F1000701FC3F8702FBFF34F8FBFF36F8F2F4ABF
:107F200002252F48D36E2F4943F44053D366056092
:107F3000D3692D4823F07F0343F04003D3610B68DE
:107F400083423DD8264D00214FF0E0234FF0FF3211
:107F500029600126C5F808112449C5F80011C5F8A3
:107F60000861C3F88021C3F88421C3F88821C3F8CD
:107F70008C21C3F8902101E000F038F9D5F80C31DC
:107F8000002BF9D00134C5F80C614F2CF4D9184BF3
:107F9000022018494FF00042C1F840015A63D5F859
:107FA0000C313BB9144815490D4A0163D2F80C3124
:107FB000002BFAD04FF0E023114AC3F80C2DFEE756
:107FC00001F04EF9BEE700BF00FF272080FF272009
:107FD000A8FF27202083B8EDA0FF272000C00F4076
:107FE000004008409C090020803DCD0B009F2400EC
:107FF00000900D4000002E4000800F40F100AD0BBE
:108000000400FA05FFF738BF124AD2F880305B0748
:10801000FBD5D2F880301048C3F30B230F4990ED05
:10802000007A07EE903A91ED006AB8EE477A0C4A72
:10803000F8EEE77A0B4BD2ED006A77EEC77A93ED54
:10804000007AB8EE477A67EE867A87EEA60A37EEB0
:10805000400A704700810D407C6800208468002041
:108060008868002080680020836BF0B41BB15368DF
:1080700043F40043536072B6446B3CB31A4B226026
:10808000D3F8B0410C421DD1184E776804E07468F3
:10809000E41BB4F5166F0BD2D3F8404144F480448E
:1080A000C3F84041D3F8B851D3F840416404EED549
:1080B0000D4007D10C4CC0E90225D4F8B0310B4378
:1080C000C4F8B031426362B6F0BC7047064DC0E9F7
:1080D0000224D5F8B0310B43C5F8B03102634263D6
:1080E00062B6F0BC704700BF00002E40001000E0F8
:1080F00070B5056B9DB106462A46002403E0126860
:108100000134012A0CD0536813F08003F7D0326396
:108110002CB12846B36B2D689847013CF9D170BD4E
:10812000C6E90C33F4E700BF30B4D9B91F4C204B7B
:108130000021204A01254FF0011099601D60C4E91B
:10814000023180245C60C2F8BC01D2F8B0311A4818
:108150002B43C2F8B0310160D2F8B031002BFBD113
:1081600030BC70470904154B104C012541F08001CB
:108170009860104A596000F580511D60D96000F583
:108180000051A364196100F5405100F58040596128
:1081900000219861E164D2F8B03143F48033C2F831
:1081A000B031D2F8B031002BFBD1C0E70000002085
:1081B000C012002000002E4018680020E0120020AD
:1081C000084901220B7802FA00F023EA0000087047
:1081D00030B9054AD2F8483123F08003C2F848315B
:1081E000704700BF4E6A002000002E402DE9F04F7E
:1081F000974C83B0D4F84471FB07C4F8447153D54D
:10820000D4F8AC21002A4AD0924EDFF860A2DFF801
:108210007492DFF874B2DFF87482C4F8AC21D6E946
:108220000A20D4F8403143F40053C4F84031D4F864
:1082300040319D04F5D5D4F8403123F40053C4F8FF
:1082400040314FF00113C4F8B431D4F8B45115F0F3
:108250000115FAD193B28446CAF80050B3F5086FFD
:1082600000F0CF8100F2DB8040F202318B4200F05F
:10827000E78100F29A80822B00F0CB81B3F5817FF9
:1082800040F08A8010F0780F83B200F003824FF044
:108290000113C4F8C031D4F8AC21002ABDD16C4A16
:1082A000D2F8BC31002B42D17E0616D5684BD3F8EC
:1082B000AC21C3F8AC21D3F8BC21C3F8BC21D3F85E
:1082C000B041002CFBD14FF0FF32C3F8B421D3F8FA
:1082D000843100F029FD604B1C60FC0103D55F4B2D
:1082E0001B6803B19847B80103D55D4B1B6803B108
:1082F0009847790708D5564BD3F8843113F40073A7
:1083000047D0584B01221A70514BD3F848311A0606
:108310000AD53B0608D5544A13782BB1013BDBB292
:108320001370002B00F0728203B0BDE8F08F4F494C
:10833000C2F8BC310868034240F0D181464A146853
:108340001C40B1D05FEA144810D0424E4FF00109F2
:1083500098FAA8F5B5FA85F506EBC51009FA05F502
:108360004030FFF7C5FE38EA0508F1D1A4B2002C71
:108370009AD0384E4FF0010894FAA4F5B5FA85F575
:1083800006EBC51008FA05F5FFF7B2FEAC43F3D1D2
:108390008AE7344A1370B7E7802B7FF478AF34480C
:1083A00002210580FFF7C0FE75E7B3F5A06F00F06E
:1083B0000B81A3F5D063012B3FF669AF2D4B5D68B0
:1083C000002D3FF464AF1FFA8CFC4FEA124E04E01C
:1083D0001D690C33002D3FF45AAF1A887245F7D14E
:1083E0005A886245F4D14FEA1E22032A00F0A58183
:1083F0001A89000C824228BF0246BEF5007F40F079
:10840000A181184B1C4918781C4B0192002818BFF9
:1084100019461B48FFF7ECFA194D019AE1E142F2C7
:1084200021218B427CD033D942F221318B4200F0A2
:1084300081804FF6C0018B427FF429AF10F47F4F4B
:1084400083B27FF424AF43F46E4363F30F0CB5E7BC
:1084500000002E40000000201C6800202C6A002034
:10846000306A0020546A0020556A002018680020F5
:1084700044680020F40800202C1B0060901B006062
:1084800000002020106800205DCFC6B8C0012E403B
:10849000B3F5106F66D042F221018B427FF4F7AE44
:1084A000030C072B7FF4F3AEB24BB349F560D960F0
:1084B000B249B360C3F80890C1E9002001221A60F4
:1084C000AF4A5A60AF4A1A61D4F8B01141F00101C5
:1084D000C4F8B01102F5805102F5005259619A6159
:1084E000D4F8B031002BFBD1A74AF3649360012389
:1084F000B264136048F2800353604FF00113C4F874
:10850000BC31D4F8B03143F48033C4F8B0314FF407
:108510008033CAF80030D4F8B031002BFBD1BAE672
:1085200080B238B9994BC2F307421968984B196069
:10853000984B1A70944B00229A60F2640122B36443
:108540001A6080225A604FF00113C4F8BC31D4F88D
:10855000B03143F48033C4F8B031D4F8B031002BDB
:10856000FBD198E6C2F307428B4B1A708B4BC4F8D1
:10857000C8318B4BC4F8CC318A4BC4F8D03100F0F1
:10858000D5FB80222946884801F070F8874B80226D
:10859000C6F8A0B0C6F8E0307B4BF5645A60012203
:1085A000B3649D601A604FF00113C4F8BC31D4F875
:1085B000B03143F48033C4F8B031CAF80050D4F875
:1085C000B031002BFBD166E66F4B0121F5641960D9
:1085D00080219D60B36459604FF00113C4F8BC3131
:1085E000D4F8B03143F48033C4F8B031D4F8B031AA
:1085F000002BFBD1130C5B0643F08073C4F854319D
:1086000049E6654B01216A481B780370FFF78CFD32
:1086100041E683B210F078007FF439AE03F07F02B8
:1086200058F82210624A1080180600F19E80CB078D
:1086300001D50123137002215D48FFF775FD2AE67D
:1086400010F0780F83B27FF422AE03F07F0213F0B4
:10865000800F58F8223014BF43F4803343F00103F5
:1086600048F822300022484BF2649A600122B36439
:108670001A6080225A604FF00113C4F8BC31D4F85C
:10868000B03143F48033C4F8B031D4F8B031002BAA
:10869000FBD100E603F07F0213F0800F58F8223080
:1086A00014BF23F4803323F0010348F82230002262
:1086B000354BF2649A600122B3641A6080225A60DA
:1086C0004FF00113C4F8BC31D4F8B03143F4803317
:1086D000C4F8B031D4F8B031002BFBD1DBE5002079
:1086E000086026490C88486842F221018C427FF4D8
:1086F00025AE80B200287FF421AE2E492E4C03C94E
:10870000A18086284FEA11412060A1717FF416AE46
:1087100072B62A48017841F008010170D2F8481178
:108720000D0605D480200143C2F84401C2F8481167
:1087300062B6234A5021117000E6000C2A7882426A
:1087400028BF0246BEF5E06F44D11E4B1E4D18787F
:108750001E491F4B0192002818BF19462846FFF7F3
:1087600047F907236B70019A3BE0C9033FF561AFFE
:1087700061E700BFE0120020107800208014002084
:108780008000070010880020C0120020D868002058
:10879000286A0020526A0020536A00200200CC00A0
:1087A000C80002000200C800800000201993D574A0
:1087B0004468002010680020206A00204E6A0020D3
:1087C000556A0020546A002000002020901B0060A1
:1087D0002C1B00602946104D01922846FFF708F92E
:1087E000019A25F01F031544BFF34F8F4FF0E0218E
:1087F000C1F8703F20339D42FAD8BFF34F8FBFF3CB
:108800006F8F05481146FFF78FFC44E50320FFF703
:10881000D7FC01F029F800BF000020202DE9F04727
:108820001F46831E022B01D9BDE8F087DFF84C906C
:1088300015460C463C2209EBC01806464FEAC01A02
:10884000002108F10400240400F010FFB5FA85F2BD
:108850000123520944EA427449F80A40C8F83870C2
:10886000C8F80830002FDFD0034AB34011680B432B
:108870001360BDE8F08700BF1C68002000000020E6
:108880002DE9F0470D46811E022901D9BDE8F08788
:10889000C701DFF84C909246044640373C22002145
:1088A0001E4609EB07082D0408F1040000F0DEFE67
:1088B000BAFA8AF2520945EA427249F807200122BF
:1088C000C8F83860C8F80820002EDFD0034B1034F9
:1088D0001968A2400A431A60BDE8F0871C680020AE
:1088E0000000002012048160C36101F5405342F092
:1088F000800210B40124426001F50052046001F5C9
:10890000805401F58041C46081615DF8044BC0E989
:1089100004237047831E0A46022B00D97047064B7A
:1089200000F110014FF0010C03EBC0100CFA01F143
:108930004030FFF799BB00BF00000020831E0A46AD
:10894000022B00D970470121024B814003EBC0107C
:10895000FFF78ABB0000002040687047124A134BA3
:10896000D2F8200220F07F40984210B584B002D2A5
:1089700000EB800040000E4C01A90A22FFF7D2F85C
:1089800001A90023204611F8012B01333AB10A2B2B
:1089900020F8022FF7D11623237004B010BD5B001E
:1089A000DBB2237004B010BD00441F4080969800D5
:1089B000C00C002000F0D8BA00F0CABA00F066BBC4
:1089C00000F03CBB0846114600F02CBBF8B5144C37
:1089D0004FF0E025134E4FF4003204EB4024124FC9
:1089E00006EB40160346C5F88C2121463A883046EE
:1089F000FFF778FF3B882344BFF34F8FC5F85C4FE8
:108A00002034A342FAD8BFF34F8FBFF36F8F0320F8
:108A10003146FFF793FF4FF40033C5F80C31F8BD32
:108A20008000202000130020346A0020244B2DE910
:108A3000F0411C884368C569C3F30E43E41A002C57
:108A400024DD204920480A780078D3B21F4E8242A4
:108A50001F4807D010F8038036F81870C7F5007269
:108A6000944218D90133002226F81540082B194EDC
:108A700088BF134626F8152098BFDAB2C554164BA6
:108A80000A701A6814441C60BDE8F0812846BDE8ED
:108A9000F041FFF79BBF07EB4820104922462744CF
:108AA000084401EB4521FEF7A3FF0B4A284626F8B0
:108AB000187013682344BDE8F0411360FFF786BFC8
:108AC000346A00204C6A00204D6A00205068002063
:108AD00070680020606800204C6800208000202022
:108AE0001D4B1A78002A36D102F0FF031B4A127878
:108AF0008AB32DE9F0411A4D2A8852B3194EC2F5B6
:108B00000068194F3278194C07EB421704EBC22466
:108B1000424638462146FFF7E5FE04EB0802BFF364
:108B20004F8F4FF0E023C3F8704F2034A242FAD8A1
:108B3000BFF34F8FBFF36F8F04203946FFF7EAFE74
:108B400033780133DBB2032B88BF0023337000235B
:108B50002B80BDE8F0817047516A0020536A0020E5
:108B6000366A0020506A0020001400208010202067
:108B70002DE9F04F85B0CDE90110002900F0BF804C
:108B80000023604CDFF89881DFF898A15E4F0093D6
:108B900001235E4A23705E4B1978B8F8003002EB6F
:108BA0004119002B40F0A7801E461D469B464846B3
:108BB000FFF7D2FE10F0800000F08C80BFF34F8FE3
:108BC0009AF8003084F800B005B93E68002B7DD1DA
:108BD0003B689B1B782B00F287804E4B1B78002B49
:108BE00074D000F09DFA0122B8F8003015462270CA
:108BF000002BDCD0464AC3F5006011781A4600EB22
:108C0000C120454DC9022844019D954217D20393C6
:108C1000DDE901512A46FEF7EBFE039B4FF040428F
:108C20005B1BA8F800303D4BC3F88420BFF34F8F87
:108C3000009800232844237005B0BDE8F08F364B20
:108C4000CD180299FEF7D4FE00234FF400622946A6
:108C50004846FFF747FEBFF34F8F05F1200205F5A9
:108C60000063934234BF012340234FF0E02205EB21
:108C70004313C2F8705F2035AB42FAD1BFF34F8F78
:108C8000BFF36F8F04204946FFF744FE204A137854
:108C90000133DBB2032B84BF00231D4A1370B8F8E5
:108CA0000030019AD11A009A1A4401910092029A56
:108CB0001A4400230292194AA8F80030C2F88430FE
:108CC000BFF34F8F237000297FF462AF009805B087
:108CD000BDE8F08F4FF400620D4B8AF80000197860
:108CE0001346A8F800208AE7012300988AF800308C
:108CF00005B0BDE8F08F1A46C3F500607FE7019824
:108D0000E5E700BF516A0020D86800200014002069
:108D1000506A0020536A00208010202000002E405E
:108D2000366A00204F6A0020704700BF2D4B00219B
:108D300080222D4870B51B7800242C4D8B422C4E80
:108D40000CBF40234FF400732B80338000F08EFC67
:108D5000284A2146284B14704FF4807227481C8003
:108D600000F084FC264A1021264B0220C2E9004470
:108D7000C2E90244244AC3E900441470234AC3E907
:108D80000244234B1C70234614602246FFF778FDF3
:108D90002246318803201F4BFFF740FD2346012266
:108DA00029880420FFF76CFD20460134FFF70EFEF2
:108DB000082CF9D1184B00214A221848184C04609D
:108DC000C3F88410C3F88020D3F84821154942F035
:108DD0008072C3F8482121B1134A137843F001038C
:108DE000137070BD546A002000140020386A0020FF
:108DF000346A0020506A0020366A002000130020E8
:108E000050680020606800204C6A00204C680020F8
:108E10004D6A00202D6E000000002E402C6A0020BC
:108E2000E16E000000000000566A00202DE9F04FBE
:108E30004FF0E0234FF40032DFF8C8A083B0C3F84E
:108E40008C218B469AF8004000294FD08046E4B22E
:108E50000027DFF8B490264BABEB070225491B78BF
:108E6000A34204F101043FD0092C234B404628BF04
:108E700000241E5D39F816C00CEB462319441F4B25
:108E800033F81650A5EB0C05AA421CD20CEB462C6D
:108E900018491B4C61440192FEF7AAFD216839F87C
:108EA00016505846019AA1EB0B012A44394429F87F
:108EB000162021604FF0E0234FF40032C3F80C215C
:108EC00003B0BDE8F08F2A462F44FEF791FD0C4910
:108ED000E3B230460A68A844521B0A608AF80030A0
:108EE000FFF774FDBB45B6D83846E3E70846E1E72F
:108EF0004C6A00208000202070680020506800200C
:108F00004C6800204D6A0020606800200B4B0C4A22
:108F100012781978D3B28A420DD0013309480A4A2F
:108F2000092B0A4928BF0023C35C31F8131002EB58
:108F30004323585C70474FF0FF3070474C6A002065
:108F40004D6A0020706800208000202060680020AA
:108F5000044B10B51C680CB1204610BD00F0E0F8C1
:108F6000204610BD4C6800202DE9F84F144E154DD9
:108F700033782A78934221D0DCB2DFF85090DFF8C2
:108F800050B0DFF85080104F0134082C5FFA84FA9B
:108F900001D90024A24619F80400DBF8003038F8A3
:108FA000102037F81010521A9B1ACBF80030FFF738
:108FB0000DFD86F800A02B78A342E5D1BDE8F88F1F
:108FC0004D6A00204C6A0020606800207068002014
:108FD0004C6800205068002000B583B001210DF1DD
:108FE0000700FFF723FF20B19DF8070003B05DF8ED
:108FF00004FB4FF0FF30F9E7094B00B583B01B7855
:109000008DF807003BB101210DF10700FFF7B0FD1E
:1090100003B05DF804FB03F0FF0003B05DF804FB50
:10902000536A0020044B1B7803F0FF020BB1FFF7DB
:109030009FBD1046704700BF536A00202DE9F041E4
:109040000024DFF8448001230D4D27460D4E88F89B
:109050000030337828462035A34204F1010405D0BE
:10906000FFF77AFC030658BF07F50067042CF0D120
:10907000BFF34F8F0023384688F80030BDE8F081F9
:1090800000140020506A0020516A00202DE9F843A6
:109090001D4B1B7813B11D4D2A880AB9BDE8F88312
:1090A0001B4EC2F500691B4933784A461A4C01EB46
:1090B00043181A4F04EBC324012340463B7021465A
:1090C0000023FFF70FFC04EB0902BFF34F8F4FF0B3
:1090D000E023C3F8704F2034A242FAD8BFF34F8F79
:1090E000BFF36F8F04204146FFF714FC3378013340
:1090F000DBB2032B88BF0023337000232B80BFF328
:109100004F8F3B70BDE8F883536A0020366A002019
:10911000506A00200014002080102020516A002096
:109120002DE9F8432D4B1E7866B12D4F3B784BB996
:109130000123F1073B7043D4B20726D400233B70D0
:10914000730701D4BDE8F883264B1A68002AF9D0CA
:10915000EFF30582002AF5D1EFF3108572B6186897
:10916000002834D0204C2178002930D101222270EF
:1091700042691A60002A2ED0916105B962B60025B5
:109180008368457798472570DCE7DFF8648098F8B6
:109190000030002BD2D00025DFF858902B4659F82C
:1091A00023400135236820461B69984710B1636945
:1091B0009B68984798F80020EBB29A42EFD8BDE739
:1091C000FFF7C6FE0028B7D0AFF30080B4E7002D4C
:1091D000B8D162B6B6E7054B1A60CEE7566A0020F2
:1091E0003D6A0020286700203A6A0020346700208A
:1091F0003B6A00203867002070B5EFF3108272B62A
:109200000C4C206880B10C4E00254369236073B17B
:109210009D6102B962B6836845779847EFF3108283
:1092200072B620680028F0D102B962B670BD336012
:10923000EFE700BF306700202C670020FFF7DCBF9E
:109240000449054A4968054B1960136801331360E6
:10925000704700BF001000E0D8680020D4680020EC
:10926000A249A34B88422DE9F047A24C5E699A6956
:10927000D4F80C801BD9A04B984240F20281C31A4B
:109280009E491B0AA1FB031340F22761DB0903EB94
:10929000830303EB830303F2E2438B4228BF0B46B5
:1092A000A3F54877964BA3FB0737FF0804E0954FDB
:1092B000B8428CBF0E2706278D4908F01F09D1F848
:1092C0008030B94543F0C003C1F880300CD228F09B
:1092D0001F08A1F5F82148EA0708C1F80C800B68BF
:1092E000002BFCDA08F01F0916F0007324D1864920
:1092F0000C698649A14300F0EA8082F4805134462B
:109300004FF4805514F0605F04D026F060561E4381
:10931000774B5E6111F4405F07D022F440527449EC
:109320002A438A618B6C1A07FCD446F00076704A97
:109330005661936C9B06FCD4754CA04200F2CE8023
:109340004FF0010C0146634603FB011203F1010ECD
:109350000CF10105A24218D8BEF1080F4FF001032D
:1093600040F08D80BCF1040F00F291800A18A242F7
:1093700000F2A48005FB00F1AC4603F1010E03FBF3
:1093800001120CF10105A242E6D90CF1FF318C0269
:1093900086EA81215F4810445F4A90427FD9DFF816
:1093A000A4A16C225D48584DB0FBFEF0D5F800E05A
:1093B000B0FBFCF0DFF890C10EEA0C0CD44509D0EC
:1093C00042F400524FF4805CC5F800C02A602A685D
:1093D000002AFCDA464A156905F007059D4203D0CC
:1093E0001361936CDD03FCD411F4E05F09D026F423
:1093F000E05604F4E0543E4A26435661936C9907C4
:10940000FCD44749474A014491423CD8464BC909DC
:10941000A3FB0131090B4B1E1B0286EA030212F467
:10942000407F06D026F4407603F44073304A33433D
:1094300053612F4A536923F000735361936C9B0669
:10944000FCD43A4B4F45A3FB00234FF0FF324FEAC9
:109450009343B0FBF1F1B2FBF3F3354A1060354AA8
:109460001160354A136008D228F01F08214A48EAE3
:109470000707D7601368002BFCDABDE8F087734656
:1094800062E7122718E74FF440730421C5E70CF197
:10949000FF31204807238C02104486EA8121274AA5
:1094A000DFF8A8A0A2FB0020020D2548362A38BF0D
:1094B000362202FB00F042EA0A0A74E74FEA8C24E3
:1094C000002386EA8C214FF0010EAC4662E71D4670
:1094D00086F0C05411464FF0C05313E700244FF0FC
:1094E000010C024631462346E64653E700A4781FA6
:1094F00000C00F40000008400046C32323B24C00C8
:109500001F85EB5100366E0100800D404030008019
:10951000FFB19F26808D5B00FF7EF64D00643F4DBE
:109520007FD1F0087F17B42C9F10E50083DE1B432A
:109530009C090020980900208C680020819F5E16FD
:10954000001BB7006C2000807F300180002000806D
:10955000074A506A936A19468446506A936A994248
:10956000F9D18445F7D1DB0B43EA4040704700BF97
:1095700000400D4088420DD98B1883420AD900EB78
:10958000020CBAB1624613F801CD02F801CD99423E
:10959000F9D170470F2A0ED8034602F1FF3C4AB1B9
:1095A0000CF1010C013B8C4411F8012B03F8012F45
:1095B0006145F9D1704740EA01039B0750D1A2F100
:1095C000100370B501F1200C23F00F0501F1100E0E
:1095D00000F11004AC441B095EF8105C44F8105C08
:1095E0005EF80C5C44F80C5C5EF8085C44F8085CBF
:1095F0005EF8045C44F8045C0EF1100EE64504F1DC
:109600001004E9D1013312F00C0F01EB031102F049
:109610000F0400EB031327D0043C24F003064FEAA9
:10962000940C1E441C1F8E465EF8045B44F8045FD5
:10963000B442F9D10CF1010402F0030203EB8403FC
:1096400001EB840102F1FF3C4AB10CF1010C013B3A
:109650008C4411F8012B03F8012F6145F9D170BD3D
:1096600002F1FF3C03469BE72246EBE7830730B558
:1096700048D0541E002A3FD0CAB2034601E0013C44
:109680003AD303F8012B9D07F9D1032C2DD9CDB284
:1096900045EA05250F2C45EA054536D9A4F1100207
:1096A00022F00F0C03F1200EE6444FEA121C03F1E6
:1096B000100242E9045542E9025510327245F8D1D0
:1096C0000CF1010214F00C0F03EB021204F00F0C6A
:1096D00013D0ACF1040323F003030433134442F822
:1096E000045B9342FBD10CF003042CB1C9B21C44BF
:1096F00003F8011B9C42FBD130BD64461346002C8D
:10970000F4D1F9E703461446BFE71A46A446E0E75A
:1097100070B50D4E0D4D761BB61006D0002455F8D1
:10972000043B01349847A642F9D1094E094D761BF6
:1097300000F096F8B61006D0002455F8043B01342A
:109740009847A642F9D170BDF01A0060F01A006087
:10975000F81A0060F01A006000000000000000002D
:1097600000000000000000000000000000000000F9
:1097700000000000000000000000000000000000E9
:1097800090F800F06DE9024520F007016FF0000C41
:1097900010F0070491F820F040F049804FF00004E9
:1097A0006FF00700D1E9002391F840F000F10800C4
:1097B00082FA4CF2A4FA8CF283FA4CF3A2FA8CF3FC
:1097C0004BBBD1E9022382FA4CF200F10800A4FA63
:1097D0008CF283FA4CF3A2FA8CF3E3B9D1E90423B7
:1097E00082FA4CF200F10800A4FA8CF283FA4CF3EE
:1097F000A2FA8CF37BB9D1E9062301F1200182FAA8
:109800004CF200F10800A4FA8CF283FA4CF3A2FAAD
:109810008CF3002BC6D0002A04BF04301A4612BABB
:10982000B2FA82F2FDE8024500EBD2007047D1E9BE
:10983000002304F00305C4F100004FEAC50514F04D
:10984000040F91F840F00CFA05F562EA05021CBF1E
:1098500063EA050362464FF00004A9E70000000038
:109860005FF800F0AD1A00605FF800F0051A0060C4
:04987000F8B500BF88
:1098740000000000000000000000000000000000E4
:1098840000000000000000000000000000000000D4
:1098940000000000000000000000000000000000C4
:1098A40000000000000000000000000000000000B4
:1098B40000000000000000000000000000000000A4
:1098C4000000000000000000000000000000000094
:1098D4000000000000000000000000000000000084
:1098E4000000000000000000000000000000000074
:1098F4000000000000000000000000000000000064
:109904000000000000000000000000000000000053
:109914000000000000000000000000000000000043
:109924000000000000000000000000000000000033
:109934000000000000000000000000000000000023
:109944000000000000000000000000000000000013
:109954000000000000000000000000000000000003
:1099640000000000000000000000000000000000F3
:1099740000000000000000000000000000000000E3
:1099840000000000000000000000000000000000D3
:1099940000000000000000000000000000000000C3
:1099A40000000000000000000000000000000000B3
:1099B40000000000000000000000000000000000A3
:1099C4000000000000000000000000000000000093
:1099D4000000000000000000000000000000000083
:1099E4000000000000000000000000000000000073
:1099F4000000000000000000000000000000000063
:109A04000000000000000000000000000000000052
:109A14000000000000000000000000000000000042
:109A24000000000000000000000000000000000032
:109A34000000000000000000000000000000000022
:109A44000000000000000000000000000000000012
:109A54000000000000000000000000000000000002
:109A640000000000000000000000000000000000F2
:109A740000000000000000000000000000000000E2
:109A840000000000000000000000000000000000D2
:109A940000000000000000000000000000000000C2
:109AA40000000000000000000000000000000000B2
:109AB40000000000000000000000000000000000A2
:109AC4000000000000000000000000000000000092
:109AD4000000000000000000000000000000000082
:109AE4000000000000000000000000000000000072
:109AF4000000010100010101010201010202010251
:109B04000301020302020402020502020503020623
:109B140003020703020704030704030705040705F8
:109B240004070605070606070606070707070700D2
:109B34000000000000000000000000080000000019
:109B44000000000000000000000000000100000010
:109B54000300000002000000000000004649464FD8
:109B640020456E61626C6564202D2D3E200000004E
:109B7400496E7465727275707420456E61626C65AD
:109B840064000000496E74657272757074204469D3
:109B94007361626C65640000094649464F2046695A
:109BA4006C7465727320696E207573653A200000C9
:109BB4000952656D61696E696E67204D61696C62F9
:109BC4006F7865733A20000009094D4200000000D7
:109BD40020636F64653A2052585F494E41435449AB
:109BE4005645000020636F64653A2052585F454D26
:109BF400505459000928457874656E64656420469C
:109C040072616D652900000009285374616E6461F6
:109C14007264204672616D652900000020636F64E0
:109C2400653A2052585F46554C4C000020636F64DF
:109C3400653A2052585F4F56455252554E00000027
:109C440020636F64653A2052585F52414E53574522
:109C54005200000020636F64653A2052585F4255F9
:109C64005359000020636F64653A2054585F494E8D
:109C7400414354495645000020636F64653A2054BB
:109C8400585F41424F52540020636F64653A205438
:109C9400585F4441544120285472616E736D697455
:109CA40074696E672900000028457874656E6465E0
:109CB40064204672616D65290000000028537461B8
:109CC4006E64617264204672616D65290000000053
:109CD4002849443A20307800285061796C6F6164D7
:109CE4003A20000020636F64653A2054585F544161
:109CF4004E535745520000004649464F204469736D
:109D040061626C65640A094D61696C626F786573A0
:109D14003A0A0000000000000000000001420000B8
:109D2400550100004133000059040000791C000073
:109D34005D04000061040000000000000000000059
:109D4400ED380000D1020000352F00004D04000062
:109D540079290000510400005504000000000000AF
:109D6400000000009D550000C56D0000C16D00009D
:109D7400BD6D0000B96D0000D1560000D55600003D
:109D8400B56D000000000000000000004154000018
:109D940025560000AD4E000005500000CD4E0000D9
:109DA400714F0000F54E0000895000002150000062
:109DB400A94E000000000042C8801F40B8821F4026
:109DC4000800000000000042C4801F40B4821F400D
:109DD4000400000000C0004224801F4014821F4081
:109DE4001000000000C0004228801F4018821F405D
:109DF4002000000000C000422C801F401C821F4035
:109E04004000000000C0004234801F4024821F40F4
:109E1400000100000040004264811F4054831F4041
:109E2400000400000040004280811F4070831F40F6
:109E340000000200004000427C811F406C831F40F0
:109E4400000001000040004268811F4058831F4009
:109E540000080000004000423C811F402C831F404A
:109E6400010000000040004244811F4034831F4031
:109E7400040000000040004240811F4030831F4026
:109E8400020000000040004248811F4038831F4008
:109E9400080000000000004204811F40F4821F40BB
:109EA400000004000000004208811F40F8821F40A7
:109EB400000008000000004218811F4008831F4072
:109EC400000080000000004214811F4004831F40F2
:109ED400000040000000004200811F40F0821F404B
:109EE4000000020000000042FC801F40EC821F4082
:109EF400000001000000004224811F4014831F4021
:109F0400000000040000004228811F4018831F4005
:109F140000000008000000421C811F400C831F4009
:109F2400000000010000004220811F4010831F40F8
:109F34000000000200000042EC801F40DC821F4051
:109F44000010000000000042F0801F40E0821F402B
:109F5400002000000000004234811F4024831F4081
:109F6400000000400000004238811F4028831F4049
:109F7400000000800080004294801F4084821F40C3
:109F84000000040000C0004290801F4080821F40F7
:109F94000000008000800042A8801F4098821F407B
:109FA4000000800000800042A4801F4094821F4073
:109FB40000004000004000426C811F405C831F4051
:109FC4000010000000C0004230801F4020821F406B
:109FD4008000000000800042C8811F40B8831F40F9
:109FE4000080000000800042C4811F40B4831F40F1
:109FF4000040000000800042C0811F40B0831F4029
:10A004000020000000800042BC811F40AC831F4040
:10A014000010000000800042D0811F40C0831F4018
:10A024000000020000800042CC811F40BC831F401E
:10A0340000000100010100040100000401320101DB
:10A044000132020101100101011101010112010299
:10A0540001030206010301060112020202000001CB
:10A0640002020001020100010210000102220001AB
:10A074000223000100000000000000000221000192
:10A084000220000100000000000000000130010176
:10A094000131010101020004010300040000000079
:10A0A4000000000001210201012101010000000063
:10A0B4000000000000000000011002010101020183
:10A0C400010101010100020101000101010202017B
:10A0D4000102010153544F434B0000004657440012
:10A0E40035303530000000003735323500000000CF
:10A0F400435553544F4D00004154000041542B55D7
:10A104004152543D31393230302C302C3000000073
:10A1140041542B4E414D453D4F70656E48616C6412
:10A12400657854340000000041542B524F4C453D97
:10A134003000000041542B434D4F44453D30000056
:10A1440041542B434C4153533D30000041542B5256
:10A154004D4141440000000041542B5245534554A5
:10A164000000000000010000700A0020120000003E
:10A1740000060000F41B00600A000000000200005A
:10A18400901B006062000000000700002C1B0060B0
:10A1940062000000EE030000AC0C0020120000007E
:10A1A400000004EE840C00202800000000030000DE
:10A1B400281B00600000000001030904101B00605C
:10A1C4000000000002030904F81A00600000000007
:10A1D40003030904C00C002000000000000000007C
:10A1E4000000000000000000880800208C08002007
:10A1F400A0080020B8080020C4080020D0080020CF
:10A20400DC080020E80800200029DE07007B9A17FC
:10A21400F404002000000000E80300000000000037
:10A224001C05002000000000E803000000000000FE
:10A2340000001940100A002000000000F866002009
:10A24400B8660020000000000000000028000000A4
:10A254004000000028000000400000000000000052
:10A2640000000000000000000000000000000000EA
:10A2740000000000000000000000000000000000DA
:10A284000117000091550000000000006CC00F4051
:10A2940000000003070000000200000040851F408A
:10A2A40002000000FF000000FF00000000000000AA
:10A2B40000000000080000000200000044851F4068
:10A2C40002000000FF000000FF000000000000008A
:10A2D40000000000FF004000260018007A00000083
:10A2E40012010002EF020140C01683047902010248
:10A2F40003010000D95C0000D95C0000D95C0000B7
:10A30400D95C0000D95C0000D95C0000D95C000075
:10A31400D95C0000D95C0000D95C0000D95C000065
:10A32400D95C0000D95C0000D95C0000D95C000055
:10A33400D95C0000D95C0000D95C0000D95C000045
:10A34400D95C0000D95C0000D95C0000D95C000035
:10A35400D95C0000D95C0000D95C0000D95C000025
:10A36400D95C0000D95C0000D95C0000D95C000015
:10A37400D95C0000D95C0000D95C0000D95C000005
:10A38400D95C0000D95C0000D95C0000D95C0000F5
:10A39400D95C0000D95C0000D95C0000D95C0000E5
:10A3A400D95C0000D95C0000D95C0000D95C0000D5
:10A3B400D95C0000D95C0000D95C0000D95C0000C5
:10A3C400D95C0000D95C0000D95C0000D95C0000B5
:10A3D400D95C0000D95C0000D95C0000D95C0000A5
:10A3E400D95C0000D95C0000D95C0000D95C000095
:10A3F400D95C0000D95C0000D95C0000D95C000085
:10A40400D95C0000D95C0000D95C0000D95C000074
:10A41400D95C0000D95C0000D95C0000D95C000064
:10A42400D95C0000D95C0000D95C0000D95C000054
:10A43400D95C0000D95C0000D95C0000D95C000044
:10A44400D95C0000D95C0000D95C0000D95C000034
:10A45400D95C0000D95C0000D95C0000D95C000024
:10A46400D95C0000D95C0000D95C0000D95C000014
:10A47400D95C0000D95C0000D95C0000D95C000004
:10A48400D95C0000D95C0000D95C0000D95C0000F4
:10A49400D95C0000D95C0000D95C0000D95C0000E4
:10A4A400D95C0000D95C0000D95C0000D95C0000D4
:10A4B400D95C0000D95C0000D95C0000D95C0000C4
:10A4C400D95C0000D95C0000D95C0000D95C0000B4
:10A4D400D95C0000D95C0000D95C0000D95C0000A4
:10A4E400D95C0000D95C0000D95C0000D95C000094
:10A4F400D95C0000280000000001040001000000F5
:10A5040000000000020157494E555342000000006C
:10A5140000000000000000000000000012034D00D5
:10A52400530046005400310030003000F8000000B1
:10A534000C03000000000000000000000000000008
:10A5440000000000000008000000000000000000FF
:10A5540000000000000000000000000000000000F7
:10A5640000000000000000000000000000000000E7
:10A5740000000000000000000000000000000000D7
:10A5840000000000000000000000000000000000C7
:10A5940000000000000000000000000000000000B7
:10A5A40000000000000000000000000000000000A7
:10A5B4000000000000000000000000000000000097
:10A5C4000000000000000000000000000000000087
:10A5D4000000000000000000000000000000000077
:10A5E4000000000000000000000000000000000067
:10A5F4000000000000000000000000000000000057
:10A604000000000000000000000000000000000046
:10A614000000000000000000000000000000000036
:10A624000000000000000000000000000000000026
:10A634000000000000000000000000000000000016
:10A644000000000000000000000000000000000006
:10A6540000000000000000000000000000000000F6
:10A6640000000000000000000000000000000000E6
:10A6740000000000000000000000000000000000D6
:10A6840000000000000000000000000000000000C6
:10A6940000000000000000000000000000000000B6
:10A6A40000000000000000000000000000000000A6
:10A6B4000000000000000000000000000000000096
:10A6C4000000000000000000000000000000000086
:10A6D4000000000000000000000000000000000076
:10A6E4000000000000000000000000000000000066
:10A6F4000000000000000000000000000000000056
:10A704000000000000000000000000000000000045
:10A714000000000000000000000000000000000035
:10A724000000000000000000000000000000000025
:10A734000000000000000000000000000000000015
:10A744000000000000000000000000000000000005
:10A7540000000000000000000000000000000000F5
:10A7640000000000000000000000000000000000E5
:10A7740000000000000000000000000000000000D5
:10A7840000000000000000000000000000000000C5
:10A7940000000000000000000000000000000000B5
:10A7A40000000000000000000000000000000000A5
:10A7B4000000000000000000000000000000000095
:10A7C4000000000000000000000000000000000085
:10A7D4000000000000000000000000000000000075
:10A7E4000000000000000000000000000000000065
:10A7F4000000000000000000000000000000000055
:10A804000000000000000000000000000000000044
:10A814000000000000000000000000000000000034
:10A824000000000000000000000000000000000024
:10A834000000000000000000000000000000000014
:10A844000000000000000000000000000000000004
:10A8540000000000000000000000000000000000F4
:10A8640000000000000000000000000000000000E4
:10A8740000000000000000000000000000000000D4
:10A8840000000000000000000000000000000000C4
:10A8940000000000000000000000000000000000B4
:10A8A40000000000000000000000000000000000A4
:10A8B4000000000000000000000000000000000094
:10A8C4000000000000000000000000000000000084
:10A8D4000000000000000000000000000000000074
:10A8E4000000000000000000000000000000000064
:10A8F4000000000000000000000000000000000054
:10A904000000000000000000000000000000000043
:10A914000000000000000000000000000000000033
:10A924000000000000000000000000000000000023
:10A934000000000000000000000000000000000013
:10A944000000000000000000000000000000000003
:10A9540000000000000000000000000000000000F3
:10A9640000000000000000000000000000000000E3
:10A9740000000000000000000000000000000000D3
:10A9840000000000000000000000000000000000C3
:10A9940000000000000000000000000000000000B3
:10A9A40000000000000000000000000000000000A3
:10A9B4000000000000000000000000000000000093
:10A9C4000000000000000000000000000000000083
:10A9D4000000000000000000000000000000000073
:10A9E4000000000000000000000000000000000063
:10A9F4000000000000000000000000000000000053
:10AA04000000000000000000000000000000000042
:10AA14000000000000000000000000000000000032
:10AA24000000000000000000000000000000000022
:10AA34000000000000000000000000000000000012
:10AA44000000000000000000000000000000000002
:10AA540000000000000000000000000000000000F2
:10AA640000000000000000000000000000000000E2
:10AA740000000000000000000000000000000000D2
:10AA840000000000000000000000000000000000C2
:10AA940000000000000000000000000000000000B2
:10AAA40000000000000000000000000000000000A2
:10AAB4000000000000000000000000000000000092
:10AAC4000000000000000000000000000000000082
:10AAD4000000000000000000000000000000000072
:10AAE4000000000000000000000000000000000062
:10AAF4000000000000000000000000000000000052
:10AB04000000000000000000000000000000000041
:10AB14000000000000000000000000000000000031
:10AB24000000000000000000000000000000000021
:10AB3400FFFFFFFFFFFFFFFFFFFFFFFFFFFFFFFF21
:10AB4400FFFFFFFFFFFFFFFFFFFFFFFFFFFFFFFF11
:10AB5400FFFFFFFFFFFFFFFFFFFFFFFFFFFFFFFF01
:10AB6400FFFFFFFFFFFFFFFFFFFFFFFFFFFFFFFFF1
:10AB7400FFFFFFFFFFFFFFFFFFFFFFFFFFFFFFFFE1
:10AB8400FFFFFFFFFFFFFFFFFFFFFFFFFFFFFFFFD1
:10AB9400FFFFFFFFFFFFFFFFFFFFFFFFFFFFFFFFC1
:10ABA400FFFFFFFFFFFFFFFFFFFFFFFFFFFFFFFFB1
:10ABB400FFFFFFFFFFFFFFFFFFFFFFFFFFFFFFFFA1
:10ABC400FFFFFFFFFFFFFFFFFFFFFFFFFFFFFFFF91
:10ABD400FFFFFFFFFFFFFFFFFFFFFFFFFFFFFFFF81
:10ABE400FFFFFFFFFFFFFFFFFFFFFFFFFFFFFFFF71
:10ABF400FFFFFFFFFFFFFFFFFFFFFFFF000000005D
:10AC04000000000000000000000000000000000040
:10AC14000000000000000000000000000000000030
:10AC24000000000000000000000000000000000020
:10AC34000000000000000000000000000000000010
:10AC44000000000000000000000000000000000000
:10AC540000000000000000000000000000000000F0
:10AC640000000000000000000000000000000000E0
:10AC740000000000000000000000000000000000D0
:10AC840000000000000000000000000000000000C0
:10AC940000000000000000000000000000000000B0
:10ACA40000000000000000000000000000000000A0
:10ACB4000000000000000000000000000000000090
:10ACC4000000000000000000000000000000000080
:10ACD4000000000000000000000000000000000070
:10ACE4000000000000000000000000000000000060
:10ACF4000000000000000000000000000000000050
:10AD0400000000000000000000000000000000003F
:10AD1400000000000000000000000000000000002F
:10AD2400000000000000000000000000000000001F
:10AD3400000000000000000000000000000000000F
:10AD440000000000000000000000000000000000FF
:10AD540000000000000000000000000000000000EF
:10AD640000000000000000000000000000000000DF
:10AD740000000000000000000000000000000000CF
:10AD840000000000000000000000000000000000BF
:10AD940000000000000000000000000000000000AF
:10ADA400000000000000000000000000000000009F
:10ADB400000000000000000000000000000000008F
:10ADC400000000000000000000000000000000007F
:10ADD400000000000000000000000000000000006F
:10ADE400000000000000000000000000000000005F
:10ADF400000000000000000000000000000000004F
:10AE0400000000000000000000000000000000003E
:10AE1400000000000000000000000000000000002E
:10AE2400000000000000000000000000000000001E
:10AE3400000000000000000000000000000000000E
:10AE440000000000000000000000000000000000FE
:10AE540000000000000000000000000000000000EE
:10AE640000000000000000000000000000000000DE
:10AE740000000000000000000000000000000000CE
:10AE840000000000000000000000000000000000BE
:10AE940000000000000000000000000000000000AE
:10AEA400000000000000000000000000000000009E
:10AEB400000000000000000000000000000000008E
:10AEC400000000000000000000000000000000007E
:10AED400000000000000000000000000000000006E
:10AEE400000000000000000000000000000000005E
:10AEF400000000000000000000000000000000004E
:10AF0400000000000000000000000000000000003D
:10AF1400000000000000000000000000000000002D
:10AF2400000000000000000000000000000000001D
:10AF3400000000000000000000000000000000000D
:10AF440000000000000000000000000000000000FD
:10AF540000000000000000000000000000000000ED
:10AF640000000000000000000000000000000000DD
:10AF740000000000000000000000000000000000CD
:10AF840000000000000000000000000000000000BD
:10AF940000000000000000000000000000000000AD
:10AFA400000000000000000000000000000000009D
:10AFB400000000000000000000000000000000008D
:10AFC400000000000000000000000000000000007D
:10AFD400000000000000000000000000000000006D
:10AFE400000000000000000000000000000000005D
:10AFF400000000000000000000000000000000004D
:10B00400000000000000000000000000000000003C
:10B01400000000000000000000000000000000002C
:10B02400000000000000000000000000000000001C
:10B03400000000000000000000000000000000000C
:10B0440000000000000000000000000000000000FC
:10B0540000000000000000000000000000000000EC
:10B0640000000000000000000000000000000000DC
:10B0740000000000000000000000000000000000CC
:10B0840000000000000000000000000000000000BC
:10B0940000000000000000000000000000000000AC
:10B0A400000000000000000000000000000000009C
:10B0B400000000000000000000000000000000008C
:10B0C400000000000000000000000000000000007C
:10B0D400000000000000000000000000000000006C
:10B0E400000000000000000000000000000000005C
:10B0F400000000000000000000000000000000004C
:10B10400000000000000000000000000000000003B
:10B11400000000000000000000000000000000002B
:10B12400000000000000000000000000000000001B
:10B13400000000000000000000000000000000000B
:10B1440000000000000000000000000000000000FB
:10B1540000000000000000000000000000000000EB
:10B1640000000000000000000000000000000000DB
:10B1740000000000000000000000000000000000CB
:10B1840000000000000000000000000000000000BB
:10B1940000000000000000000000000000000000AB
:10B1A400000000000000000000000000000000009B
:10B1B400000000000000000000000000000000008B
:10B1C400000000000000000000000000000000007B
:10B1D400000000000000000000000000000000006B
:10B1E400000000000000000000000000000000005B
:10B1F400000000000000000000000000000000004B
:10B20400000000000000000000000000000000003A
:10B21400000000000000000000000000000000002A
:10B22400000000000000000000000000000000001A
:10B23400000000000000000000000000000000000A
:10B2440000000000000000000000000000000000FA
:10B2540000000000000000000000000000000000EA
:10B2640000000000000000000000000000000000DA
:10B2740000000000000000000000000000000000CA
:10B2840000000000000000000000000000000000BA
:10B2940000000000000000000000000000000000AA
:10B2A400000000000000000000000000000000009A
:10B2B400000000000000000000000000000000008A
:10B2C400000000000000000000000000000000007A
:10B2D400000000000000000000000000000000006A
:10B2E400000000000000000000000000000000005A
:10B2F400000000000000000000000000000000004A
:10B304000000000000000000000000000000000039
:10B314000000000000000000000000000000000029
:10B324000000000000000000000000000000000019
:10B334000000000000000000000000000000000009
:10B3440000000000000000000000000000000000F9
:10B3540000000000000000000000000000000000E9
:10B3640000000000000000000000000000000000D9
:10B3740000000000000000000000000000000000C9
:10B3840000000000000000000000000000000000B9
:10B3940000000000000000000000000000000000A9
:10B3A4000000000000000000000000000000000099
:10B3B4000000000000000000000000000000000089
:10B3C4000000000000000000000000000000000079
:10B3D4000000000000000000000000000000000069
:10B3E4000000000000000000000000000000000059
:10B3F4000000000000000000000000000000000049
:10B404000000000000000000000000000000000038
:10B414000000000000000000000000000000000028
:10B424000000000000000000000000000000000018
:10B434000000000000000000000000000000000008
:10B4440000000000000000000000000000000000F8
:10B4540000000000000000000000000000000000E8
:10B4640000000000000000000000000000000000D8
:10B4740000000000000000000000000000000000C8
:10B4840000000000000000000000000000000000B8
:10B4940000000000000000000000000000000000A8
:10B4A4000000000000000000000000000000000098
:10B4B4000000000000000000000000000000000088
:10B4C4000000000000000000000000000000000078
:10B4D4000000000000000000000000000000000068
:10B4E4000000000000000000000000000000000058
:10B4F4000000000000000000000000000000000048
:10B504000000000000000000000000000000000037
:10B514000000000000000000000000000000000027
:10B524000000000000000000000000000000000017
:10B534000000000000000000000000000000000007
:10B5440000000000000000000000000000000000F7
:10B5540000000000000000000000000000000000E7
:10B5640000000000000000000000000000000000D7
:10B5740000000000000000000000000000000000C7
:10B5840000000000000000000000000000000000B7
:10B5940000000000000000000000000000000000A7
:10B5A4000000000000000000000000000000000097
:10B5B4000000000000000000000000000000000087
:10B5C4000000000000000000000000000000000077
:10B5D4000000000000000000000000000000000067
:10B5E4000000000000000000000000000000000057
:10B5F4000000000000000000000000000000000047
:10B604000000000000000000000000000000000036
:10B614000000000000000000000000000000000026
:10B624000000000000000000000000000000000016
:10B634000000000000000000000000000000000006
:10B6440000000000000000000000000000000000F6
:10B6540000000000000000000000000000000000E6
:10B6640000000000000000000000000000000000D6
:10B6740000000000000000000000000000000000C6
:10B6840000000000000000000000000000000000B6
:10B6940000000000000000000000000000000000A6
:10B6A4000000000000000000000000000000000096
:10B6B4000000000000000000000000000000000086
:10B6C4000000000000000000000000000000000076
:10B6D4000000000000000000000000000000000066
:10B6E4000000000000000000000000000000000056
:10B6F4000000000000000000000000000000000046
:10B704000000000000000000000000000000000035
:10B714000000000000000000000000000000000025
:10B724000000000000000000000000000000000015
:10B734000000000000000000000000000000000005
:10B7440000000000000000000000000000000000F5
:10B7540000000000000000000000000000000000E5
:10B7640000000000000000000000000000000000D5
:10B7740000000000000000000000000000000000C5
:10B7840000000000000000000000000000000000B5
:10B7940000000000000000000000000000000000A5
:10B7A4000000000000000000000000000000000095
:10B7B4000000000000000000000000000000000085
:10B7C4000000000000000000000000000000000075
:10B7D4000000000000000000000000000000000065
:10B7E4000000000000000000000000000000000055
:0CB7F40000000000000000000000000049
:040000056000100087
:00000001FF
