:0200000460009A
:100000004643464200000156000000000103030081
:1000100000000000000000000000000000000000E0
:1000200000000000000000000000000000000000D0
:1000300000000000000000000000000000000000C0
:1000400000000000010408000000000000000000A3
:100050000000200000000000000000000000000080
:100060000000000000000000000000000000000090
:100070000000000000000000000000000000000080
:10008000EB04180A063204260000000000000000FD
:10009000050404240000000000000000000000002F
:1000A0000000000000000000000000000000000050
:1000B0000604000000000000000000000000000036
:1000C0000000000000000000000000000000000030
:1000D00020041808000000000000000000000000DC
:1000E0000000000000000000000000000000000010
:1000F0000000000000000000000000000000000000
:10010000D8041808000000000000000000000000F3
:100110000204180804200000000000000000000095
:1001200000000000000000000000000000000000CF
:10013000600400000000000000000000000000005B
:1001400000000000000000000000000000000000AF
:10015000000000000000000000000000000000009F
:10016000000000000000000000000000000000008F
:10017000000000000000000000000000000000007F
:10018000000000000000000000000000000000006F
:10019000000000000000000000000000000000005F
:1001A000000000000000000000000000000000004F
:1001B000000000000000000000000000000000003F
:1001C000000100000010000001000000000000001D
:1001D000000001000000000000000000000000001E
:1001E000000000000000000000000000000000000F
:1001F00000000000000000000000000000000000FF
:10020000FFFFFFFFFFFFFFFFFFFFFFFFFFFFFFFFFE
:10021000FFFFFFFFFFFFFFFFFFFFFFFFFFFFFFFFEE
:10022000FFFFFFFFFFFFFFFFFFFFFFFFFFFFFFFFDE
:10023000FFFFFFFFFFFFFFFFFFFFFFFFFFFFFFFFCE
:10024000FFFFFFFFFFFFFFFFFFFFFFFFFFFFFFFFBE
:10025000FFFFFFFFFFFFFFFFFFFFFFFFFFFFFFFFAE
:10026000FFFFFFFFFFFFFFFFFFFFFFFFFFFFFFFF9E
:10027000FFFFFFFFFFFFFFFFFFFFFFFFFFFFFFFF8E
:10028000FFFFFFFFFFFFFFFFFFFFFFFFFFFFFFFF7E
:10029000FFFFFFFFFFFFFFFFFFFFFFFFFFFFFFFF6E
:1002A000FFFFFFFFFFFFFFFFFFFFFFFFFFFFFFFF5E
:1002B000FFFFFFFFFFFFFFFFFFFFFFFFFFFFFFFF4E
:1002C000FFFFFFFFFFFFFFFFFFFFFFFFFFFFFFFF3E
:1002D000FFFFFFFFFFFFFFFFFFFFFFFFFFFFFFFF2E
:1002E000FFFFFFFFFFFFFFFFFFFFFFFFFFFFFFFF1E
:1002F000FFFFFFFFFFFFFFFFFFFFFFFFFFFFFFFF0E
:10030000FFFFFFFFFFFFFFFFFFFFFFFFFFFFFFFFFD
:10031000FFFFFFFFFFFFFFFFFFFFFFFFFFFFFFFFED
:10032000FFFFFFFFFFFFFFFFFFFFFFFFFFFFFFFFDD
:10033000FFFFFFFFFFFFFFFFFFFFFFFFFFFFFFFFCD
:10034000FFFFFFFFFFFFFFFFFFFFFFFFFFFFFFFFBD
:10035000FFFFFFFFFFFFFFFFFFFFFFFFFFFFFFFFAD
:10036000FFFFFFFFFFFFFFFFFFFFFFFFFFFFFFFF9D
:10037000FFFFFFFFFFFFFFFFFFFFFFFFFFFFFFFF8D
:10038000FFFFFFFFFFFFFFFFFFFFFFFFFFFFFFFF7D
:10039000FFFFFFFFFFFFFFFFFFFFFFFFFFFFFFFF6D
:1003A000FFFFFFFFFFFFFFFFFFFFFFFFFFFFFFFF5D
:1003B000FFFFFFFFFFFFFFFFFFFFFFFFFFFFFFFF4D
:1003C000FFFFFFFFFFFFFFFFFFFFFFFFFFFFFFFF3D
:1003D000FFFFFFFFFFFFFFFFFFFFFFFFFFFFFFFF2D
:1003E000FFFFFFFFFFFFFFFFFFFFFFFFFFFFFFFF1D
:1003F000FFFFFFFFFFFFFFFFFFFFFFFFFFFFFFFF0D
:10040000FFFFFFFFFFFFFFFFFFFFFFFFFFFFFFFFFC
:10041000FFFFFFFFFFFFFFFFFFFFFFFFFFFFFFFFEC
:10042000FFFFFFFFFFFFFFFFFFFFFFFFFFFFFFFFDC
:10043000FFFFFFFFFFFFFFFFFFFFFFFFFFFFFFFFCC
:10044000FFFFFFFFFFFFFFFFFFFFFFFFFFFFFFFFBC
:10045000FFFFFFFFFFFFFFFFFFFFFFFFFFFFFFFFAC
:10046000FFFFFFFFFFFFFFFFFFFFFFFFFFFFFFFF9C
:10047000FFFFFFFFFFFFFFFFFFFFFFFFFFFFFFFF8C
:10048000FFFFFFFFFFFFFFFFFFFFFFFFFFFFFFFF7C
:10049000FFFFFFFFFFFFFFFFFFFFFFFFFFFFFFFF6C
:1004A000FFFFFFFFFFFFFFFFFFFFFFFFFFFFFFFF5C
:1004B000FFFFFFFFFFFFFFFFFFFFFFFFFFFFFFFF4C
:1004C000FFFFFFFFFFFFFFFFFFFFFFFFFFFFFFFF3C
:1004D000FFFFFFFFFFFFFFFFFFFFFFFFFFFFFFFF2C
:1004E000FFFFFFFFFFFFFFFFFFFFFFFFFFFFFFFF1C
:1004F000FFFFFFFFFFFFFFFFFFFFFFFFFFFFFFFF0C
:10050000FFFFFFFFFFFFFFFFFFFFFFFFFFFFFFFFFB
:10051000FFFFFFFFFFFFFFFFFFFFFFFFFFFFFFFFEB
:10052000FFFFFFFFFFFFFFFFFFFFFFFFFFFFFFFFDB
:10053000FFFFFFFFFFFFFFFFFFFFFFFFFFFFFFFFCB
:10054000FFFFFFFFFFFFFFFFFFFFFFFFFFFFFFFFBB
:10055000FFFFFFFFFFFFFFFFFFFFFFFFFFFFFFFFAB
:10056000FFFFFFFFFFFFFFFFFFFFFFFFFFFFFFFF9B
:10057000FFFFFFFFFFFFFFFFFFFFFFFFFFFFFFFF8B
:10058000FFFFFFFFFFFFFFFFFFFFFFFFFFFFFFFF7B
:10059000FFFFFFFFFFFFFFFFFFFFFFFFFFFFFFFF6B
:1005A000FFFFFFFFFFFFFFFFFFFFFFFFFFFFFFFF5B
:1005B000FFFFFFFFFFFFFFFFFFFFFFFFFFFFFFFF4B
:1005C000FFFFFFFFFFFFFFFFFFFFFFFFFFFFFFFF3B
:1005D000FFFFFFFFFFFFFFFFFFFFFFFFFFFFFFFF2B
:1005E000FFFFFFFFFFFFFFFFFFFFFFFFFFFFFFFF1B
:1005F000FFFFFFFFFFFFFFFFFFFFFFFFFFFFFFFF0B
:10060000FFFFFFFFFFFFFFFFFFFFFFFFFFFFFFFFFA
:10061000FFFFFFFFFFFFFFFFFFFFFFFFFFFFFFFFEA
:10062000FFFFFFFFFFFFFFFFFFFFFFFFFFFFFFFFDA
:10063000FFFFFFFFFFFFFFFFFFFFFFFFFFFFFFFFCA
:10064000FFFFFFFFFFFFFFFFFFFFFFFFFFFFFFFFBA
:10065000FFFFFFFFFFFFFFFFFFFFFFFFFFFFFFFFAA
:10066000FFFFFFFFFFFFFFFFFFFFFFFFFFFFFFFF9A
:10067000FFFFFFFFFFFFFFFFFFFFFFFFFFFFFFFF8A
:10068000FFFFFFFFFFFFFFFFFFFFFFFFFFFFFFFF7A
:10069000FFFFFFFFFFFFFFFFFFFFFFFFFFFFFFFF6A
:1006A000FFFFFFFFFFFFFFFFFFFFFFFFFFFFFFFF5A
:1006B000FFFFFFFFFFFFFFFFFFFFFFFFFFFFFFFF4A
:1006C000FFFFFFFFFFFFFFFFFFFFFFFFFFFFFFFF3A
:1006D000FFFFFFFFFFFFFFFFFFFFFFFFFFFFFFFF2A
:1006E000FFFFFFFFFFFFFFFFFFFFFFFFFFFFFFFF1A
:1006F000FFFFFFFFFFFFFFFFFFFFFFFFFFFFFFFF0A
:10070000FFFFFFFFFFFFFFFFFFFFFFFFFFFFFFFFF9
:10071000FFFFFFFFFFFFFFFFFFFFFFFFFFFFFFFFE9
:10072000FFFFFFFFFFFFFFFFFFFFFFFFFFFFFFFFD9
:10073000FFFFFFFFFFFFFFFFFFFFFFFFFFFFFFFFC9
:10074000FFFFFFFFFFFFFFFFFFFFFFFFFFFFFFFFB9
:10075000FFFFFFFFFFFFFFFFFFFFFFFFFFFFFFFFA9
:10076000FFFFFFFFFFFFFFFFFFFFFFFFFFFFFFFF99
:10077000FFFFFFFFFFFFFFFFFFFFFFFFFFFFFFFF89
:10078000FFFFFFFFFFFFFFFFFFFFFFFFFFFFFFFF79
:10079000FFFFFFFFFFFFFFFFFFFFFFFFFFFFFFFF69
:1007A000FFFFFFFFFFFFFFFFFFFFFFFFFFFFFFFF59
:1007B000FFFFFFFFFFFFFFFFFFFFFFFFFFFFFFFF49
:1007C000FFFFFFFFFFFFFFFFFFFFFFFFFFFFFFFF39
:1007D000FFFFFFFFFFFFFFFFFFFFFFFFFFFFFFFF29
:1007E000FFFFFFFFFFFFFFFFFFFFFFFFFFFFFFFF19
:1007F000FFFFFFFFFFFFFFFFFFFFFFFFFFFFFFFF09
:10080000FFFFFFFFFFFFFFFFFFFFFFFFFFFFFFFFF8
:10081000FFFFFFFFFFFFFFFFFFFFFFFFFFFFFFFFE8
:10082000FFFFFFFFFFFFFFFFFFFFFFFFFFFFFFFFD8
:10083000FFFFFFFFFFFFFFFFFFFFFFFFFFFFFFFFC8
:10084000FFFFFFFFFFFFFFFFFFFFFFFFFFFFFFFFB8
:10085000FFFFFFFFFFFFFFFFFFFFFFFFFFFFFFFFA8
:10086000FFFFFFFFFFFFFFFFFFFFFFFFFFFFFFFF98
:10087000FFFFFFFFFFFFFFFFFFFFFFFFFFFFFFFF88
:10088000FFFFFFFFFFFFFFFFFFFFFFFFFFFFFFFF78
:10089000FFFFFFFFFFFFFFFFFFFFFFFFFFFFFFFF68
:1008A000FFFFFFFFFFFFFFFFFFFFFFFFFFFFFFFF58
:1008B000FFFFFFFFFFFFFFFFFFFFFFFFFFFFFFFF48
:1008C000FFFFFFFFFFFFFFFFFFFFFFFFFFFFFFFF38
:1008D000FFFFFFFFFFFFFFFFFFFFFFFFFFFFFFFF28
:1008E000FFFFFFFFFFFFFFFFFFFFFFFFFFFFFFFF18
:1008F000FFFFFFFFFFFFFFFFFFFFFFFFFFFFFFFF08
:10090000FFFFFFFFFFFFFFFFFFFFFFFFFFFFFFFFF7
:10091000FFFFFFFFFFFFFFFFFFFFFFFFFFFFFFFFE7
:10092000FFFFFFFFFFFFFFFFFFFFFFFFFFFFFFFFD7
:10093000FFFFFFFFFFFFFFFFFFFFFFFFFFFFFFFFC7
:10094000FFFFFFFFFFFFFFFFFFFFFFFFFFFFFFFFB7
:10095000FFFFFFFFFFFFFFFFFFFFFFFFFFFFFFFFA7
:10096000FFFFFFFFFFFFFFFFFFFFFFFFFFFFFFFF97
:10097000FFFFFFFFFFFFFFFFFFFFFFFFFFFFFFFF87
:10098000FFFFFFFFFFFFFFFFFFFFFFFFFFFFFFFF77
:10099000FFFFFFFFFFFFFFFFFFFFFFFFFFFFFFFF67
:1009A000FFFFFFFFFFFFFFFFFFFFFFFFFFFFFFFF57
:1009B000FFFFFFFFFFFFFFFFFFFFFFFFFFFFFFFF47
:1009C000FFFFFFFFFFFFFFFFFFFFFFFFFFFFFFFF37
:1009D000FFFFFFFFFFFFFFFFFFFFFFFFFFFFFFFF27
:1009E000FFFFFFFFFFFFFFFFFFFFFFFFFFFFFFFF17
:1009F000FFFFFFFFFFFFFFFFFFFFFFFFFFFFFFFF07
:100A0000FFFFFFFFFFFFFFFFFFFFFFFFFFFFFFFFF6
:100A1000FFFFFFFFFFFFFFFFFFFFFFFFFFFFFFFFE6
:100A2000FFFFFFFFFFFFFFFFFFFFFFFFFFFFFFFFD6
:100A3000FFFFFFFFFFFFFFFFFFFFFFFFFFFFFFFFC6
:100A4000FFFFFFFFFFFFFFFFFFFFFFFFFFFFFFFFB6
:100A5000FFFFFFFFFFFFFFFFFFFFFFFFFFFFFFFFA6
:100A6000FFFFFFFFFFFFFFFFFFFFFFFFFFFFFFFF96
:100A7000FFFFFFFFFFFFFFFFFFFFFFFFFFFFFFFF86
:100A8000FFFFFFFFFFFFFFFFFFFFFFFFFFFFFFFF76
:100A9000FFFFFFFFFFFFFFFFFFFFFFFFFFFFFFFF66
:100AA000FFFFFFFFFFFFFFFFFFFFFFFFFFFFFFFF56
:100AB000FFFFFFFFFFFFFFFFFFFFFFFFFFFFFFFF46
:100AC000FFFFFFFFFFFFFFFFFFFFFFFFFFFFFFFF36
:100AD000FFFFFFFFFFFFFFFFFFFFFFFFFFFFFFFF26
:100AE000FFFFFFFFFFFFFFFFFFFFFFFFFFFFFFFF16
:100AF000FFFFFFFFFFFFFFFFFFFFFFFFFFFFFFFF06
:100B0000FFFFFFFFFFFFFFFFFFFFFFFFFFFFFFFFF5
:100B1000FFFFFFFFFFFFFFFFFFFFFFFFFFFFFFFFE5
:100B2000FFFFFFFFFFFFFFFFFFFFFFFFFFFFFFFFD5
:100B3000FFFFFFFFFFFFFFFFFFFFFFFFFFFFFFFFC5
:100B4000FFFFFFFFFFFFFFFFFFFFFFFFFFFFFFFFB5
:100B5000FFFFFFFFFFFFFFFFFFFFFFFFFFFFFFFFA5
:100B6000FFFFFFFFFFFFFFFFFFFFFFFFFFFFFFFF95
:100B7000FFFFFFFFFFFFFFFFFFFFFFFFFFFFFFFF85
:100B8000FFFFFFFFFFFFFFFFFFFFFFFFFFFFFFFF75
:100B9000FFFFFFFFFFFFFFFFFFFFFFFFFFFFFFFF65
:100BA000FFFFFFFFFFFFFFFFFFFFFFFFFFFFFFFF55
:100BB000FFFFFFFFFFFFFFFFFFFFFFFFFFFFFFFF45
:100BC000FFFFFFFFFFFFFFFFFFFFFFFFFFFFFFFF35
:100BD000FFFFFFFFFFFFFFFFFFFFFFFFFFFFFFFF25
:100BE000FFFFFFFFFFFFFFFFFFFFFFFFFFFFFFFF15
:100BF000FFFFFFFFFFFFFFFFFFFFFFFFFFFFFFFF05
:100C0000FFFFFFFFFFFFFFFFFFFFFFFFFFFFFFFFF4
:100C1000FFFFFFFFFFFFFFFFFFFFFFFFFFFFFFFFE4
:100C2000FFFFFFFFFFFFFFFFFFFFFFFFFFFFFFFFD4
:100C3000FFFFFFFFFFFFFFFFFFFFFFFFFFFFFFFFC4
:100C4000FFFFFFFFFFFFFFFFFFFFFFFFFFFFFFFFB4
:100C5000FFFFFFFFFFFFFFFFFFFFFFFFFFFFFFFFA4
:100C6000FFFFFFFFFFFFFFFFFFFFFFFFFFFFFFFF94
:100C7000FFFFFFFFFFFFFFFFFFFFFFFFFFFFFFFF84
:100C8000FFFFFFFFFFFFFFFFFFFFFFFFFFFFFFFF74
:100C9000FFFFFFFFFFFFFFFFFFFFFFFFFFFFFFFF64
:100CA000FFFFFFFFFFFFFFFFFFFFFFFFFFFFFFFF54
:100CB000FFFFFFFFFFFFFFFFFFFFFFFFFFFFFFFF44
:100CC000FFFFFFFFFFFFFFFFFFFFFFFFFFFFFFFF34
:100CD000FFFFFFFFFFFFFFFFFFFFFFFFFFFFFFFF24
:100CE000FFFFFFFFFFFFFFFFFFFFFFFFFFFFFFFF14
:100CF000FFFFFFFFFFFFFFFFFFFFFFFFFFFFFFFF04
:100D0000FFFFFFFFFFFFFFFFFFFFFFFFFFFFFFFFF3
:100D1000FFFFFFFFFFFFFFFFFFFFFFFFFFFFFFFFE3
:100D2000FFFFFFFFFFFFFFFFFFFFFFFFFFFFFFFFD3
:100D3000FFFFFFFFFFFFFFFFFFFFFFFFFFFFFFFFC3
:100D4000FFFFFFFFFFFFFFFFFFFFFFFFFFFFFFFFB3
:100D5000FFFFFFFFFFFFFFFFFFFFFFFFFFFFFFFFA3
:100D6000FFFFFFFFFFFFFFFFFFFFFFFFFFFFFFFF93
:100D7000FFFFFFFFFFFFFFFFFFFFFFFFFFFFFFFF83
:100D8000FFFFFFFFFFFFFFFFFFFFFFFFFFFFFFFF73
:100D9000FFFFFFFFFFFFFFFFFFFFFFFFFFFFFFFF63
:100DA000FFFFFFFFFFFFFFFFFFFFFFFFFFFFFFFF53
:100DB000FFFFFFFFFFFFFFFFFFFFFFFFFFFFFFFF43
:100DC000FFFFFFFFFFFFFFFFFFFFFFFFFFFFFFFF33
:100DD000FFFFFFFFFFFFFFFFFFFFFFFFFFFFFFFF23
:100DE000FFFFFFFFFFFFFFFFFFFFFFFFFFFFFFFF13
:100DF000FFFFFFFFFFFFFFFFFFFFFFFFFFFFFFFF03
:100E0000FFFFFFFFFFFFFFFFFFFFFFFFFFFFFFFFF2
:100E1000FFFFFFFFFFFFFFFFFFFFFFFFFFFFFFFFE2
:100E2000FFFFFFFFFFFFFFFFFFFFFFFFFFFFFFFFD2
:100E3000FFFFFFFFFFFFFFFFFFFFFFFFFFFFFFFFC2
:100E4000FFFFFFFFFFFFFFFFFFFFFFFFFFFFFFFFB2
:100E5000FFFFFFFFFFFFFFFFFFFFFFFFFFFFFFFFA2
:100E6000FFFFFFFFFFFFFFFFFFFFFFFFFFFFFFFF92
:100E7000FFFFFFFFFFFFFFFFFFFFFFFFFFFFFFFF82
:100E8000FFFFFFFFFFFFFFFFFFFFFFFFFFFFFFFF72
:100E9000FFFFFFFFFFFFFFFFFFFFFFFFFFFFFFFF62
:100EA000FFFFFFFFFFFFFFFFFFFFFFFFFFFFFFFF52
:100EB000FFFFFFFFFFFFFFFFFFFFFFFFFFFFFFFF42
:100EC000FFFFFFFFFFFFFFFFFFFFFFFFFFFFFFFF32
:100ED000FFFFFFFFFFFFFFFFFFFFFFFFFFFFFFFF22
:100EE000FFFFFFFFFFFFFFFFFFFFFFFFFFFFFFFF12
:100EF000FFFFFFFFFFFFFFFFFFFFFFFFFFFFFFFF02
:100F0000FFFFFFFFFFFFFFFFFFFFFFFFFFFFFFFFF1
:100F1000FFFFFFFFFFFFFFFFFFFFFFFFFFFFFFFFE1
:100F2000FFFFFFFFFFFFFFFFFFFFFFFFFFFFFFFFD1
:100F3000FFFFFFFFFFFFFFFFFFFFFFFFFFFFFFFFC1
:100F4000FFFFFFFFFFFFFFFFFFFFFFFFFFFFFFFFB1
:100F5000FFFFFFFFFFFFFFFFFFFFFFFFFFFFFFFFA1
:100F6000FFFFFFFFFFFFFFFFFFFFFFFFFFFFFFFF91
:100F7000FFFFFFFFFFFFFFFFFFFFFFFFFFFFFFFF81
:100F8000FFFFFFFFFFFFFFFFFFFFFFFFFFFFFFFF71
:100F9000FFFFFFFFFFFFFFFFFFFFFFFFFFFFFFFF61
:100FA000FFFFFFFFFFFFFFFFFFFFFFFFFFFFFFFF51
:100FB000FFFFFFFFFFFFFFFFFFFFFFFFFFFFFFFF41
:100FC000FFFFFFFFFFFFFFFFFFFFFFFFFFFFFFFF31
:100FD000FFFFFFFFFFFFFFFFFFFFFFFFFFFFFFFF21
:100FE000FFFFFFFFFFFFFFFFFFFFFFFFFFFFFFFF11
:100FF000FFFFFFFFFFFFFFFFFFFFFFFFFFFFFFFF01
:10100000D1002043491600600000000000000000ED
:10101000201000600010006000B0006000000000C0
:101020000000006000BC000000000000FFFFFFFFA8
:10103000FFFFFFFFFFFFFFFFFFFFFFFFFFFFFFFFC0
:10104000FFFFFFFFFFFFFFFFFFFFFFFFFFFFFFFFB0
:10105000FFFFFFFFFFFFFFFFFFFFFFFFFFFFFFFFA0
:10106000FFFFFFFFFFFFFFFFFFFFFFFFFFFFFFFF90
:10107000FFFFFFFFFFFFFFFFFFFFFFFFFFFFFFFF80
:10108000FFFFFFFFFFFFFFFFFFFFFFFFFFFFFFFF70
:10109000FFFFFFFFFFFFFFFFFFFFFFFFFFFFFFFF60
:1010A000FFFFFFFFFFFFFFFFFFFFFFFFFFFFFFFF50
:1010B000FFFFFFFFFFFFFFFFFFFFFFFFFFFFFFFF40
:1010C000FFFFFFFFFFFFFFFFFFFFFFFFFFFFFFFF30
:1010D000FFFFFFFFFFFFFFFFFFFFFFFFFFFFFFFF20
:1010E000FFFFFFFFFFFFFFFFFFFFFFFFFFFFFFFF10
:1010F000FFFFFFFFFFFFFFFFFFFFFFFFFFFFFFFF00
:10110000FFFFFFFFFFFFFFFFFFFFFFFFFFFFFFFFEF
:10111000FFFFFFFFFFFFFFFFFFFFFFFFFFFFFFFFDF
:10112000FFFFFFFFFFFFFFFFFFFFFFFFFFFFFFFFCF
:10113000FFFFFFFFFFFFFFFFFFFFFFFFFFFFFFFFBF
:10114000FFFFFFFFFFFFFFFFFFFFFFFFFFFFFFFFAF
:10115000FFFFFFFFFFFFFFFFFFFFFFFFFFFFFFFF9F
:10116000FFFFFFFFFFFFFFFFFFFFFFFFFFFFFFFF8F
:10117000FFFFFFFFFFFFFFFFFFFFFFFFFFFFFFFF7F
:10118000FFFFFFFFFFFFFFFFFFFFFFFFFFFFFFFF6F
:10119000FFFFFFFFFFFFFFFFFFFFFFFFFFFFFFFF5F
:1011A000FFFFFFFFFFFFFFFFFFFFFFFFFFFFFFFF4F
:1011B000FFFFFFFFFFFFFFFFFFFFFFFFFFFFFFFF3F
:1011C000FFFFFFFFFFFFFFFFFFFFFFFFFFFFFFFF2F
:1011D000FFFFFFFFFFFFFFFFFFFFFFFFFFFFFFFF1F
:1011E000FFFFFFFFFFFFFFFFFFFFFFFFFFFFFFFF0F
:1011F000FFFFFFFFFFFFFFFFFFFFFFFFFFFFFFFFFF
:10120000FFFFFFFFFFFFFFFFFFFFFFFFFFFFFFFFEE
:10121000FFFFFFFFFFFFFFFFFFFFFFFFFFFFFFFFDE
:10122000FFFFFFFFFFFFFFFFFFFFFFFFFFFFFFFFCE
:10123000FFFFFFFFFFFFFFFFFFFFFFFFFFFFFFFFBE
:10124000FFFFFFFFFFFFFFFFFFFFFFFFFFFFFFFFAE
:10125000FFFFFFFFFFFFFFFFFFFFFFFFFFFFFFFF9E
:10126000FFFFFFFFFFFFFFFFFFFFFFFFFFFFFFFF8E
:10127000FFFFFFFFFFFFFFFFFFFFFFFFFFFFFFFF7E
:10128000FFFFFFFFFFFFFFFFFFFFFFFFFFFFFFFF6E
:10129000FFFFFFFFFFFFFFFFFFFFFFFFFFFFFFFF5E
:1012A000FFFFFFFFFFFFFFFFFFFFFFFFFFFFFFFF4E
:1012B000FFFFFFFFFFFFFFFFFFFFFFFFFFFFFFFF3E
:1012C000FFFFFFFFFFFFFFFFFFFFFFFFFFFFFFFF2E
:1012D000FFFFFFFFFFFFFFFFFFFFFFFFFFFFFFFF1E
:1012E000FFFFFFFFFFFFFFFFFFFFFFFFFFFFFFFF0E
:1012F000FFFFFFFFFFFFFFFFFFFFFFFFFFFFFFFFFE
:10130000FFFFFFFFFFFFFFFFFFFFFFFFFFFFFFFFED
:10131000FFFFFFFFFFFFFFFFFFFFFFFFFFFFFFFFDD
:10132000FFFFFFFFFFFFFFFFFFFFFFFFFFFFFFFFCD
:10133000FFFFFFFFFFFFFFFFFFFFFFFFFFFFFFFFBD
:10134000FFFFFFFFFFFFFFFFFFFFFFFFFFFFFFFFAD
:10135000FFFFFFFFFFFFFFFFFFFFFFFFFFFFFFFF9D
:10136000FFFFFFFFFFFFFFFFFFFFFFFFFFFFFFFF8D
:10137000FFFFFFFFFFFFFFFFFFFFFFFFFFFFFFFF7D
:10138000FFFFFFFFFFFFFFFFFFFFFFFFFFFFFFFF6D
:10139000FFFFFFFFFFFFFFFFFFFFFFFFFFFFFFFF5D
:1013A000FFFFFFFFFFFFFFFFFFFFFFFFFFFFFFFF4D
:1013B000FFFFFFFFFFFFFFFFFFFFFFFFFFFFFFFF3D
:1013C000FFFFFFFFFFFFFFFFFFFFFFFFFFFFFFFF2D
:1013D000FFFFFFFFFFFFFFFFFFFFFFFFFFFFFFFF1D
:1013E000FFFFFFFFFFFFFFFFFFFFFFFFFFFFFFFF0D
:1013F000FFFFFFFFFFFFFFFFFFFFFFFFFFFFFFFFFD
:10140000814205D051F8043B40F8043B8242F9D8B0
:10141000704700BF044A05494FF0000342F8043BFF
:101420009142FBD8704700BFC0120020A06A002084
:101430002DE98848BFF34F8F00BF00BF00BF00BF3A
:1014400000F016F9674B0822C3F8542100BF00BF13
:1014500000BF00BF00BF00BF00BF00BF00BF00BF94
:1014600000BF00BF00BF00BF00BF00BF5E4A5F49B2
:101470005F48FFF7C5FF5F4A5F496048FFF7C0FF5D
:101480005F4CFFF7C7FF4FF470004FF0E0210023DF
:101490005C4AC1F8880D44F823200133B02BFAD1FF
:1014A000594B8021594A03F8011B9342FBD14FF05D
:1014B000E0254C4E4FF08039DFF880B1DFF880A195
:1014C0004FF0FF31C5F8084D0027C6F80491C6F863
:1014D00000B1C6F8F490C6F8F0A0D5F8243DDFF8C6
:1014E000648143F4E0234A4AC5F8243DD8F81C300F
:1014F00023F07F0343F04003C8F81C30D8F82430B1
:1015000023F07F0343F04003C8F824309166D1668E
:101510001167516700F0B4F83E4B3F49A3633F4B5E
:10152000E36363236B610323AF612B613C4BC5F81D
:10153000203DD5F8FC3D43F08073C5F8FC3D394BA8
:101540001A6842F001021A605B680B6000F020F933
:10155000C6F804913448C6F800B1C6F8F490C6F84D
:10156000F0A000F0B1FAD8F86C10304B304A41F4DA
:101570004051C8F86C101F60C3F80871C3F81871A7
:10158000C3F82871C3F83871936BDB0708D442F6AF
:101590001563284951651365936B43F00103936309
:1015A000234A254C936843F00113936000F054FAEA
:1015B00000F092FA00F01AF900F05CF82368132B9F
:1015C000FCD900F0ABF92368B3F5967FFBD300F0AC
:1015D00055F800F051F800F073FA00F081FA30BFCE
:1015E000FDE700BF00800D40B0800000001C0060DF
:1015F00000000000C0120020B49C00600000002029
:1016000000100020D166000000E400E0A0E400E04B
:1016100000C00A40957A0000D4680020997A000042
:1016200000002020001000E080D1F00800400840B9
:1016300000400D400000C056D86800201B10182044
:101640000C0D111300C00F40054B4FF42A01054A41
:1016500005485A641864054A99639546FFF7E8FE01
:1016600000C00A40AFAAAAAA070020000000072075
:10167000704700BF704700BF704700BF00BF704792
:1016800010B44FF0E023002110243148C3F8941D1A
:10169000C3F89C4D1124C3F8A00D2E48C3F89C4DEF
:1016A0001224C3F8A00D2C48C3F89C4D2B4AC3F854
:1016B000A00D2B4C42F015022A48C3F89C4DC3F8EC
:1016C000A00D294C2948C3F89C4DC3F8A00D284C07
:1016D000C3F89C2D2748284AC3F8A04DC3F89C0D99
:1016E000C3F8A02D02F5A022244C0C322448C3F8E4
:1016F0009C4DC3F8A02D234AC3F89C0D224CC3F87F
:10170000A02D02F14062C3F89C4D2048C3F8A02DE3
:101710000C32C3F89C0DC3F8A02D00BF00BF00BF62
:1017200000BF00BF0122C3F8942DBFF34F8FBFF35A
:101730006F8FC3F8501FBFF34F8FBFF36F8FD3F876
:10174000142D5DF8044B42F44032C3F8142D704759
:101750003F0000102500080709001000A06A0020C3
:1017600013002000210002071400002025000813A8
:10177000090000101600202027000B13170000405E
:10178000180000602F000B07190000701A0000807D
:10179000F0B4154A40274FF480314FF480564FF48F
:1017A00000554FF4404443F24200136913F0020F16
:1017B0000ED113F4005F0FD013F4805F0ED0002B16
:1017C000F3DA13F4803F0BD15B060BD5F0BC704706
:1017D000946151619061E8E75561E6E75661E4E79D
:1017E0009161E2E75761E0E700800D403F4A032046
:1017F0003F49F3EE095AD2F880304FF0000C9FEDCC
:101800003D6A23F001039FED3C5A30B4C2F88030AA
:10181000C2F89000D1F8E010384DCBB2384C3948BE
:101820002B6007EE903A0B0DC1F30B21F8EEE77A2F
:1018300006EE903A07EE101A334BB8EEC77A2160E5
:10184000F8EEE66A314937EEC66A37EEC55A76EEEB
:10185000C76A77EEE57A26EE266AC3ED006A25EEC2
:10186000265AD2F8803067EEA64AC0ED007AC6EE5E
:10187000275A274885EE276AC4EEA76A75EE875A6D
:10188000FCEEE55A36EE076A15EE904ABCEEC66AE3
:1018900043EA045376EE877AC2F8803016EE103AA7
:1018A000D2F89041FCEEE77A01EA0341214317EEBA
:1018B000903AC2F89011C3F30B03D2F890110B4386
:1018C0001449C2F89031D2F8803043F00203C2F8D4
:1018D0008030114B80F840C0C1F840314FF0E02318
:1018E000012230BCC3F80821704700BF00810D40C1
:1018F00000441F400000AA420000B442806800205B
:101900007C68002084680020886800200000FF0FA9
:1019100000E400E0001000205D680000314B40F65C
:10192000617210B5C3F8202140F2044400F0D0F8F1
:101930002D4A2E49D2F880302D4843F00303C2F8D7
:1019400080302C4BC1F8604102681A4203D1D1F8B3
:10195000A8319A071BD0254A4FF00041244B596308
:10196000D2F8403143F00203C2F84031D2F840319E
:101970009B07FBD44FF400304FF0E0211C4B4FF09D
:101980000042C1F88C0219209A6300F0ADF8184AA1
:101990004FF08040154C002190630A20164B1160D7
:1019A0004FF42072C4F8A801184600F085F84FF4EF
:1019B000800203464FF4810040F243111860C4F8DE
:1019C00058311A640D4B0E4AC4F84811C3F804226A
:1019D0004FF0E0224FF400310123C2F80C11C4F89B
:1019E000403110BD00800D4000C00F4000002E406F
:1019F00000900D40001C1E00000000200010002080
:101A0000456A000008B50E4B1B6E9B0700D4FBBE59
:101A100072B60C4B00200C4AC3F8400103F160433E
:101A20000A49A3F55F2311649D46BFF34F8F4FF41E
:101A300000130748074ADB6902609B68984700BFAC
:101A400000441F4000002E4000C00A400300200058
:101A500000802020000012EB104BA020104AD96E0D
:101A600041F4403110B4D96640F23764D96E41F484
:101A70004071D96654649064936C1B06FCD4094A87
:101A800040F23761A02351649364936C13F0800398
:101A9000FBD1054A13705DF8044B704700C00F403E
:101AA00000400C4000800C40466A0020F8B500BFA2
:101AB000F8BC08BC9E4670475FF800F0C57E000089
:101AC0005FF800F0697F00005FF800F0B97A00006D
:101AD0005FF800F0B57100005FF800F0DD65000010
:101AE0005FF800F0396200005FF800F0B95B0000B9
:081AF00005010000254C000077
:101AF8001603550053004200200053006500720091
:101B0800690061006C00000018035400650065005E
:101B18006E00730079006400750069006E006F0044
:101B28000403090409026200030100C032080B0023
:101B3800020202010009040000010202010005245A
:101B480000100105240101010424020605240600F1
:101B5800010705820310001009040100020A0000B1
:101B68000007050302400000070584024000000941
:101B780004020002FF6AFF00070581024000010716
:101B8800050102400001000009026200030100C0D3
:101B980032080B00020202010009040000010202DF
:101BA8000100052400100105240101010424020696
:101BB8000524060001070582031000050904010039
:101BC800020A00000007050302000200070584025C
:101BD8000002000904020002FF6AC700070581022B
:101BE8000002010705010200020100000A060002C6
:081BF800EF02014001000000B2
:101C000000000000000000000000000000000000D4
:101C100000000000000000000000000000000000C4
:101C2000F8B54FF084439D695A6915400DD0254F92
:101C300001269D6195FAA5F4B4FA84F457F824308E
:101C400006FA04F49847A543F4D11F4B9D695A69DD
:101C500015400DD01D4F01269D6195FAA5F4B4FAEB
:101C600084F457F8243006FA04F49847A543F4D1D5
:101C7000174B9D695A6915400DD0164F01269D617D
:101C800095FAA5F4B4FA84F457F8243006FA04F46B
:101C90009847A543F4D1104B9D695A6915400DD062
:101CA0000E4F01269D6195FAA5F4B4FA84F457F815
:101CB000243006FA04F49847A543F4D1BFF34F8FBC
:101CC000F8BD00BF840A002000400042040B002041
:101CD00000800042840B002000C00042040C002061
:101CE0000548064B1B1AD90F01EBA301491002D07E
:101CF000034B03B118477047C0120020C0120020E8
:101D00000000000008B5054B1BB105490548AFF3BD
:101D10000080BDE80840FFF7E3BF00BF00000000FF
:101D20002868002000BC006000207047034B186842
:101D300010B103681B681847704700BF2067002078
:101D4000034B186810B103681B681847704700BF41
:101D5000246700202DE9F04100F5005090B0574C69
:101D60009646574B0094C0F810191B6A5548C3F3A8
:101D700001230468403304F080746B4413F8406C12
:101D8000514B03FB06F60368B6FBF1F2B6FBF2F526
:101D900043F0A0434D1B03600368DF01FCD5052A17
:101DA0004FF0000C2AD96046831C0130B2FBF3F7D8
:101DB000192F07FB03F3F7D84FF00108B6FBF3F335
:101DC000CB1A002BB8BF5B42AB420BDBA7F10C0375
:101DD00018BF4FF00008062B0AD8B8F1000F07D043
:101DE0008446E1E71D46A7F10C038446062BF4D98F
:101DF000052FD9D80CF10103B2FBF3F2B5F5967FAC
:101E0000A2F105024CDC142A4AD802EB42022F4F01
:101E10006E46DFF8B08002F14003BEF1020F0DEB19
:101E200003050FCF0FC60FCF0FC60FCF0FC697E812
:101E30000F0007C626F8023B4FEA1343337015F82C
:101E40003F3C15F83E2C4FEAC34315F8401C4FEABF
:101E5000024203F4601301F0070102F4E02243EAB6
:101E6000020343EA010343F4800343EA0C6343F4AF
:101E70008043C8F80430D8F8043014BF23F00803B6
:101E800043F00803C8F804303CB90E4A136823F045
:101E9000805313601368DB01FCD410B0BDE8F081FF
:101EA000002CFAD1074A136823F08053136013689B
:101EB000D901FCD410B0BDE8F08100BF3C1850003F
:101EC00000C00F4000001D4040420F008002002073
:101ED0002DE9F04100F5005090B0574C9646574B15
:101EE0000094C0F810191B6A5548C3F30123046815
:101EF000403304F080746B4413F8406C514B03FB87
:101F000006F60368B6FBF1F2B6FBF2F543F0A04328
:101F10004D1B03600368DF01FCD5052A4FF0000C60
:101F20002AD96046831C0130B2FBF3F7192F07FB57
:101F300003F3F7D84FF00108B6FBF3F3CB1A002BED
:101F4000B8BF5B42AB420BDBA7F10C0318BF4FF0ED
:101F50000008062B0AD8B8F1000F07D08446E1E745
:101F60001D46A7F10C038446062BF4D9052FD9D8BA
:101F70000CF10103B2FBF3F2B5F5967FA2F1050275
:101F80004CDC142A4AD802EB42022F4F6E46DFF88F
:101F9000B08002F14003BEF1020F0DEB03050FCF3D
:101FA0000FC60FCF0FC60FCF0FC697E80F0007C69B
:101FB00026F8023B4FEA1343337015F83F3C15F8FF
:101FC0003E2C4FEAC34315F8401C4FEA024203F48B
:101FD000601301F0070102F4E02243EA020343EA3E
:101FE000010343F4800343EA0C6343F48043C8F8DD
:101FF0000430D8F8043014BF23F0080343F008037A
:10200000C8F804303CB90E4A136823F080531360BB
:102010001368DB01FCD410B0BDE8F081002CFAD1CC
:10202000074A136823F0805313601368D901FCD466
:1020300010B0BDE8F08100BF3C18500000C00F4058
:1020400000401D4040420F008002002000207047E9
:10205000002070470820704700207047002070471C
:102060000820704710490B68486B0A68496B02F0FA
:102070007F02C1F3036101320431B2EB410F10D38F
:1020800003F07F03C0F30360053B0130A3EB400383
:10209000DBB2054A106800F07F000130C01AC0B200
:1020A00070470023F5E700BF00401D4010490B6852
:1020B000486B0A68496B02F07F02C1F30361013289
:1020C0000431B2EB410F10D303F07F03C0F3036080
:1020D000053B0130A3EB4003DBB2054A106800F07A
:1020E0007F000130C01AC0B270470023F5E700BF7F
:1020F00000001D40634A2DE9F0411468136804F0A4
:10210000807443F0A04313601368DD01FCD51168AF
:102110000023DFF878C121F000515B4F594E116068
:10212000194653629362126803EB0C02DD19013306
:102130001201AD00D160DBB2916051601160296085
:10214000326802F07F0201329342EDD3B164316113
:10215000F26A336BF26233633368002849D1DFF8E7
:102160002C810546474E484F19E0336803F07F0342
:102170000133B0EB930F34BF4FF080634FF08C63AB
:102180001360736BC3F300439B070B603368013527
:1021900003F07F03EDB2013328469D421ED233681F
:1021A00005EB0802E91903F07F03120189000133EE
:1021B000B0EB530FD9D34FF00063136033689A002C
:1021C00003D5FFF74FFFA842E0D801231F2D03FAE4
:1021D00005F34CD8B26A1343B362D7E73CB9294A36
:1021E000136823F0805313601368DB01FCD4BDE84F
:1021F000F08143F000533360356815F000553ED050
:10220000FFF730FF3368054603F07F030133834255
:10221000E4D91E4F4FF00066DFF868800DE0D8F873
:1022200028201343C8F82830D8F80030013503F0CF
:102230007F03EDB201339D42D0D2EB191B011E602A
:10224000D8F80030990003D5FFF70CFF8542EBD397
:1022500001231F2D03FA05F3E1D9A5F12001012384
:10226000D8F824208B401343C8F82430DCE7A5F1CC
:1022700020010123726A8B401343736286E733683F
:10228000C7E700BF00401D402052071008D40104DA
:10229000634A2DE9F0411468136804F0807443F038
:1022A000A04313601368DD01FCD511680023DFF83B
:1022B00078C121F000515B4F594E116019465362AD
:1022C0009362126803EB0C02DD1901331201AD00B9
:1022D000D160DBB29160516011602960326802F018
:1022E0007F0201329342EDD3B1643161F26A336B04
:1022F000F26233633368002849D1DFF82C81054648
:10230000474E484F19E0336803F07F030133B0EBC9
:10231000930F34BF4FF080634FF08C631360736B87
:10232000C3F300439B070B603368013503F07F0361
:10233000EDB2013328469D421ED2336805EB0802F8
:10234000E91903F07F03120189000133B0EB530F49
:10235000D9D34FF00063136033689A0003D5FFF7B9
:10236000A5FEA842E0D801231F2D03FA05F34CD89F
:10237000B26A1343B362D7E73CB9294A136823F022
:10238000805313601368DB01FCD4BDE8F08143F097
:1023900000533360356815F000553ED0FFF786FED8
:1023A0003368054603F07F0301338342E4D91E4FAF
:1023B0004FF00066DFF868800DE0D8F8282013435E
:1023C000C8F82830D8F80030013503F07F03EDB2AB
:1023D00001339D42D0D2EB191B011E60D8F80030AA
:1023E000990003D5FFF762FE8542EBD301231F2D31
:1023F00003FA05F3E1D9A5F120010123D8F824203F
:102400008B401343C8F82430DCE7A5F120010123F9
:10241000726A8B401343736286E73368C7E700BF75
:1024200000001D402042071008D00104164B022076
:1024300010B51C7805F0DAFA844203D02146022058
:1024400005F0E0FB114C032005F0D0FA2178814221
:1024500002D0032005F0D6FB94F82240042005F0BA
:10246000C5FA844203D02146042005F0CBFB084B7B
:1024700005201C7805F0BAFA844203D021460520D5
:1024800005F0C0FB012010BD496A0020B0680020A3
:10249000486A00202DE9F047B74D2B6813F000592A
:1024A00040F09A811A21B54806F0E8FF4C462B68A7
:1024B000B34FB44DB44E04EB05084FEA0818D8F8F2
:1024C0000030C3F303630E2B00F29E80DFE813F0AD
:1024D000420130011E019C0003019C00F1009C00A0
:1024E000DF00CD00BB009C000F009C00A900042170
:1024F000A64806F0C3FF002349460A22A44805F077
:10250000FFF81D21A34806F0B9FFD8F800301021CC
:102510009B0240F1E381A04806F0B0FFD8F8089094
:10252000D8F80430B04423F0604A07219B4806F0F5
:10253000A5FF002310225146954805F0E1F801213E
:10254000974806F09BFF0A21964806F097FF002364
:1025500010224FEA19618E4805F0D2F80121924805
:1025600006F08CFF00231022C9F30741884805F0CC
:10257000C7F801218C4806F081FF00231022C9F31F
:102580000721834805F0BCF80121874806F076FF53
:10259000002310225FFA89F17D4805F0B1F858F860
:1025A00007800121804806F069FF002310224FEACE
:1025B0001861774805F0A4F801217B4806F05EFF1A
:1025C00000231022C8F30741714805F099F8012152
:1025D000754806F053FF00231022C8F307216C480A
:1025E00005F08EF80121704806F048FF00235FFADD
:1025F00088F11022664805F083F80121684806F04A
:102600003DFF634805F06EF85B4B01341B68E4B294
:1026100003F07F03A14601339C42FFF44CAFBDE8B9
:10262000F0870421594806F029FF494600230A2271
:10263000574805F065F811215C4806F01FFF544823
:1026400005F050F8E0E70421504806F017FF49462E
:1026500000230A224E4805F053F81121544806F091
:102660000DFF4B4805F03EF8CEE70421474806F041
:1026700005FF494600230A22454805F041F80F218D
:102680004C4806F0FBFE424805F02CF8BCE704215C
:102690003E4806F0F3FE494600230A223C4805F076
:1026A0002FF81221444806F0E9FE394805F01AF8DF
:1026B000AAE70421354806F0E1FE494600230A2234
:1026C000334805F01DF811213C4806F0D7FE30488C
:1026D00005F008F898E704212C4806F0CFFE0A22FE
:1026E000494600232A4805F00BF80F21344806F02C
:1026F000C5FED8F8003011219A024CBF314832484B
:1027000006F0BCFE224804F0EDFF7DE704211F48DF
:1027100006F0B4FE494600230A221D4804F0F0FFEB
:102720000E212A4806F0AAFE194804F0DBFF6BE7E9
:102730000421164806F0A2FE494600230A22144846
:1027400004F0DEFF0E21224806F098FE104804F047
:10275000C9FF59E704210D4806F090FE49460023C1
:102760000A220B4804F0CCFF12211A4806F086FE1C
:10277000074804F0B7FF47E700401D4088040020E9
:102780008C401D4008D4010480BFE2BF58030020E4
:10279000A009002018040020380400206004002054
:1027A0009403002068040020FC0200207404002030
:1027B000D003002008040020F4030020BC03002004
:1027C000740300208403002098030020AC03002041
:1027D000E4030020600300201121C44806F04EFEEF
:1027E000AB6A9A0600F1FA811221C14806F046FE52
:1027F000C04804F077FF1621BF4806F03FFEBF4AED
:102800001468516B1368526B03F07F03C2F30362C9
:1028100001330432B3EB420FC0F0E88104F07F04CF
:10282000C1F30361053C0131A4EB4104E5B2B34EB1
:10283000B048316801F07F010131491BC9B220293C
:10284000A8BF202104F042FFAA4804F04BFF162144
:10285000AB4806F013FE3368726B03F07F03C2F3DC
:10286000036201330432B3EB420F01D200252C4640
:10287000002321460A229F4804F042FF9D4804F0AD
:1028800031FF9E4B1C681B6804F07F0403F07F033C
:1028900001340133641BE4B2A3427FF6C0AE994D0C
:1028A000994E9A4F04EB05084FEA0818D8F8003003
:1028B000C3F303630E2B00F2A980DFE813F0470196
:1028C0000401F200A700D700A7006B01A70059017F
:1028D0007D01C500A7001A00A700B3008C4806F0D0
:1028E000CDFDD8F80890D8F80430B044C3F38A4A34
:1028F0001BE60421874806F0C1FD00230A22214679
:102900007C4804F0FDFE1D21834806F0B7FDD8F891
:1029100000301021980240F16C81804806F0AEFD35
:10292000D8F80890D8F80430B84423F0604A07215A
:102930007B4806F0A3FD0023102251466D4804F0A9
:10294000DFFE0121774806F099FD0A21764806F05E
:1029500095FD002310224FEA1961664804F0D0FE6D
:102960000121724806F08AFD00231022C9F30741B5
:10297000604804F0C5FE01216C4806F07FFD00238D
:102980001022C9F307215B4804F0BAFE0121674811
:1029900006F074FD002310225FFA89F1554804F017
:1029A000AFFE58F806800121604806F067FD00235D
:1029B00010224FEA18614F4804F0A2FE01215B4843
:1029C00006F05CFD00231022C8F30741494804F0DB
:1029D00097FE0121554806F051FD00231022C8F34F
:1029E0000721444804F08CFE0121504806F046FDC2
:1029F00000235FFA88F110223E4804F081FE012195
:102A0000484806F03BFD3B4804F06CFE3B4B01346C
:102A10001B68E4B203F07F0301339C42FFF442AF32
:102A2000BDE8F08704213B4806F028FD00230A2278
:102A30002146304804F064FE11213D4806F01EFD99
:102A40002C4804F04FFEE1E70421324806F016FD61
:102A500000230A222146274804F052FE112135485E
:102A600006F00CFD234804F03DFECFE70421294881
:102A700006F004FD0A22002321461E4804F040FE11
:102A80000F212D4806F0FAFCD8F8003011219B02E6
:102A90004CBF2A482A4806F0F1FC164804F022FEF2
:102AA000B4E704211B4806F0E9FC00230A22214672
:102AB000104804F025FE0E21224806F0DFFC0D48E8
:102AC00004F010FEA2E70421124806F0D7FC002310
:102AD0000A222146074804F013FE0E211A4806F088
:102AE000CDFC044804F0FEFD90E700BFEC0200209E
:102AF00014030020A00900202803002000401D40EE
:102B00004003002008D401048C401D4080BFE2BF78
:102B10004C04002058030020180400203804002032
:102B2000600400209403002068040020FC020020C0
:102B300074040020D00300207403002084030020CC
:102B400098030020AC030020E403002004212E4859
:102B500006F094FC00230A2221462C4804F0D0FD04
:102B600012212B4806F08AFC284804F0BBFD4DE7F3
:102B70000421254806F082FC00230A22214623482E
:102B800004F0BEFD1221234806F078FC1F4804F033
:102B9000A9FD3BE704211C4806F070FC00230A2233
:102BA00021461A4804F0ACFD11211B4806F066FCD2
:102BB000164804F097FD29E70421134806F05EFC4F
:102BC00000230A222146114804F09AFD0F211348E0
:102BD00006F054FC0D4804F085FD17E7112110485C
:102BE00006F04CFC094804F07DFD04E600252C4667
:102BF0001DE60C4806F042FCD8F80890D8F80430DE
:102C0000B844C3F38A4A92E658030020A009002082
:102C100060030020F4030020BC030020080400200F
:102C2000000300204C0400203B4B01210D201A6FB3
:102C300042F4805210B51A67D3F8A02042F48052B3
:102C4000C3F8A020D3F8E02042F48052C3F8E0207B
:102C500004F042FE01210C2004F03EFE01210A2076
:102C600004F03AFE01210B2004F036FE002104207E
:102C700004F032FE0D20002104F02EFE042004F0AA
:102C800019FE30B9012225491120BDE8104005F098
:102C900051B8022400E00124FF210C2005F0FAF9CC
:102CA00000210A2005F0F6F900210B2005F0F2F9C9
:102CB0004FF4FA6004F080FD00210C2005F0EAF9E1
:102CC00000210A2005F0E6F90B20002105F0E2F9C9
:102CD0004FF4FA6004F070FD012CDCD12146042091
:102CE00004F0FAFD2146052004F0F6FD0021052040
:102CF00004F0B6FD0021042004F0B2FD40F6C4103B
:102D000004F05AFD0021052004F0E6FD0021042016
:102D100004F0E2FDB6E700BF00800D40111B00008B
:102D200008B5204B1B78042B3AD8DFE803F0111FBD
:102D30002533030005210C2005F0ACF900210A2001
:102D400005F0A8F905210B20BDE8084005F0A2B95F
:102D50000A210C2005F09EF900210A2005F09AF9BD
:102D600000210B20BDE8084005F094B900210C209B
:102D700005F090F90A21F0E700210C2005F08AF90E
:102D800000210A2005F086F90A210B20BDE8084041
:102D900005F080B900210C2005F07CF90521CEE773
:102DA00008BD00BFB0680020C94B1A78022A10B4D1
:102DB00083B000F09C80032A3BD1C64BC64A136007
:102DC0000368B3F5607F3BD060D8B3F5D07F00F0E7
:102DD0004981B3F5207F28D1D2ED007AF5EE407A13
:102DE000F1EE10FA00F0FA81B6EE005ADFEDBB5AB0
:102DF000F3EE046A9FEDBA7A9FEDBA6A2123E7EEFB
:102E0000856A8373C6EEA57A27EE877A67EE867A9F
:102E1000BCEEC77AFCEEE77A8DED017A17EE902AC8
:102E20009DF80430C2734373837403B05DF8044BA0
:102E300070470023A84A13600368B3F5607FC3D1CD
:102E400092ED007AB5EE407AF1EE10FA00F0E581ED
:102E5000F6EE005A9FEDA16AF3EE046ADFEDA07A68
:102E6000E7EE256A86EE867A67EE277ABCEEC77AA9
:102E7000FCEEE77A8DED017A9DF8043017EE902A8A
:102E8000C374827303B05DF8044B7047B3F5946F5D
:102E900000F0BF80B3F5B46FC7D192ED007AB5EE04
:102EA000407AF1EE10FA00F0A081B6EE005ADFEDA4
:102EB0008B5AF3EE046ADFED8C7A9FED896AE7EEB8
:102EC000056A86EEA57A67EE277A27EE067AFCEE8B
:102ED000E77A17EE903AFCEEC77A0374CDED017AEB
:102EE0009DF80430437403B05DF8044B704793F8C9
:102EF00022107E4C07EE901A94ED007AF8EEE76A05
:102F0000F4EEC76AF1EE10FA53D9002951D093F8C4
:102F10002320DFED777A9FED716A002A47FE867ADB
:102F20006D4AC2ED007A0268B2F5607F00F0E6807B
:102F300042D8B2F5D07F00F00381B2F5207F7FF454
:102F400074AF93F82220D4ED007A07EE102AB8EE81
:102F5000C77AB4EEE77AF1EE10FA40F25381002A14
:102F60000CBFFE21002121224173827393F822209D
:102F700007EE102AB8EEC77AF4EEC77AF1EE10FA2F
:102F800080F25681002A0CBF4E220022C27393F8B1
:102F9000223007EE103AB8EEC77AF4EEC77AF1EEB7
:102FA00010FA80F24281002B0CBFFE2300238374B1
:102FB0003BE7DFED4A7AB3E7B2F5946F00F0EA80C1
:102FC000B2F5B46F7FF431AF93F82220D4ED007ADC
:102FD00007EE102AB8EEC77AB4EEE77AF1EE10FAEF
:102FE00040F20C81002A0CBF7F220022027493F869
:102FF000223007EE103AB8EEC77AF4EEC77AF1EE57
:1030000010FA80F21781002B0CBFFE2300234374BB
:1030100069E7D2ED007AF5EE407AF1EE10FA00F0B1
:10302000F780F6EE005A9FED2D6AB3EE047ADFEDDD
:103030002C6A0A23A7EEA57A4373C7EE067A67EED9
:10304000A67AFCEEE77ACDED017A9DF804300373A1
:103050000A214FF00A228373C173026103B05DF845
:10306000044B7047D2ED006AF5EE406AF1EE10FABB
:1030700000F0CA80F6EE004A9FED185AB3EE046ADB
:10308000DFED1C7A9FED1C7ADFED155AA6EEA46ADF
:10309000C6EE056A66EEA77A26EE877A66EEA56A20
:1030A000FCEEE77ABCEEC77A17EE903AFCEEE67AD1
:1030B00017EE102A4373CDED017A9DF804300273A8
:1030C0000A228373C27303B05DF8044B704700BFDC
:1030D000B06800200000F041246800200000C842D1
:1030E00000007E4300009C420000FE424068002039
:1030F00000000000000082420000004393F82220FC
:10310000D4ED007A07EE102AB8EEC77AB4EEE77A6B
:10311000F1EE10FA70D9002A0CBFFE220022827351
:1031200093F8223007EE103AB8EEC77AF4EEC77A79
:10313000F1EE10FA76DAB3FA83F35B09C374A1E611
:10314000F4EEC76AF1EE10FA5AD9B1FA81F14909E1
:10315000C901017393F8222007EE902AF8EEE77A6E
:10316000B4EEE77AF1EE10FA6BDA002A0CBF4122D6
:103170000022427393F8223007EE903AF8EEE77A95
:10318000B4EEE77AF1EE10FA59DA002B0CBFFE2309
:10319000002395E793F82220D4ED007A07EE102A59
:1031A000B8EEC77AB4EEE77AF1EE10FA22D9002A27
:1031B0000CBFFE2100210A220173427393F82230D2
:1031C00007EE103AB8EEC77AF4EEC77AF1EE10FACD
:1031D00033DA002B0CBFFE23002339E70022212124
:1031E00013464273C18183741FE6002213460274A2
:1031F000437478E6FE21DEE7FE2290E77F22F5E6C3
:103200008021A6E7FE21AEE600221346828157E721
:103210004FF42062002382811AE700221346827352
:10322000C3742FE60123C3742CE6FE238374FCE5EC
:103230004E22ABE6FE23437455E6FE2308E7FE2349
:103240003EE7412295E700BF70B5604B82B0604910
:10325000002201930B6AC3F3012308336B4413F874
:10326000043CC0E90122C0E90322002B00F0858064
:1032700000F5005556492420564B0124564A022693
:10328000C5F80C091220C3F8D0208A6E534B42F4C3
:1032900070328A6641F2B00185F81549504A514CA6
:1032A000C3F81C01C3F80C13E664C3F82001C3F88B
:1032B0001013136823F000431360136843F0A04316
:1032C00013601368DC01FCD55368454943F00803DB
:1032D0005360136843F0804313600B68D802FCD43A
:1032E0000B683F4A43F000730B6013689901FCD4EC
:1032F0003B4C2368DA01FCD52368002043F40033FB
:103300002360236843F480332360236843F48053AD
:103310002360236843F400532360236843F480034D
:103320002360236843F400232360236823F40843C5
:103330002360636B43F4E0236363236843F4001367
:103340002360236843F080632360FEF7A1FF2368B6
:10335000234A23F0805323601368DB01FCD4D5F8A3
:103360000C290121204B03EB521302F01F029B009A
:1033700001FA02F21A6002B070BD0B6A1B4A23F414
:103380007F7343F480730B621368E3B1144A00F552
:1033900000551C6818465268D5F81019C2F3C002CF
:1033A000636852009847124B186800283FF462AFD8
:1033B0000B4A03685268D5F81019C2F3C0025B6863
:1033C0005200984756E700F50055ECE73C185000CE
:1033D00000C00F40001000202D01000000801F40A1
:1033E00000001D4000841F40403800382067002046
:1033F0002467002070B5604B82B0604900220193C1
:103400000B6AC3F3012308336B4413F8043CC0E98F
:103410000122C0E90322002B00F0858000F5005551
:1034200056492520564B0224564A0126C5F80C0958
:103430001020C3F8D4208A6E534B42F470128A666F
:1034400041F2B00185F81549504A514CC3F8C40007
:10345000C3F8B4122665C3F8C800C3F8B8121368DD
:1034600023F000431360136843F0A0431360136814
:10347000DC01FCD55368454943F0080353601368E9
:1034800043F0804313600B68D802FCD40B683F4ABA
:1034900043F000730B6013689901FCD43B4C236824
:1034A000DA01FCD52368002043F40033236023684D
:1034B00043F480332360236843F4805323602368FC
:1034C00043F400532360236843F48003236023689C
:1034D00043F400232360236823F408432360636BD1
:1034E00043F4E0236363236843F4001323602368F9
:1034F00043F080632360FEF7FDFD2368234A23F039
:10350000805323601368DB01FCD4D5F80C2901211A
:10351000204B03EB521302F01F029B0001FA02F250
:103520001A6002B070BD0B6A1B4A23F47F7343F428
:1035300080730B621368E3B1144A00F500551C68F0
:1035400018465268D5F81019C2F3C00263685200D9
:103550009847124B186800283FF462AF0B4A036883
:103560005268D5F81019C2F3C0025B685200984740
:1035700056E700F50055ECE73C18500000C00F403E
:10358000001000204101000000801F4000401D404D
:1035900000841F4040380038206700202467002046
:1035A00038B54348434CFFF74FFE0022424940489C
:1035B000FEF7D0FB236843F0A04323602368DD01BE
:1035C000FCD500202568FEF763FEE26A236BA800A5
:1035D000E2622363236823F07F032360236843F0C0
:1035E0003F03236060D4334C236823F0805323606F
:1035F0002368D901FCD4314B0120314AC3F8042897
:10360000FEF746FE23689A000AD5A36A9B0607D4F4
:10361000A36A23F0FF03A362A36A43F02003A3621B
:103620002848294CFFF7E6FE002223492548FEF7EB
:103630004FFC236843F0A04323602368DD01FCD5E1
:1036400000202568FEF756FDE26A236BA800E262BF
:103650002363236823F07F032360236843F03F0341
:1036600023601DD4184C236823F080532360236803
:10367000D901FCD4154B0120154AC3F80428FEF7E4
:1036800039FD23689A000AD5A36A9B0607D4A36A6A
:1036900023F0FF03A362A36A43F02003A36238BDB3
:1036A0000120FEF727FDDDE70120FEF7F1FD9AE797
:1036B000A03D002000001D4020A10700A05D0020CB
:1036C000092F00008814002000401D40883400208D
:1036D000091F00000C4A08B5136843F0007313601B
:1036E00013689901FCD4094A136843F0007313600E
:1036F00013689B01FCD44FF4FA7004F05DF8FFF7F7
:103700004FFF012008BD00BF00001D4000401D40CC
:103710004D494E4A0B6810681B1AB3F5967FC0F0EE
:1037200092800B6810B50A241360042004F0C2F8DC
:10373000034605210C20002B47D004F0ABFC0021F0
:103740000A2004F0A7FC05210B2004F0A3FC642050
:1037500004F032F800210C2004F09CFC00210A2027
:1037600004F098FC00210B2004F094FC642004F089
:1037700023F8631E13F0FF04D7D1354A0B241378C6
:1037800083F00103137005210C2004F083FC002159
:103790000A2004F07FFC05210B2004F07BFC4FF491
:1037A000FA7004F009F800210C2004F073FC0021E9
:1037B0000A2004F06FFC0B20002104F06BFC4FF496
:1037C000FA7003F0F9FF013CDDD1224B1A788AB977
:1037D00021490B7881F823200133DBB2032B2BD94D
:1037E0000A701B4B1B780BB101230B70BDE8104016
:1037F000FFF770BF0B2405210C2004F04BFC0521C2
:103800000A2004F047FC05210B2004F043FC64204F
:1038100003F0D2FF00210C2004F03CFC00210A2020
:1038200004F038FC0B20002104F034FC642003F089
:10383000C3FF013CDFD110BD0B70002BD1D0BDE820
:103840001040FFF747BF7047D8680020646700202A
:10385000496A0020456A0020B06800201F291C48E2
:1038600010B423D80123046B8B4023430363194B0B
:103870004FF00064D0790B441B011C60F8B1117A41
:103880001068090520F0604041F4C0015860D0681C
:103890005DF8044B00BA9860106900BAD860D27A1B
:1038A00041EA024242F040621A607047A1F1200CE6
:1038B0000123C46A03FA0CF32343C362D7E71468F5
:1038C0000548117A00EA844009055860DFE700BF27
:1038D00000401D4008D401040000FC1F1F291C48A3
:1038E00010B423D80123046B8B4023430363194B8B
:1038F0004FF00064D0790B441B011C60F8B1117AC1
:103900001068090520F0604041F4C0015860D0689B
:103910005DF8044B00BA9860106900BAD860D27A9A
:1039200041EA024242F040621A607047A1F1200C65
:103930000123C46A03FA0CF32343C362D7E7146874
:103940000548117A00EA844009055860DFE700BFA6
:1039500000001D4008D001040000FC1F43884FF008
:103960001A0C03F00F0310B50CFB030304460020F0
:103970009875638803F00F030CFB0343DA756088C6
:1039800000F00F000CFB0040183006F01FF86288B2
:10399000238892B29BB283F010039A4204D1238809
:1039A000013303F01F0323806388013303F01F03F7
:1039B0006380A3889BB20F2B03D8A38801339BB2EB
:1039C000A38010BD8B7DF0B50D468DB004464B4EE7
:1039D000002B4CD1336813F0005C25D0FEF766FB5A
:1039E0003368844603F07F03013398421ED2444972
:1039F000424807E003685FFA82FC03F07F0301336B
:103A00009C4513D20CEB01030CF101021B011B6856
:103A1000C3F30363082BEDD120462A466146FFF726
:103A20005DFF01200DB0F0BD3368E0E70FCDEC463F
:103A3000FF276E460DF1180EACE80F0095E8030065
:103A40008CE803008DF814700FCEAEE80F009CE8F0
:103A500003008EE80300182241F61A300DEB020134
:103A60002044FFF77BFF4FF0FF300DB0F0BD306812
:103A700010F0005040D0FEF719FB336803F07F03CD
:103A80000133834227D91E491C4E05E0336803F0F9
:103A90007F03013398421ED24318421C84461B0107
:103AA000D0B21A681201F1D51B68C3F30363082B67
:103AB00019D06E466F460DF1180E0FCD0FC695E862
:103AC000030086E803008DF814C00FCFAEE80F00A6
:103AD00096E80300BDE70B4B4FF0FF3C1B68C3F3B8
:103AE0000363082BE5D120462A465FFA8CF1FFF7E5
:103AF000F5FE01200DB0F0BD3368C4E700001D40A5
:103B000008D0010470001D402DE9F047B84D86B083
:103B1000C77A0646D0F800806C46D0F807C00FCDB3
:103B20000FC495E803003A46CDF807C0CDF80080F1
:103B30008DF80B7084E8030006F10C0103A804F073
:103B400083F9AC4B1B78002B65D1B8F5227F7DD172
:103B5000F37BA94907EE103AA84B9FEDA16BB8EE95
:103B6000C77B1B7827EE067BFCEEC77B17EE902AFF
:103B70000A70002B66D16946A148FFF723FF002891
:103B800055D1052464210C2004F084FA00210A2078
:103B900004F080FA00210B2004F07CFA322003F0BC
:103BA0000BFE00210C2004F075FA00210A2004F01D
:103BB00071FA0B20002104F06DFA322003F0FCFDB5
:103BC000013CDFD18F4D2B6813F0005840F0D181BC
:103BD0001A218D4805F052FC8C4E2B688C4F8D4D70
:103BE00063194FEA031ADAF80030C3F303630E2BAC
:103BF00000F2D680DFE813F0750163015101D400B3
:103C00003601D4009901D4008701AB012401D4000E
:103C10004700D400E20040F21D7398450ED009D849
:103C2000B8F5007F0AD0A8F20F73012B8DD906B02A
:103C3000BDE8F08740F264739845F8D16F4B1B786C
:103C4000002B98D06846FFF7AFF894E7B8F5D46F2B
:103C500005D1337B032BF1D8684A137089E7B8F597
:103C6000207FEBD1737C6C4A07EE103A634B9FEDDB
:103C70005E6BB8EEC77B1B7827EE067BB7EEC77B83
:103C800082ED007A75E70421644805F0F7FB002314
:103C900041460A22624803F033FD1D21614805F0C8
:103CA000EDFBDAF8003010219B0240F1E4815E4820
:103CB00005F0E4FBDAF80880DAF80430BA4423F0BF
:103CC00060490721594805F0D9FB002310224946D5
:103CD000534803F015FD0121554805F0CFFB0A219B
:103CE000544805F0CBFB002310224FEA18614C48E2
:103CF00003F006FD0121504805F0C0FB002310220F
:103D0000C8F30741464803F0FBFC01214A4805F08F
:103D1000B5FB00231022C8F30721414803F0F0FC53
:103D20000121454805F0AAFB00235FFA88F1102223
:103D30003B4803F0E5FC5AF8068001213E4805F0B7
:103D40009DFB002310224FEA1861354803F0D8FC90
:103D50000121394805F092FB00231022C8F30741E6
:103D60002F4803F0CDFC0121334805F087FB0023E9
:103D70001022C8F307212A4803F0C2FC01212E4873
:103D800005F07CFB00235FFA88F11022244803F041
:103D9000B7FC0121264805F071FB214803F0A2FC85
:103DA000184B01341B68E4B203F07F03A0460133D3
:103DB0009C42FFF415AF06B0BDE8F0870421174818
:103DC00005F05CFB414600230A22154803F098FCED
:103DD00011211A4805F052FB114803F083FCDFE77C
:103DE0007B14AE47E17AF43F9A9999999999D93F12
:103DF000C0020020496A0020546A0020B0680020F8
:103E0000A03D002000001D40880400208C001D40C3
:103E100080FFE2BF08D00104406800205803002062
:103E2000A0090020180400203804002060040020AD
:103E30009403002068040020FC0200207404002089
:103E40000421924805F01AFB414600230A229048BB
:103E500003F056FC11218F4805F010FB8C4803F04D
:103E600041FC9DE70421894805F008FB0A224146F0
:103E70000023874803F044FC0F21874805F0FEFA31
:103E8000DAF8003011219A024CBF8448844805F0CA
:103E9000F5FA7F4803F026FC82E704217B4805F011
:103EA000EDFA414600230A22794803F029FC0E214D
:103EB0007C4805F0E3FA764803F014FC70E704212F
:103EC000724805F0DBFA414600230A22704803F0ED
:103ED00017FC0E21744805F0D1FA6D4803F002FC7E
:103EE0005EE70421694805F0C9FA414600230A2229
:103EF000674803F005FC12216C4805F0BFFA6448DE
:103F000003F0F0FB4CE70421604805F0B7FA4146A6
:103F100000230A225E4803F0F3FB1221644805F0F7
:103F2000ADFA5B4803F0DEFB3AE70421574805F0A1
:103F3000A5FA414600230A22554803F0E1FB11216E
:103F40005C4805F09BFA524803F0CCFB28E70421BB
:103F50004E4805F093FA414600230A224C4803F0EC
:103F6000CFFB0F21544805F089FA494803F0BAFB0A
:103F700016E71121514805F081FAAB6A9A0600F163
:103F8000F28112214E4805F079FA414803F0AAFB6C
:103F900016214C4805F072FA4B4A1468516B1368AD
:103FA000526B03F07F03C2F3036201330432B3EBBD
:103FB000420FC0F0E08104F07F04C1F30361053CCF
:103FC0000131A4EB4104E5B23F4E3148316801F0C4
:103FD0007F010131491BC9B22029A8BF202103F06C
:103FE00075FB2B4803F07EFB1621384805F046FA96
:103FF0003368726B03F07F03C2F303620133043250
:10400000B3EB420F01D200242546002321460A22A9
:104010001F4803F075FB1E4803F064FB2A4B1C6825
:104020001B6804F07F0403F07F0301340133641B39
:10403000E4B29C42BFF4FBAD254D264E264F04EB67
:1040400005084FEA0818D8F80030C3F303630E2BB5
:1040500000F2D380DFE813F03F012D011B01D100F6
:104060000001D1006301D10051017501EE00D100C2
:104070004400D100DC00194805F000FADAF80880A5
:10408000DAF80430BA44C3F38A491AE65803002028
:10409000A0090020D0030020740300208403002026
:1040A00098030020AC030020E403002060030020FC
:1040B000F4030020BC03002008040020EC020020D0
:1040C000140300202803002000001D4040030020AE
:1040D00008D001048C001D4080FFE2BF4C0400208A
:1040E0000421AC4805F0CAF900230A222146AA4857
:1040F00003F006FB1D21A94805F0C0F9D8F80030EF
:104100001021980240F13A81A54805F0B7F9D8F896
:104110000890D8F80430B84423F0604A0721A14839
:1041200005F0ACF90023102251469B4803F0E8FA51
:1041300001219D4805F0A2F90A219C4805F09EF94D
:10414000002310224FEA1961934803F0D9FA0121A4
:10415000974805F093F900231022C9F307418E48D0
:1041600003F0CEFA0121924805F088F900231022CD
:10417000C9F30721884803F0C3FA01218C4805F0F0
:104180007DF9002310225FFA89F1834803F0B8FA21
:1041900058F806800121864805F070F900231022A6
:1041A0004FEA18617C4803F0ABFA0121804805F022
:1041B00065F900231022C8F30741774803F0A0FAFD
:1041C00001217B4805F05AF900231022C8F307218A
:1041D000714803F095FA0121754805F04FF9002365
:1041E0005FFA88F110226C4803F08AFA01216E48C8
:1041F00005F044F9684803F075FA6E4B01341B680A
:10420000E4B203F07F0301339C42FFF418AF0EE5E4
:104210000421604805F032F900230A2221465E4855
:1042200003F06EFA1121644805F028F95A4803F0AA
:1042300059FAE2E70421574805F020F900230A2241
:104240002146554803F05CFA11215C4805F016F947
:10425000514803F047FAD0E704214E4805F00EF923
:104260000A22002321464C4803F04AFA0F21544801
:1042700005F004F9D8F8003011219B024CBF5148D9
:10428000514805F0FBF8444803F02CFAB5E7042147
:10429000404805F0F3F800230A2221463E4803F087
:1042A0002FFA0E21494805F0E9F83B4803F01AFAC5
:1042B000A3E70421374805F0E1F800230A2221464C
:1042C000354803F01DFA0E21414805F0D7F8324871
:1042D00003F008FA91E704212E4805F0CFF80023F7
:1042E0000A2221462C4803F00BFA1221394805F026
:1042F000C5F8294803F0F6F97FE70421254805F0C1
:10430000BDF800230A222146234803F0F9F91221BF
:10431000314805F0B3F8204803F0E4F96DE70421D3
:104320001C4805F0ABF800230A2221461A4803F086
:10433000E7F91121294805F0A1F8174803F0D2F94F
:104340005BE70421134805F099F800230A2221466F
:10435000114803F0D5F90F21214805F08FF80E48D8
:1043600003F0C0F949E711211E4805F087F80A4813
:1043700003F0B8F90CE60024254625E61A4805F0B6
:104380007DF8D8F80890D8F80430B844C3F38A4AC6
:10439000C4E600BF58030020A00900201804002034
:1043A00038040020600400209403002068040020EA
:1043B000FC02002000001D4074040020D0030020F7
:1043C000740300208403002098030020AC03002025
:1043D000E403002060030020F4030020BC0300205D
:1043E00008040020000300204C0400202DE9F043C5
:1043F000D34F3D78022D2DED028B89B000F038822D
:10440000032D40F02282CF4BCF4E3360CF4AD049AC
:1044100013780133DBB2032B137000F222820B7886
:10442000052B00F21682CB4A1388FE2B01D90023FC
:104430001380C94C0DF1080C4FF420794FF6082871
:104440004FF0200E022D0FCCACE80F0094E80300D3
:10445000CDF80890ADF814808DF816E08CE80300D4
:1044600000F0598296ED007AB5EE407AF1EE10FA3E
:1044700000F06F82B6EE005ADFEDB85AF3EE046A30
:10448000DFEDB77A9FEDB76AE7EE056A86EEA57AAB
:1044900067EE277A27EE067AFCEEE77A17EE903A77
:1044A000FCEEC77A8DF81730CDED007A9DF800E06C
:1044B000FA2302A9AC4808248DF81B304FF6FA23E2
:1044C0008DF81AE04FF00008ADF81830FFF77AFACF
:1044D0004FF42273A54ADFF8C4920DEB0401029356
:1044E000A34BA1488DF81340CDE90523FFF76AFAE5
:1044F00099F800300DEB04019B488DF81B304FF408
:1045000090638DF813400293FE23ADF81880059355
:104510008DF81A80FFF756FA99F800304FF4007CB6
:104520000DEB0401904801338DF8134089F80030F9
:104530004FF44873DFF8689202933623CDE905C340
:10454000FFF740FA99F800300DEB040186488DF82A
:104550001B304FF4D0738DF813400293854B8DF8C8
:104560001A8005934FF6FE63834CADF81830FFF7C1
:1045700029FA99F800300133DBB20F2B98BF89F884
:1045800000304FF4B46388BF89F80080022D029395
:104590004FF008038DF813304AF67F63ADF81430FE
:1045A0004FF03D038DF8163023788DF8173000F06A
:1045B0007C8196ED008AB5EE408AF1EE10FA00F0AB
:1045C000C581F6EE007ADFED655AF3EE046A9FEDE1
:1045D0006B7A9FED6B6AE8EE276AC6EEA57A27EE46
:1045E000877A67EE867ABCEEC77AFCEEE77A8DEDC5
:1045F000007ACDED017A9DF800309DF8042042F656
:104600005E3502A958488DF818308DF81920ADF89C
:104610001A50FFF7D7F923780A33DBB2F72B00D90A
:104620000723B5EE408A4FF4946223700823029268
:10463000F1EE10FA8DF8133000F06A81F6EE007A90
:104640009FED466AB3EE047ADFED4D6AA8EE277A55
:10465000C7EE067A67EEA67AFCEEE77ACDED007A31
:104660009DF8003019460A224FF00A258DF81410E3
:1046700002A93D4800268DF816308DF815208DF8DA
:1046800017200695FFF79EF94FF428723D4C002540
:1046900035480292082223780DEB02010595ADF80A
:1046A00018508DF81A308DF81B308DF81320FFF755
:1046B00089F923784FF495622B480A330292324AE3
:1046C000DBB2ADF818600592F02B88BF25702F4D36
:1046D00098BF237008232E4C29788DF81330237847
:1046E0008DF81A1002A98DF81B30FFF76BF92B78A3
:1046F000AE2202A91C480A330292DBB2F02B98BF0B
:104700002B70237888BF2E700A33224DDBB22A78B3
:10471000F32B8DF814204FF0000288BF0323ADF86F
:104720001620237008231C4C8DF8133023788DF845
:1047300015304FF400330693FFF744F932E000BF21
:10474000B06800200000F04124680020586A002072
:10475000596A0020366A0020C00200200000C842CA
:1047600000009C4200000042A03D00200030000AF2
:104770000A10FEFE004100FED60C00200000FE42A2
:1047800000007E433E6A0020FE7F03003F6A002057
:10479000D70C0020D80C0020406A0020416A00207D
:1047A0003D6A00202B784FF46872A62170480A33C6
:1047B00002924DF275428DF81410DBB202A9ADF8E9
:1047C0001620F12B88BF0B232B7023780A33DBB222
:1047D000F02B88BF002323700823664C8DF813301C
:1047E00023788DF81530644B0693FFF7EBF82378A8
:1047F00020226249C2200133059202900020DBB2E0
:104800008DF81A000F2B88BF002323700823802403
:104810008DF813300B788DF818408DF81930C3F1EE
:10482000DF021033564CD2B2DBB28DF81B20EF2BD7
:1048300022708CBF08700B7002A94D48FFF7C2F8B8
:1048400009B0BDEC028BBDE8F0834E4E002333600F
:10485000DCE500234C4A0B70138801339BB21380B4
:10486000E3E5002313700B780133DBB20B70D7E55F
:1048700097F82230454A07EE903AB8EEE77AD2ED43
:10488000007AB4EEE77AF1EE10FA6AD9002B68D01C
:1048900097F82330DFED3E7A9FED3E7A002B47FEFE
:1048A000877A384EC6ED007AB0E597F82250374B3C
:1048B00007EE905AD3ED008AB8EEE78AB4EEE88AA4
:1048C000F1EE10FA01D9002D48D17F23FE228DF898
:1048D000183042F65E3302A92548ADF81A308DF83B
:1048E0001920FFF76FF823780A33DBB2F72B33D8A0
:1048F000B4EEE88A4FF49462237008230292F1EE3A
:1049000010FA8DF8133000D915B9FE210B46AAE62E
:1049100000210B46A7E697F822301C4A07EE903A92
:10492000B8EEE77AD2ED007AB4EEE77AF1EE10FA5B
:104930001AD9002B0BBF4E2300234FF0010E4FF06E
:10494000000E8DF817304FEA4E1EB1E500231A46CF
:1049500055E64FF0000EABE50723C9E700231A46E2
:10496000B5E7DFED0C7A9CE74E238DF817309FE515
:10497000A03D00203C6A002051471D0F4B6A0020DB
:104980004C6A002024680020366A0020406800201D
:10499000000000000000C84208B5084B1B7853B166
:1049A000074B1B78013B022B01D9002008BDFFF704
:1049B0001DFD002008BD012008BD00BF496A002080
:1049C000B06800208B7DF0B50D468DB004464B4E8F
:1049D000002B4CD1336813F0005C25D0FDF742FB6F
:1049E0003368844603F07F03013398421ED2444962
:1049F000424807E003685FFA82FC03F07F0301335B
:104A00009C4513D20CEB01030CF101021B011B6846
:104A1000C3F30363082BEDD120462A466146FEF717
:104A20001DFF01200DB0F0BD3368E0E70FCDEC466F
:104A3000FF276E460DF1180EACE80F0095E8030055
:104A40008CE803008DF814700FCEAEE80F009CE8E0
:104A500003008EE80300182241F61A300DEB020124
:104A60002044FEF77BFF4FF0FF300DB0F0BD306803
:104A700010F0005040D0FDF7F5FA336803F07F03E3
:104A80000133834227D91E491C4E05E0336803F0E9
:104A90007F03013398421ED24318421C84461B01F7
:104AA000D0B21A681201F1D51B68C3F30363082B57
:104AB00019D06E466F460DF1180E0FCD0FC695E852
:104AC000030086E803008DF814C00FCFAEE80F0096
:104AD00096E80300BDE70B4B4FF0FF3C1B68C3F3A8
:104AE0000363082BE5D120462A465FFA8CF1FEF7D6
:104AF000B5FE01200DB0F0BD3368C4E700401D4095
:104B000008D4010470401D40F0B5056887B08646A2
:104B1000B5F5307F1ED19EF80C30427B2F49007CCA
:104B20000B7002442E492F480A7003F001022E49EF
:104B30000270C3F340002D4A0870C3F380002C4973
:104B40001070C3F3C0002B4AC3F38013DEF800508B
:104B500008701370284CEC469EF80B60DEF8077066
:104B60000FCCACE80F0094E8030032460095CDF876
:104B700007708DF80B608CE803000EF10C0103A8A0
:104B800003F062F969461D48FFF71CFF08B107B042
:104B9000F0BD052464210C2003F07CFA00210A20DA
:104BA00003F078FA00210B2003F074FA322002F0AF
:104BB00003FE00210C2003F06DFA00210A2003F00F
:104BC00069FA0B20002103F065FA322002F0F4FDAF
:104BD000013CDFD1FDF75EFC07B0F0BD4F6A00205D
:104BE0004E6A0020506A0020536A0020516A00205B
:104BF0004D6A0020526A0020C00200208814002064
:104C0000324A334B334992ED007A334AD1ED007A80
:104C1000BCEEC77AF0B5314C87B093F82360FCEE58
:104C2000E77A1D78EC46177817EE10EA0FCCACE85F
:104C30000F002B4B4FF4D6628DF80FE01B780092DB
:104C400001228DF80D30274B8DF80C201B7894E84D
:104C500003008DF80E3017EE903A8CE80300694699
:104C600021488DF810708DF811608DF812508DF874
:104C70001330FFF7A7FE10B1012007B0F0BD0524E7
:104C800064210C2003F006FA00210A2003F002FA46
:104C900000210B2003F0FEF9322002F08DFD0021EF
:104CA0000C2003F0F7F900210A2003F0F3F90B20A0
:104CB000002103F0EFF9322002F07EFD013CDFD14C
:104CC000FDF7E8FB012007B0F0BD00BF246800201D
:104CD000B068002040680020546A0020C002002014
:104CE000496A00204E6A00208814002000F5805395
:104CF000D3F8003EDB0069D5374B2DE9F04F5E6BF2
:104D00004FF0000E41F6146941F60467C6F30366DE
:104D100041F60868F600083609E013685B0F052BBA
:104D200034D00EF1010E5FFA8EF39E4250D90EEB95
:104D30004E0500EBC50C0CF5F05213685B0F012B10
:104D400013680DD05B0F022BE7D15CF807308B4264
:104D5000E7D85CF808308B42E3D30120BDE8F08F40
:104D600013F4607FDDD06D00002304E01468C4F309
:104D7000C21C6345D5D2013305EB030CDBB20CF545
:104D8000F06C50F82C408C42F0D1E6E7136813F435
:104D9000607FC6D0CC446D00012405E01368C3F3E6
:104DA000C21301339C42BCD22B19DCF800A00134A1
:104DB00003F5F0630AEA010AE4B250F82330DCF8A4
:104DC00000B003EA0B039A45E8D1C6E7012070471B
:104DD0000020BDE8F08F00BF00401D4001EB410105
:104DE00070B500EBC10404F5045EDEF80030DB00B2
:104DF00028D5DEF800305B0F012B0BD0DEF8003039
:104E00005B0F022B42D0DEF800305B0F052B1BD06E
:104E1000002070BDDEF8004014F4607FF8D000235D
:104E20004D0005E0DEF80010C1F3C21C6345EFD26F
:104E3000013305EB030CDBB20CF5046C50F82C408D
:104E40009442EFD1012070BDDEF8005015F4607F70
:104E5000DED042F2141549000123254407E0DEF8B4
:104E60000040C4F3C21C0CF1010C6345D0D22C6885
:104E700004EA020CCC18013304F50464DBB250F8E8
:104E800024402E683440A445E9D1DBE742F2041304
:104E9000E3589342BCD842F20813E058904234BF22
:104EA0000020012070BD00BF83889BB20F2B03D868
:104EB000838801339BB283804288B0F802C00388A4
:104EC00002F00F021FFA8CFC9BB2023283F0100337
:104ED00040F822109C4504D10388013303F01F03DE
:104EE00003804388013303F01F034380704700BFF2
:104EF00083889BB20F2B03D8838801339BB28380B6
:104F00004288B0F802C0038802F00F021FFA8CFC3E
:104F10009BB200EB420283F01003D1809C4504D188
:104F20000388013303F01F0303804388013303F038
:104F30001F034380704700BF0B78632B10B50446F6
:104F400082B0104613D003F51C6304EB83035B6847
:104F500013B101929847019804F50054D4F804382D
:104F60001BB102B0BDE81040184702B010BD04F5F7
:104F70000054D4F80437002BF0D0019298470198E0
:104F8000ECE700BF2DE9F04300F500578FB0044671
:104F900097F8003713B9012387F80037238B9BB2AA
:104FA000002B57D1D7F80C2904F58056724B02F02C
:104FB0001F0103EB521301229B008A401A60B6F8CE
:104FC0001E3B9BB283B3B6F81A3B1A2208AD0DF113
:104FD000080C03F00F03AE4602FB034341F63232E6
:104FE00003EB02089858D8F80410D8F80820D8F82D
:104FF0000C300FC5D8F81000D8F8141003C5BEE85F
:105000000F00ACE80F009EE803008CE803009DF958
:105010001C104B1C54D0594B0B441B011B68C3F391
:105020000363082B00F08B80D7F80C29544B02F057
:105030001F0103EB521301229B008A4000211A60DA
:10504000238BB6F81E0B9BB280B240EA03300FB040
:10505000BDE8F083A68A1A23B4F814C008ADF6B2EE
:105060000CF1010C03FB0646CCF3080CD6F81C012E
:10507000D6F82011D6F82831D6F824210FC5D6F855
:105080002C01D6F83011A4F814C0238B9BB203C5B1
:105090001BB1238B013B9BB2238308AD02AE0FCD26
:1050A0000FC695E8030002AA86E803009DF81C30AD
:1050B0000DF1070120468DF80730FFF73DFF71E73E
:1050C000DFF8C080D8F8005015F0005550D0FCF73C
:1050D000C9FFD8F80030054603F07F03013383424F
:1050E000A2D9DFF89890DFF89C8008E0D8F800306B
:1050F000013503F07F03EDB201339D4294D205EBFD
:1051000009031B011B68C3F30363082BEED102AA3A
:1051100029462046FEF7A2FBB6F81A3B013303F0FE
:105120001F03A6F81A3BB6F81E3B9BB2002BDDD03E
:10513000B6F81E3B013B9BB2A6F81E3BD6E702AA7F
:10514000C9B22046FEF78AFBB6F81A3B013303F0DA
:105150001F03A6F81A3BB6F81E3B9BB2002B3FF488
:1051600063AFB6F81E3B013B9BB2A6F81E3B5BE764
:10517000D8F80030B5E700BF6038003808D4010423
:105180004038003800401D4000F58053D3F8003E01
:10519000DB0069D5374B2DE9F04F5E6B4FF0000E09
:1051A00041F6146941F60467C6F3036641F60868E0
:1051B000F600083609E013685B0F052B34D00EF1BA
:1051C000010E5FFA8EF39E4250D90EEB4E0500EBB6
:1051D000C50C0CF5F05213685B0F012B13680DD052
:1051E0005B0F022BE7D15CF807308B42E7D85CF805
:1051F00008308B42E3D30120BDE8F08F13F4607FC9
:10520000DDD06D00002304E01468C4F3C21C6345C4
:10521000D5D2013305EB030CDBB20CF5F06C50F882
:105220002C408C42F0D1E6E7136813F4607FC6D0BF
:10523000CC446D00012405E01368C3F3C2130133AD
:105240009C42BCD22B19DCF800A0013403F5F063BA
:105250000AEA010AE4B250F82330DCF800B003EAAD
:105260000B039A45E8D1C6E7012070470020BDE84E
:10527000F08F00BF00001D4001EB410170B500EB55
:10528000C10404F5045EDEF80030DB0028D5DEF84A
:1052900000305B0F012B0BD0DEF800305B0F022BD0
:1052A00042D0DEF800305B0F052B1BD0002070BD14
:1052B000DEF8004014F4607FF8D000234D0005E0D4
:1052C000DEF80010C1F3C21C6345EFD2013305EBD9
:1052D000030CDBB20CF5046C50F82C409442EFD177
:1052E000012070BDDEF8005015F4607FDED042F280
:1052F000141549000123254407E0DEF80040C4F3FB
:10530000C21C0CF1010C6345D0D22C6804EA020CDB
:10531000CC18013304F50464DBB250F824402E6845
:105320003440A445E9D1DBE742F20413E358934249
:10533000BCD842F20813E058904234BF002001204C
:1053400070BD00BF0B78632B10B5044682B01046C9
:1053500013D003F51C6304EB83035B6813B1019264
:105360009847019804F50054D4F804381BB102B0F2
:10537000BDE81040184702B010BD04F50054D4F841
:105380000437002BF0D0019298470198ECE700BF5A
:105390002DE9F04300F500578FB0044697F8003729
:1053A00013B9012387F80037238B9BB2002B57D109
:1053B000D7F80C2904F58056724B02F01F0103EB5D
:1053C000521301229B008A401A60B6F81E3B9BB222
:1053D00083B3B6F81A3B1A2208AD0DF1080C03F09E
:1053E0000F03AE4602FB034341F6323203EB0208E1
:1053F0009858D8F80410D8F80820D8F80C300FC501
:10540000D8F81000D8F8141003C5BEE80F00ACE8B7
:105410000F009EE803008CE803009DF91C104B1C54
:1054200054D0594B0B441B011B68C3F30363082B77
:1054300000F08B80D7F80C29544B02F01F0103EBCE
:10544000521301229B008A4000211A60238BB6F878
:105450001E0B9BB280B240EA03300FB0BDE8F08370
:10546000A68A1A23B4F814C008ADF6B20CF1010CE8
:1054700003FB0646CCF3080CD6F81C01D6F8201125
:10548000D6F82831D6F824210FC5D6F82C01D6F845
:105490003011A4F814C0238B9BB203C51BB1238B1E
:1054A000013B9BB2238308AD02AE0FCD0FC695E83A
:1054B000030002AA86E803009DF81C300DF10701E5
:1054C00020468DF80730FFF73DFF71E7DFF8C08019
:1054D000D8F8005015F0005550D0FCF7E7FDD8F88B
:1054E0000030054603F07F0301338342A2D9DFF881
:1054F0009890DFF89C8008E0D8F80030013503F080
:105500007F03EDB201339D4294D205EB09031B01E9
:105510001B68C3F30363082BEED102AA2946204679
:10552000FEF7DCF9B6F81A3B013303F01F03A6F8C7
:105530001A3BB6F81E3B9BB2002BDDD0B6F81E3BE3
:10554000013B9BB2A6F81E3BD6E702AAC9B2204691
:10555000FEF7C4F9B6F81A3B013303F01F03A6F8AF
:105560001A3BB6F81E3B9BB2002B3FF463AFB6F874
:105570001E3B013B9BB2A6F81E3B5BE7D8F8003010
:10558000B5E700BF6038003808D001044038003863
:1055900000001D4043884FF01A0CDBB210B50CFB25
:1055A00003030446002083F806016388DBB20CFB8A
:1055B000034383F807216088C0B20CFB004000F56C
:1055C000847004F003FA6288238892B29BB283F459
:1055D00080739A4204D123880133C3F308032380E4
:1055E00063880133C3F308036380A3889BB2FF2B56
:1055F00003D8A38801339BB2A38010BD2DE9F04FDF
:105600008C468DB00E4607466C46054600F11008E4
:105610004FF00109DFF8A0A0BCE80F000FC49CE820
:10562000030084E8030055F8044F5CB19DF9142091
:10563000A36809FA02F1194223D02368D3F800B015
:10564000D34519D14545EED107F5005393F80037FE
:105650003BB3306806AC7168B268F3680FC4306958
:105660001822716903C40DEB020107F11400FFF762
:1056700091FF0DB0BDE8F08F9DF8153069462046CA
:10568000D847237C002BDDD02368D3F800B09DF8E9
:105690001530D345D6D020464FF0FF326946D84763
:1056A000D0E7337D324606A938468DF81830FFF72B
:1056B00043FC0DB0BDE8F08F2901000000F5005358
:1056C00093F80137002B00F0DB80DFF86CC22DE986
:1056D000F04F0F4689B005460E4602AC0FCF0FC4FF
:1056E00097E8030084E80300DCF800309B0052D503
:1056F000DCF8343000244FF06309C3F3036A224618
:105700004FEACA0A0AF1080A0CE05B0F022B3B6859
:1057100000F09A805B0F052B00F0DD800134E2B2CF
:10572000924538D996F91430632B34D004EB4408F1
:1057300005EBC80B0BF5F0573B6813F0604FEDD04D
:105740003B685B0F012B3B68DFD1C3F30043F27969
:105750009A42E3D13B6813F4607FDFD04FEA480BF5
:10576000002306E03A685FFA88F3C2F3C21293425C
:10577000D4D203F10108029A0BEB080303F5F0639E
:1057800055F823309A42EDD102A928468DF81C9095
:10579000FFF734FFE6E70023674F8DF80E303C68D3
:1057A00014F000543FD0FCF75DFC3B68044603F066
:1057B0007F030133834233D942F2041742F20818BF
:1057C000DFF8749196F91430A34220D004EB440121
:1057D00005EBC10202F5045ADAF8003013F0604F0D
:1057E00015D0DAF80030F079C3F3C06398420ED1D7
:1057F000DAF800305B0F012BDAF8003041D05B0F94
:10580000022B12D0DAF800305B0F052B5BD0D9F8F1
:105810000030013403F07F03E4B201339C42D1D362
:1058200009B0BDE8F08F3B68C6E7D159029B8B42B7
:10583000EDD352F808209342E9D802A928468DF802
:105840001C40FFF7DBFEE2E7C3F30043F2799A4224
:105850007FF464AF41F604635BF80320029B93423C
:10586000FFF45CAF41F608625BF8022093423FF61A
:1058700055AF02A928468DF81C90FFF7BFFE4DE7F3
:10588000704713F4607FC2D04A00002307E0DAF8C3
:1058900000105FFA8BF3C1F3C2118B42B7D203F150
:1058A000010B029902EB0B0303F5046355F8233057
:1058B0009942ECD102A9284600928DF81C40FFF7CE
:1058C0009DFE009AE3E7029A21462846FFF786FAF2
:1058D00000289CD0B1E73B6813F4607F3FF41EAF13
:1058E00041F6146301275B440AE00BF5F0510137E0
:1058F0000968FFB2C1F3C21101318F42BFF40EAF8C
:1059000007EB4801186801F5F06155F821E00299AC
:10591000D3F800C008400EEA0C018842E5D102A984
:10592000284601938DF80E2000928DF81C90FFF709
:1059300065FEDDE90023D8E700401D402DE9F04F6A
:10594000944D9BB0944F08AC04900FCD0FC495E8D4
:10595000030084E803007E6AB96AD7F82CB0386B7C
:105960003B68029113F40043039003D13A6894001A
:1059700000F11A81039B43F00103BBF1000F00F01B
:105980000581BBFA8BF3844DC3F140032C68DFB271
:1059900014F00054019700F08482FCF763FB2B683D
:1059A000044603F07F030133834240F2C280874202
:1059B00040F2BF80049B671CDFF8DC9103F50053C5
:1059C000FDB2059318E0042A00F06281082A00F075
:1059D0000382D9F80030FCB2019A03F07F0301334F
:1059E000A24288BFAB4205F1010594BF0123002309
:1059F000002B40F09E80671CC4F12002029BA4F1A2
:105A0000200A06FA02F1E3400B4326FA0AF10B439F
:105A1000D807DED5039B0BFA02F2E34013432BFABF
:105A20000AF21343D907D4D5DFF87881A0444FEAAE
:105A30000818D8F80030190EC3F3036201F00B0107
:105A40000229C0D1D8F8041003F4001021F06041FD
:105A5000002812BF4FF0010C4FF0000C890C062AF1
:105A60008DF827C0089102D101228DF82920ADF8C8
:105A70002430C3F303438DF8344000288DF82B30D5
:105A8000059B93F815398DF83530D8F808308DF826
:105A90002F30D8F808304FEA13238DF82E30D8F87D
:105AA00008304FEA13438DF82D30D8F808304FEA0C
:105AB00013638DF82C30D8F80C308DF83330D8F8CB
:105AC0000C304FEA13238DF83230D8F80C304FEAFF
:105AD00013438DF83130D8F80C304FEA13638DF84A
:105AE000303014BF4FF08C634FF080631F2CC8F828
:105AF0000030D9F808304FF0010334D8D9F83020FD
:105B0000A340214604981343C9F83030089AFFF7A0
:105B100065F9002835D108A90498FFF7CFFD08A83A
:105B2000AFF3008008A8AFF3008008A8AFF30080AF
:105B30004FE7194E194D346A2A68194B62401340D9
:105B400043B1049B03F58053B3F8D43C9BB20F2BB5
:105B500040F2A981104A136A23431362BFF34F8FA7
:105B60001BB0BDE8F08FD9F82C2003FA0AF32146C8
:105B700004981343C9F82C30089AFFF72FF900282E
:105B8000C9D008A90498FFF739FDC4E7B3FA83F335
:105B90002033F8E6C002002000401D400C680020C1
:105BA000BFFF070008D4010489067FF5E3AE820633
:105BB0007FF5E0AED7F88020C34C02F40011C2F3A9
:105BC0000050ADF824200029C2F303414FEAD2521D
:105BD0008DF82B10D7F884108DF8280018BF0120FD
:105BE00021F0604108BF00208DF826204FF0000210
:105BF00008BF890C8DF827000CA80891D4F88810EC
:105C0000D1400832202A00F8011DF7D10DA8AE4975
:105C1000D1F88C20DA400833202B00F8012DF7D181
:105C2000049B03F5005393F815398DF83530632341
:105C30008DF834308B680B6B43F020030B63039BB0
:105C40005D0603D50B6B43F040030B63039B1C06FF
:105C500004D59D4A136B43F080031363049C08A989
:105C60002046FFF72BFD08A8AFF3008008A8AFF38C
:105C7000008008A8AFF3008008992046FFF736F8A7
:105C800000283FF477AE08A90498FFF7B7FC71E647
:105C900003F40012002AD8F80420ADF82430C3F32E
:105CA00003438DF8344022F060428DF82B3018BF4A
:105CB0000121059B04BF920C002193F8153908922D
:105CC0008DF83530D8F80830049A8DF82F30D8F890
:105CD00008308DF827101B0A8DF82E30D8F80830C0
:105CE0001B0C8DF82D30D8F808301B0E8DF82C3099
:105CF000D8F80C308DF83330D8F80C301B0A8DF8FA
:105D00003230D8F80C301B0C8DF8313004F60223F9
:105D100052F82330D8F80C20120E8DF830200BB139
:105D200008A89847059BD3F808390BB108A89847ED
:105D3000049901F58052B2F81E3B07929BB2002BEA
:105D400000F0C480B2F81A3B1A220DF1500C03F097
:105D50000F03E04602FB031341F632320EA903EBB8
:105D6000020A06918E469858DAF80410DAF80820EC
:105D7000DAF80C30ACE80F00DAF81000DAF814109A
:105D8000ACE80300B8E80F00AEE80F0098E80300A5
:105D90008EE803009DF94C305A1C00F0A6809C420E
:105DA0007FF417AE069AE1B20498FDF757FD079A03
:105DB000B2F81A3B013303F01F03A2F81A3BB2F802
:105DC0001E3B9BB2002B3FF404AEB2F81E3B013BDE
:105DD0009BB2A2F81E3BFCE503F40012002AD8F89F
:105DE0000420ADF82430C3F303438DF8344022F08F
:105DF00060428DF82B3018BF0121059B04BF920C27
:105E0000002193F8153908928DF83530D8F808300C
:105E1000049A8DF82F30D8F808308DF827101B0A17
:105E20008DF82E30D8F808301B0C8DF82D30D8F8AE
:105E300008301B0E8DF82C30D8F80C308DF833302C
:105E4000D8F80C301B0A8DF83230D8F80C301B0C07
:105E50008DF83130D8F80C301B0E8DF8303004F648
:105E6000022352F823300BB108A89847059BD3F8BA
:105E700008390BB108A89847049901F58052B2F887
:105E80001E3B07929BB2002B7FF45CAF1F2C4FF0A0
:105E9000010335D8D9F83020A3401343C9F8303076
:105EA00097E52B6886E5049F41F6D04021463844AB
:105EB000FEF7FAFFF16941F6985089B23844FFF7CE
:105EC00017F82C6046E600BF00401D401F2C4FF025
:105ED00001030DD8D9F83020A3401343C9F830305E
:105EE0004FF00063C8F8003073E5069A21465BE77F
:105EF000D9F82C2003FA0AF31343C9F82C30EFE742
:105F0000D9F82C2003FA0AF31343C9F82C3060E5C2
:105F10002DE9F04F8C468DB00E4607466C4605467F
:105F200000F110084FF00109DFF8A0A0BCE80F0055
:105F30000FC49CE8030084E8030055F8044F5CB1EB
:105F40009DF91420A36809FA02F1194223D02368AD
:105F5000D3F800B0D34519D14545EED107F500532C
:105F600093F800373BB3306806AC7168B268F368E9
:105F70000FC430691822716903C40DEB020107F1E7
:105F80001400FFF707FB0DB0BDE8F08F9DF815304A
:105F900069462046D847237C002BDDD02368D3F800
:105FA00000B09DF81530D345D6D020464FF0FF32D3
:105FB0006946D847D0E7337D324606A938468DF882
:105FC0001830FFF7BFF90DB0BDE8F08F29010000D0
:105FD00000F5005393F80137002B00F0DB80DFF869
:105FE0006CC22DE9F04F0F4689B005460E4602AC53
:105FF0000FCF0FC497E8030084E80300DCF80030FB
:106000009B0052D5DCF8343000244FF06309C3F311
:10601000036A22464FEACA0A0AF1080A0CE05B0F3B
:10602000022B3B6800F09A805B0F052B00F0DD80AF
:106030000134E2B2924538D996F91430632B34D04A
:1060400004EB440805EBC80B0BF5F0573B6813F065
:10605000604FEDD03B685B0F012B3B68DFD1C3F392
:106060000043F2799A42E3D13B6813F4607FDFD0BA
:106070004FEA480B002306E03A685FFA88F3C2F360
:10608000C2129342D4D203F10108029A0BEB080327
:1060900003F5F06355F823309A42EDD102A9284662
:1060A0008DF81C90FFF734FFE6E70023674F8DF86B
:1060B0000E303C6814F000543FD0FBF7F7FF3B680C
:1060C000044603F07F030133834233D942F20417BD
:1060D00042F20818DFF8749196F91430A34220D0E8
:1060E00004EB440105EBC10202F5045ADAF8003072
:1060F00013F0604F15D0DAF80030F079C3F3C063C5
:1061000098420ED1DAF800305B0F012BDAF800303C
:1061100041D05B0F022B12D0DAF800305B0F052B59
:106120005BD0D9F80030013403F07F03E4B20133CF
:106130009C42D1D309B0BDE8F08F3B68C6E7D15986
:10614000029B8B42EDD352F808209342E9D802A972
:1061500028468DF81C40FFF7DBFEE2E7C3F300435F
:10616000F2799A427FF464AF41F604635BF803204E
:10617000029B9342FFF45CAF41F608625BF8022099
:1061800093423FF655AF02A928468DF81C90FFF7C1
:10619000BFFE4DE7704713F4607FC2D04A00002372
:1061A00007E0DAF800105FFA8BF3C1F3C2118B42FB
:1061B000B7D203F1010B029902EB0B0303F5046361
:1061C00055F823309942ECD102A9284600928DF867
:1061D0001C40FFF79DFE009AE3E7029A21462846FD
:1061E000FFF74AF800289CD0B1E73B6813F4607FC2
:1061F0003FF41EAF41F6146301275B440AE00BF540
:10620000F05101370968FFB2C1F3C21101318F4269
:10621000BFF40EAF07EB4801186801F5F06155F8BF
:1062200021E00299D3F800C008400EEA0C01884230
:10623000E5D102A9284601938DF80E2000928DF831
:106240001C90FFF765FEDDE90023D8E700001D4044
:106250002DE9F04F944D9BB0944F08AC04900FCDB6
:106260000FC495E8030084E803007E6AB96AD7F892
:106270002CB0386B3B68029113F40043039003D1B8
:106280003A68940000F11A81039B43F00103BBF1CB
:10629000000F00F00581BBFA8BF3844DC3F140037E
:1062A0002C68DFB214F00054019700F08482FBF7F1
:1062B000FDFE2B68044603F07F030133834240F266
:1062C000C280874240F2BF80049B671CDFF8DC91EC
:1062D00003F50053FDB2059318E0042A00F0628133
:1062E000082A00F00382D9F80030FCB2019A03F0CA
:1062F0007F030133A24288BFAB4205F1010594BF81
:1063000001230023002B40F09E80671CC4F1200273
:10631000029BA4F1200A06FA02F1E3400B4326FA9D
:106320000AF10B43D807DED5039B0BFA02F2E340D8
:1063300013432BFA0AF21343D907D4D5DFF8788137
:10634000A0444FEA0818D8F80030190EC3F30362CE
:1063500001F00B010229C0D1D8F8041003F4001099
:1063600021F06041002812BF4FF0010C4FF0000CEB
:10637000890C062A8DF827C0089102D101228DF8D8
:106380002920ADF82430C3F303438DF834400028AE
:106390008DF82B30059B93F815398DF83530D8F8EA
:1063A00008308DF82F30D8F808304FEA13238DF8D5
:1063B0002E30D8F808304FEA13438DF82D30D8F836
:1063C00008304FEA13638DF82C30D8F80C308DF874
:1063D0003330D8F80C304FEA13238DF83230D8F828
:1063E0000C304FEA13438DF83130D8F80C304FEAB7
:1063F00013638DF8303014BF4FF08C634FF080631F
:106400001F2CC8F80030D9F808304FF0010334D8F9
:10641000D9F83020A340214604981343C9F83030FE
:10642000089AFEF729FF002835D108A90498FFF73C
:10643000CFFD08A8AFF3008008A8AFF3008008A83C
:10644000AFF300804FE7194E194D346A2A68194B93
:106450006240134043B1049B03F58053B3F8D43C2E
:106460009BB20F2B40F2A981104A136A2343136297
:10647000BFF34F8F1BB0BDE8F08FD9F82C2003FA83
:106480000AF3214604981343C9F82C30089AFEF702
:10649000F3FE0028C9D008A90498FFF739FDC4E726
:1064A000B3FA83F32033F8E6C002002000001D4059
:1064B00008680020BFFF070008D0010489067FF5A7
:1064C000E3AE82067FF5E0AED7F88020C34C02F43D
:1064D0000011C2F30050ADF824200029C2F303419B
:1064E0004FEAD2528DF82B10D7F884108DF828007F
:1064F00018BF012021F0604108BF00208DF8262040
:106500004FF0000208BF890C8DF827000CA80891F5
:10651000D4F88810D1400832202A00F8011DF7D1A4
:106520000DA8AE49D1F88C20DA400833202B00F8B2
:10653000012DF7D1049B03F5005393F815398DF81D
:10654000353063238DF834308B680B6B43F02003B8
:106550000B63039B5D0603D50B6B43F040030B639A
:10656000039B1C0604D59D4A136B43F08003136301
:10657000049C08A92046FFF72BFD08A8AFF3008074
:1065800008A8AFF3008008A8AFF300800899204660
:10659000FEF7FAFD00283FF477AE08A90498FFF74C
:1065A000B7FC71E603F40012002AD8F80420ADF815
:1065B0002430C3F303438DF8344022F060428DF859
:1065C0002B3018BF0121059B04BF920C002193F8CA
:1065D000153908928DF83530D8F80830049A8DF8BE
:1065E0002F30D8F808308DF827101B0A8DF82E3080
:1065F000D8F808301B0C8DF82D30D8F808301B0E59
:106600008DF82C30D8F80C308DF83330D8F80C30A9
:106610001B0A8DF83230D8F80C301B0C8DF8313055
:1066200004F6022352F82330D8F80C20120E8DF80D
:1066300030200BB108A89847059BD3F808390BB157
:1066400008A89847049901F58052B2F81E3B0792BA
:106650009BB2002B00F0C480B2F81A3B1A220DF155
:10666000500C03F00F03E04602FB031341F63232F5
:106670000EA903EB020A06918E469858DAF8041028
:10668000DAF80820DAF80C30ACE80F00DAF810007D
:10669000DAF81410ACE80300B8E80F00AEE80F0019
:1066A00098E803008EE803009DF94C305A1C00F076
:1066B000A6809C427FF417AE069AE1B20498FDF7DB
:1066C0000DF9079AB2F81A3B013303F01F03A2F841
:1066D0001A3BB2F81E3B9BB2002B3FF404AEB2F85B
:1066E0001E3B013B9BB2A2F81E3BFCE503F40012EB
:1066F000002AD8F80420ADF82430C3F303438DF802
:10670000344022F060428DF82B3018BF0121059BE8
:1067100004BF920C002193F8153908928DF835309A
:10672000D8F80830049A8DF82F30D8F808308DF852
:1067300027101B0A8DF82E30D8F808301B0C8DF866
:106740002D30D8F808301B0E8DF82C30D8F80C30CE
:106750008DF83330D8F80C301B0A8DF83230D8F869
:106760000C301B0C8DF83130D8F80C301B0E8DF826
:10677000303004F6022352F823300BB108A89847B2
:10678000059BD3F808390BB108A89847049901F57F
:106790008052B2F81E3B07929BB2002B7FF45CAF95
:1067A0001F2C4FF0010335D8D9F83020A3401343F4
:1067B000C9F8303097E52B6886E5049F41F6D04054
:1067C00021463844FEF770FBF16941F6985089B2D2
:1067D0003844FEF78DFB2C6046E600BF00001D40EC
:1067E0001F2C4FF001030DD8D9F83020A3401343DC
:1067F000C9F830304FF00063C8F8003073E5069AEE
:1068000021465BE7D9F82C2003FA0AF31343C9F8B1
:106810002C30EFE7D9F82C2003FA0AF31343C9F818
:106820002C3060E52D492E4A2E4838B5002401F55C
:1068300080532D4D8C822960CC82086001F5005078
:106840000C8302F50051A3F81A4B284DA3F81C4BFA
:10685000A3F81E4BA3F8D04CA3F8D24CA3F8D44C09
:10686000A3F8984DA3F89A4DA3F89C4D02F58053D8
:1068700080F80047C0F80C4980F80147C0F810497B
:10688000948280F81449D48215601483A3F81A4BBB
:10689000A3F81C4BA3F81E4BA3F8D04CA3F8D24C82
:1068A000A3F8D44CA3F8984DA3F89A4DA3F89C4DA7
:1068B0000F4B81F80047C1F80C4981F80147C1F836
:1068C000104981F814491A6001F06CF84FF4A07275
:1068D0002146084803F0F6F838BD00BFA03D00206F
:1068E00088140020AC04002020670020D004002081
:1068F00024670020E06800202E4B1B7810B563BB96
:106900002D484FF0FF0C2D4A2D492E4CD0ED007A2A
:1069100009789370FCEEE77A2378D170911D53715A
:10692000931C17EE900A82F806C08B424FF4837CCA
:1069300010714FF0FE00A2F800C007D01A780133A2
:10694000FF2A08BF03F8010C8B42F7D106221E492B
:106950001E4800F093FE012010BD1D4B4FF48574BE
:10696000154A93ED007A1648144BBCEEC77AD2ED67
:10697000007A00781C8000241649FCEEE77A114A60
:10698000D870127891F823009C706C2409785A71A1
:1069900017EE102A9871FF205C7217EE904AD97199
:1069A000591C1A720A2298721C71084800F066FE7F
:1069B000012010BD476A0020246800205467002091
:1069C0004E6A0020546A002055670020B00900205C
:1069D00040680020B06800204A4A4B4B12681A6099
:1069E0004378042B07D8DFE803F01706030F0700EE
:1069F0008378092B30D9704744490120444B002249
:106A0000087083F82320704700B58378032B44D89F
:106A1000DFE803F04E666D3F8278042A10D93C4AC5
:106A20004FF0000CC17882F800C082F82210A3F168
:106A30000403B3FA83F35B09364A1370FCF74ABECA
:106A4000334B012AC1781A7083F8221058D1324A88
:106A5000002100231160EFE72D4A03EB430190F87A
:106A600003C0062B114481F801C090F804C081F8DE
:106A700002C04079C87012D9073B0121D07F01FACA
:106A800003F30343D37792F82130013382F82130A6
:106A900070471F4B002283F823205DF804FB012080
:106AA00092F8201000FA03F30B4382F82030EAE753
:106AB000174A40F2053E194B002092F8201092F838
:106AC0001FC09870FF20D97005225871591CA3F877
:106AD00000E083F804C012485DF804EB00F0CEBD7E
:106AE000212200210F485DF804EB02F0EBBF084AB9
:106AF00040F2053E094B0220117892F822C0E0E7EF
:106B0000134694E7D868002020680020476A0020D8
:106B1000B0680020486A00202468002068670020D0
:106B2000B0090020B1680020F8B500210C2000F069
:106B300097FE042400210A2000F092FE00210B2081
:106B400000F08EFE0121204600F0C6FE0121052046
:106B500000F0C2FE0021052000F082FE0121204647
:106B600000F07EFE0A210C2001F094FA00210A2098
:106B700001F090FA00210B2001F08CFA40F2712014
:106B800000F01AFE00210C2001F084FA00210A20F6
:106B900001F080FA0B20002101F07CFA40F2712014
:106BA00000F00AFE013CDDD121460520344E00F004
:106BB00093FE40F6C410334D00F0FEFD304600F069
:106BC0005BFA22464FF41641304605F1200700F0EB
:106BD00087FA55F8044F204634B102F0F1FF214600
:106BE0000246304600F04AFD304600F07BFD0A21A7
:106BF0000C2001F04FFA00210A2001F04BFA00218D
:106C00000B2001F047FA4FF49C7000F0D5FD0021F5
:106C10000C2001F03FFA00210A2001F03BFA0B2082
:106C2000002101F037FA4FF49C7000F0C5FDBD4221
:106C3000CFD1134C204600F075F90028FAD0124A43
:106C400080230A210E4800F073FD0021052000F08A
:106C500043FE0121042000F03FFE0021042000F04B
:106C6000FFFD40F6B83000F0A7FD054800F004FA3B
:106C700000224FF496410248BDE8F84000F030BAD7
:106C8000B0090020740900208867002038B5002072
:106C900000F0ACFE28B90446012000F0A7FE6C28E5
:106CA0001DD0FFF741FF0021084600F0ABFF6C212B
:106CB000012000F0A7FF0021022000F0A3FF002127
:106CC000032000F09FFF184B042093F8221000F0DF
:106CD00099FF00210520BDE8384000F093BF022055
:106CE000114D00F083FE0346104A0320003B18BFFD
:106CF0000123137000F07AFE042805D8287020B113
:106D0000012385F8233000E02C70042000F06EFE93
:106D10000346052085F8223000F068FE0038044B59
:106D200018BF0120187038BDB0680020496A0020E3
:106D3000486A002038B5FCF733FC2B4CFFF7A6FF60
:106D40002A4B206803F5A0711A68002A42D0143338
:106D50008B42F9D1254B206803F5A0711A687AB3EC
:106D600014338B42FAD1214B206803F5A0711A68C5
:106D7000EAB114338B42FAD1FBF756FF4FF4964138
:106D80001B48002200F0ACF9184B206803F5A071F5
:106D90001A681AB114338B42FAD138BD154C32211E
:106DA000C3E9012001221C60C3E9031238BD124D62
:106DB00014215A60012298601D60C3E90312DBE7C9
:106DC0000E4D40F6C4115A60012298601D60C3E95F
:106DD0000312C8E70A4D40F6C4115A6001229860B8
:106DE0001D60C3E90312B5E7D8680020E068002001
:106DF000B009002001300000992D00002D0800008E
:106E0000F94C00002DE9F047374D0027DFF8EC8002
:106E10004FF0010A05F5A0762C4609E054F8043C31
:106E2000BBB144F804AC44F80C9C1434B44219D0FF
:106E300054F8142C002AF8D0D8F8009054E9033103
:106E4000A9EB03038B42F0D354F8100C90470028B1
:106E5000E4D144F8047C44E9057744E90377143429
:106E6000B442E5D1D8F8003055F8143C33B1D8F825
:106E7000003055E903125B1A934202D21435B54231
:106E8000F2D11A4840F6B731D8F800300468D8F883
:106E90000030174A1B1B17488B428CBF002301236D
:106EA000137000F03FF838B9042000F003FDA0B9DA
:106EB000BDE8F047FBF734BF0F4C0C23FF210D4812
:106EC000621C00F035FC034620462370FFF784FD6A
:106ED000042000F0EFFC0028EAD0FFF725FEBDE813
:106EE000F047FBF71DBF00BFF468002020680020BA
:106EF000456A0020B009002078670020D86800208B
:106F000001207047B0F84630B0F848209BB292B2EA
:106F1000934202D2013AD01A7047416B01390A44B8
:106F2000D01A7047016972B6B0F84A20B0F84C30F8
:106F300092B29BB29A423CBF806B1218C86AD31AB5
:106F400062B6C0F302601844704700BFB0F84A1040
:106F50000246B0F84C3089B29BB2994210B4046931
:106F600014D00133906B116B984298BF0023994263
:106F700006D85B1A526AD05CC0B25DF8044B704709
:106F8000126A5DF8044BD05CC0B2704772B6B0F8BC
:106F90004A0080B2814201D062B6E2E7E36A13F0B0
:106FA000E06F03D14FF0FF3062B6E6E7E3690120FE
:106FB0000024116AA2F84A00C3F30900DBB2A2F868
:106FC0004C404B70F0E700BFB0F84A100246B0F8F2
:106FD0004C3089B29BB2994230B4046925D0013358
:106FE000946B9C4216D9106B1FFA83FC984217D9F8
:106FF000106AC05CC0B2956DA2F84CC045B1994210
:107000001CD3CB1AD16B994202D3D36DC5F888300B
:1070100030BC70474FF0000C106B63469842E7D8C5
:10702000181A556A285CC0B2E5E7084672B6B2F88D
:107030004A1089B2884204D062B6D0E70C44E31A01
:10704000E0E7E36A13F0E06F03D14FF0FF3062B680
:10705000DEE7E069C0F30900F9E700BF90F84430CB
:1070600043B110B5044602F087FA94F84430002B7F
:10707000F9D110BD704700BF38B5D0E90453D3E94A
:1070800003120968114228D090F84420044632B116
:1070900002F072FA94F84430002BF9D163690021B0
:1070A0000E4AA961207E03EB0010007D02EB001068
:1070B000456805202860657E03EB051393F834309E
:1070C00002EB0312A36D52681060A4F84A10A4F8F2
:1070D0004C1013B1E26DC3F8842038BD4405002084
:1070E00007EE901A9FED9A7A0421B6EE005AF8EE58
:1070F000677A9FED986A41F6FF7CC7EE275A2DE923
:10710000F0478E460569012407EE901AF8EEE77AFB
:1071100085EEA77A77EE057AFDEEE77A17EE903ADC
:107120006345A8BF6346012BB8BF012307EE903A21
:10713000F8EEE76A76EEC76AC6EE877AF5EEC07AB1
:10714000F1EE10FA48BFF1EE677AF4EEC67AF1EE8E
:1071500010FA03D8B0EE676A8E461C460131212929
:10716000D2D10021436902F40076A0F84A10B3F8A6
:107170005AC08E42A0F84C10B3F85860A0F84610E0
:10718000A0F8481080F84410816BDF68A1EB060678
:10719000A1EB0C01C0E90F6139681E6941EA0601E3
:1071A000396014BF01210021817640F0AC80017E5E
:1071B000694E03EB0118DFF8C09198F81470D8F805
:1071C0001CA006EB0717B968C1F800907968D8F8D9
:1071D00018700F60BAF1000F03D0D8F82010CAF869
:1071E0000010477ED92103EB071898F834C006EB4E
:1071F0000C1CDCF808703960DCF80410D8F8387022
:107200000F60417E03EB0111CF6B0FB1096C396048
:107210000EF1FF31BEF1080F4FEA0161CCBF4FF014
:10722000000E4FF0010E01F0F85144EA4E442143A4
:107230005C682961597801F110030021E960474930
:1072400041F8234041694FF0010E454C02F0030C18
:107250004F7891F85610434B39554FF00217446957
:10726000617803EB511301F01F019B000EFA01F14D
:107270001960EF62AB6A43F08803AB6253073ED4F8
:107280004CF4701302F00F01042908BF43F080434F
:1072900097062ED5817E43F0805300293AD11607F8
:1072A000AB6103D52B6943F000532B616B69D106A9
:1072B00023F0805348BF43F080536B61D30503D55F
:1072C0002B6943F400532B61A36883B1264E3478B5
:1072D000002C3AD0611E254DC9B22B1F05EB810150
:1072E00001E0994225D053F8042F9042F9D1BDE82E
:1072F000F087817E0029D2D043F0A003CFE71C4B5A
:107300004CEA0303BEE7477E4FF2D901124E03EB6E
:1073100007186AE7417E43F0A00304EB011191F8DE
:10732000341006EB0116B668316821F44041316033
:10733000B5E7631CDBB20F4A3370137845F82400BD
:1073400043F002031370BDE8F0870123074DF2E715
:10735000001BB74BEC78AD60440500200010002006
:1073600000E400E040380038436A0020386700201D
:1073700010003C00616A002038F00100EFF3138038
:10738000B8B9EFF310834BB9EFF305823AB94FF474
:107390008073EFF3118050B1984208D270470F2AE2
:1073A000F7D9054B9B5CEFF311800028F4D1184608
:1073B00070474FF0FF30F1E7F0E300E0036D2DE997
:1073C000F04104460F46066913B1426DC3F88420AC
:1073D000A37E2BB172B6B36943F00053B36162B6BA
:1073E000B4F84650636BADB20135AB424CD84FF0A8
:1073F00000084546B4F848309BB29D4219D028E0B9
:1074000073691B0210D5B4F84830626B9BB201332C
:107410009A4236D99AB2E16A99422DD9E169CB5C98
:10742000DBB2F361A4F84820B4F848309BB2AB4219
:107430000FD1FFF7A3FF6369B3F856308342DFDA59
:10744000FF28F1DD02F098F8B4F848309BB2AB4267
:10745000EFD0E36AAB421AD9FFB2E3695F5572B667
:10746000012084F84400A4F84680B36943F4000383
:10747000B36162B6BDE8F0815B1AA16ACB5CDBB296
:10748000CFE700221346C6E71FFA85F8B2E7ED1AE8
:10749000FFB2A36A5F55E2E7FFF790BF0269536945
:1074A00013F4401F70B543D0D36A13F0E06FC3F3F9
:1074B000026E3AD0B0F84A50B0F84C60ADB2B6B2F5
:1074C00007E0016A01F803C00EF1FF3313F0FF0E6D
:1074D0001DD0D1696B1C846BB0F84CC0C1F309019D
:1074E0009C4298BF00231FFA8CFC9C45ECD0046B97
:1074F0005FFA81FC1D469C42A3EB0404E1D8436A79
:1075000003F804C00EF1FF3313F0FF0EE1D1ABB26C
:10751000A0F84A30836D43B1B54254D3AD1B016C22
:10752000A94202D8C16DC3F884105369D90245D469
:107530009669330228D553691D0225D5B0F8465007
:10754000B0F84830ADB29BB206E0C169C95CC9B2BF
:10755000D161D16A4C0512D4AB4238D0446B0133AF
:10756000C16A9C4298BF00239942A3EB0104ECD866
:10757000816A095DC9B2D161D16A4C05ECD599B275
:10758000AB42A0F8481025D0710216D553695B02B2
:1075900013D50021036D80F8441013B1416DC3F879
:1075A0008810837E2BB172B6936923F000539361E8
:1075B00062B6936923F48003936170BD536943F409
:1075C00080135361B4E7816B891B0D44A7E79BB21D
:1075D000A0F84830936923F400039361936943F45E
:1075E00080039361D0E700BF0148FFF757BF00BF9A
:1075F000B0090020084601F02BBF00BF012A70B57A
:1076000008BF0A228AB091B34FF0210E01E05FFA61
:1076100086FE0EF1FF36B1FBF2F502FB15145FFAA0
:1076200084FC092C0CF137040CF1300C98BF5FFA84
:107630008CF40EF1280C88BFE4B29142EC44294648
:107640000CF8244CE3D24BB10EF1FF3E2D225FFA31
:107650008EFE0EF128036B4403F8242C036801A965
:10766000CEF122025B68714498470AB070BD3022A7
:107670004FF0210E8DF82520E5E700BF2DE9F04100
:107680000C46D1B1EAB180468E1800250E4F04E0B9
:1076900001F0DEFEB44205440CD0D8F8003014F8F6
:1076A000010B1B68BB42F3D0014640469847B442E9
:1076B0000544F2D12846BDE8F0810D462846BDE8D4
:1076C000F0811546F6E700BFF5590000002903DBFD
:1076D00000230A22FFF792BF49422D230A22FFF717
:1076E0008DBF00BF00B5036883B040F60D2C0222A9
:1076F00001A95B68ADF804C0984703B05DF804FBCE
:107700005AB90368C9B2074A1B68934200B506D14B
:1077100008465DF804EB01F09BBEFFF76FBF5DF814
:1077200004EB1847F559000001F082BE01F01ABEC3
:107730002DE9F84F92B31746B3FA83F252096BB3AF
:10774000B3F1010825D007EB080A83468946904625
:10775000174C184E25680BE001F06AFE002810DA7D
:1077600001F00AFF2368DBF808205B1B93421AD262
:10777000DBF800305B69B342EED0584698470028EA
:10778000EEDB484505D007F8010BBA4508F10108C2
:10779000E0D1002340463B70BDE8F88F4FF0000871
:1077A0004046BDE8F88F01238BF80C30F1E700BFAD
:1077B000D8680020295B000000B970472DE9F84F18
:1077C00001218146214C224D224E54E8003F2A6877
:1077D000306844E80013002BF7D11F494B684FF481
:1077E0007A7BDFF878A01B1A01270BFB02F8DAF886
:1077F0000020A3FB02325A4594BF9044D84454E879
:10780000003F2A68306844E80073002BF7D14B68CA
:10781000DAF800C01B1A0BFB02F2A3FB0C3CBCF510
:107820007A7F94BF624402F57A72A2EB0802B2F545
:107830007A7F06D3B9F1010908F57A78DFD1BDE87E
:10784000F88F01F099FE0449D9E700BFDC680020F9
:10785000D8680020D4680020001000E08C68002068
:10786000272816D80201104B03EB00109B5810B4C8
:10787000C2685C68144205D061B95DF8044BC3F876
:1078800088207047836851B1084A5DF8044B1A603C
:10789000704770475DF8044BC3F884207047044A72
:1078A0005DF8044B1A6070474405002038F0010071
:1078B0003830010027280BD8064B020103EB0010DB
:1078C0009A58C36892681A4214BF0120002070477A
:1078D0000020704744050020272829D8164B0201B4
:1078E000012903EB00109A5810B45368C4680ED0F5
:1078F00004290CD023EA040353608368A9B1022948
:1079000017D003290CBF0D4A0D4A1A6007E0234324
:1079100001295360836808D040F638021A60436832
:1079200015225DF8044B1A60704738221A60F6E79A
:107930007047044A1A60F2E744050020383001001D
:107940003800010038F0010030B4124A0020124B18
:107950000121124D124CC2F8F032C2F8F402C2F802
:10796000B810C2F8A000C2F8A450C2F8B010536911
:10797000DB07FCD551612378DB07F0D41368054998
:1079800043F0010313600B68DB07FCD462B630BC24
:10799000704700BF00802A400504012401000F0049
:1079A00000812A4070B50E4C4FF6FF7E0D4E04F15B
:1079B0001E05A6F58053002102E0B34281B204D235
:1079C0001A88481C02337245F7D124F8021FAC42D2
:1079D00006F58056EDD1044B01221A7070BD00BF30
:1079E0008E68002000101F604A6A0020B0F5876F83
:1079F0002CD2174B10B51B78044623B3A008154BA7
:107A000004F00301144CA3FB0023144ADB08C3EB6E
:107A1000031E9C46A0EB0E0341EA8C01FF2034F8C4
:107A200013C01A444FEA4C0C13030CEB023CBCEBA2
:107A3000023F07D91A880233D4B28C4208BF100A19
:107A40009C45F7D810BDFFF7ADFFD7E7FF20704783
:107A50004A6A00208988888890680020F001060022
:107A6000F8B50F46164672B6344B40F20641344A1A
:107A70009A610222DA610022C3F8A020C3F8F01252
:107A8000C3F8F422C3F8F822C3F8FC224FF47022A2
:107A9000C3F8A4200122C3F8B02020F01F038219EC
:107AA000BFF34F8F4FF0E024C4F85C3F20339A427D
:107AB000FAD8BFF34F8FBFF36F8F204D6B69DA0792
:107AC000FCD501231F49B2B220F07F406B6142F424
:107AD0007022C5F8F01242F20121184CC5F8F412D8
:107AE000C5F8BC30C5F8A000C5F8A420C5F8B03072
:107AF000154D01E05B0609D4636913F00100F9D06C
:107B000041236361BDE8F840FFF71EBF082E0AD885
:107B100036B13246394637440646284600F094F9D5
:107B200040236361E8E7A6F108000826394632469B
:107B300037440646284600F087F9F1E700802A40DE
:107B4000F05AF05A3204180880812A4010B472B6F4
:107B5000284B0221284C00229C614FF47024D961EB
:107B600040F20641C3F8F0120121C3F8F422C3F831
:107B7000F822C3F8FC22C3F8A020A2F58052C3F873
:107B8000A4400240C3F8B010BFF34F8F02F58051FC
:107B900002F120034FF0E02C994234BF01218021F3
:107BA00002EB41118B42CCF85C2F1A4603F1200303
:107BB000F8D1BFF34F8FBFF36F8F0E4A5369D907C8
:107BC000FCD501240D490E4B54610340C2F8F0125C
:107BD0004FF470200749C2F8A030C2F8A400C2F8E0
:107BE000B0404B69DB07FCD501235DF8044B4B61CA
:107BF000FFF7AABE00802A40F05AF05A2004180865
:107C000000F0FF00B0F5876F80F08680444B2DE9CF
:107C1000F0471B78C2B005468946002B79D0AB08E7
:107C2000404E05F00305404FA6FB0326F60845EA43
:107C30008605C6EB06169E1B3C4B37F816403344B0
:107C400060004FEA033800EB0330B0EB033F64D928
:107C500043464FF0FF0C1A880233D1B2A94208BF45
:107C60004FEA122C9842F6D8E14541D0B4F5006FA6
:107C700041D302AC4FF48072FF21204601F022FF75
:107C800008F5805008F102034246984234BF0120B3
:107C90004FF4006008EB4000134602321B8882421A
:107CA000D9B24FEA13236354F6D104F805900DF1CD
:107CB00007090DF2071A00254C464046FFF746FF1C
:107CC00014F801CF08EB450002220DF10601631EF6
:107CD000BCF1FF0FA3EB090306D043EA0C230135E7
:107CE000ADF80630FFF7BCFEA245E9D127F81650E3
:107CF00042B0BDE8F08745EA092502A90222013415
:107D0000ADF80850FFF7ACFE27F8164042B0BDE8CA
:107D1000F087FFF747FE82E770474FF0FF0CA3E7BD
:107D20004A6A00208988888890680020F00106004F
:107D3000704700BF272858D80001F0B4344C354DA7
:107D40002358AB4256D049D8B3F1844F4BD0A5F558
:107D50008045AB4240D1304D2044304E304CC4F8C9
:107D6000B462D0E901C4C0684FF0E0264FF000577C
:107D7000042AC6F810712FD85E6926EA00065E61F3
:107D80004FF00506CCF80060266846F48036266081
:107D90005C6824EA00045C60224C54F8224090FAAB
:107DA000A0F2B2FA82F245F822106FEA00011DD06B
:107DB000DD690F2A01EA0501D9611DDC52000325A6
:107DC000D968944005FA02F221EA02022243DA60FD
:107DD00098615A6902435A61F0BC7047124DAB4238
:107DE000FAD1124DB8E7124DB6E77047DA6902438F
:107DF000DA61EDE70F4DAFE7103A0325196952003C
:107E0000944005FA02F221EA020222431A61DFE7F6
:107E10004405002000800042040B002021000000E7
:107E200000100020D802002000C00042040C0020F6
:107E3000840A0020840B002008B5FEF77BFFFEF7C4
:107E4000E1FF01F099FBFAE7844641EA000313F0F1
:107E500003036DD1403A41D351F8043B40F8043B51
:107E600051F8043B40F8043B51F8043B40F8043B14
:107E700051F8043B40F8043B51F8043B40F8043B04
:107E800051F8043B40F8043B51F8043B40F8043BF4
:107E900051F8043B40F8043B51F8043B40F8043BE4
:107EA00051F8043B40F8043B51F8043B40F8043BD4
:107EB00051F8043B40F8043B51F8043B40F8043BC4
:107EC00051F8043B40F8043B51F8043B40F8043BB4
:107ED00051F8043B40F8043B403ABDD2303211D354
:107EE00051F8043B40F8043B51F8043B40F8043B94
:107EF00051F8043B40F8043B51F8043B40F8043B84
:107F0000103AEDD20C3205D351F8043B40F8043B53
:107F1000043AF9D2043208D0D2071CBF11F8013B51
:107F200000F8013B01D30B8803806046704700BF17
:107F3000082A13D38B078DD010F003038AD0C3F126
:107F40000403D21ADB071CBF11F8013B00F8013B08
:107F500080D331F8023B20F8023B7BE7043AD9D3C7
:107F6000013A11F8013B00F8013BF9D20B7803709C
:107F70004B7843708B7883706046704701F1FF3C0B
:107F800070B56646002400E00134B0FBF2F502FB58
:107F90001503092B03F1370E03F130035FFA8EFE50
:107FA00098BF5FFA83FE9042284606F801EFEBD2B5
:107FB000631C0022C818CA547CB162461CF8015FD9
:107FC00010F8016DA1EB0C0302328CF80060013B4C
:107FD000521A057023449A42EFDB084670BD00BF79
:107FE0004FF0010C0CFA01FC01EB410100EB4111D7
:107FF00070B5B1F80EE01FFA8CF5254C1FFA8EFE15
:1080000024782E010EFB033306F0F006E340B0F8AF
:1080100088417345A4B228BF73463443012AA0F8AF
:1080200088410DD0022A28D0C2B10CF00F02B0F85E
:1080300088C11FFA8CFC4CEA020CA0F888C170BD04
:108040009BB20CF00F022D02CB82B0F8803105F408
:1080500070659BB22B43A0F88031E8E7AEEB030ECE
:108060000CF00F021FFA8EFEA1F80AE0B0F8803182
:108070009BB21343A0F88031D9E79BB20CF00F02FA
:10808000CB83B0F880319BB21E43A0F88061CEE76D
:10809000D90C002027284BD8F8B52A4D044615F8EE
:1080A000202005EB8005012A2DD0022A3FD16B78D4
:1080B000C3F3011003283ED0234A02EB803203F0C1
:1080C000030C224889B2634602EB4C1C0678BCF8CC
:1080D00006E05801BCF810301FFA8EFECEF1011EEA
:1080E0001EFA83F303F1FF3E0EFB01F1F1408E45D2
:1080F00023D95B1AC3F101039BB289B20244ACF8E5
:10810000063011820DE06A78C2F30113032B10D000
:108110000F4800EB83308BB202F00301AA78FFF71F
:108120005FFF0C4BEA7803EB04135B681A60F8BD41
:1081300070470948EFE7094AC1E7991E4FF6FF73F8
:10814000DBE700BFC407002000C01D40D90C0020A1
:1081500000C03D404405002000803E4000801E409D
:1081600000230F2248F2B82C194610B54FF4704482
:108170004FF4806EA0F88C414FF46044A0F88E213B
:108180000A46A0F89031B0F888319BB243F0F00372
:10819000A0F8883101EB4103013100EB43130429BE
:1081A0009C80A3F806E05A841A865A805A81A3F864
:1081B0000EC05A82DA825A83DA83EBD1B0F8883162
:1081C0009BB243F00F03A0F88831B0F888319BB21E
:1081D00043F47063A0F8883110BD00BF374B384AB4
:1081E000996F384841F47F0170B5996741F20106F3
:1081F000D3F8801045F6C05543F226040A43C3F86D
:108200008020FFF7ADFF00F58040FFF7A9FF00F5E4
:108210008040FFF7A5FF00F58040FFF7A1FF002297
:10822000A0F503104FF00F0E114600EB42134FEA7A
:10823000421C01329981042A5981A3F80EE09E82E2
:10824000DD8020F80C1019829C81EED100221E489E
:108250004FF00F0E41F20106114645F6C05543F2AC
:10826000260400EB42134FEA421C01329981042A92
:108270005981A3F80EE09E82DD8020F80C1019824F
:108280009C81EED1002211480F2641F201051146D2
:1082900045F6C05443F2260E00EB42134FEA421C4F
:1082A00001329981042A5981DE819D82DC8020F887
:1082B0000C101982A3F80CE0EED170BD00C00F4085
:1082C000000003FC00C03D4000001E4000401E4076
:1082D00072B6EFF30583524CC4F884301EF0040FDD
:1082E0000CBFEFF30882EFF309824FF0E0234D4E0D
:1082F0004D4DD3F8280DD3F82C1DC4E92201D3F835
:10830000341DD3F8383DC4E924139369C4F8983078
:10831000D369C4F89C3000F0A3F884ED280A01F07A
:1083200043FB0B214FF0FF32C4F8A4000B46C4F806
:1083300080103E49301D5A40202402F00103013CC8
:1083400001FB03F383EA5202F7D1A84202D073681B
:108350000646EFE7324BC3F8A820BFF34F8F4FF02C
:10836000E0233049324AC3F8701FC3F8702FBFF3BF
:108370004F8FBFF36F8F2F4A02252F48D36E2F499F
:1083800043F44053D3660560D3692D4823F07F033F
:1083900043F04003D3610B6883423DD8264D002152
:1083A0004FF0E0234FF0FF3229600126C5F8081195
:1083B0002449C5F80011C5F80861C3F88021C3F845
:1083C0008421C3F88821C3F88C21C3F8902101E0EF
:1083D00000F038F9D5F80C31002BF9D00134C5F88C
:1083E0000C614F2CF4D9184B022018494FF0004271
:1083F000C1F840015A63D5F80C313BB9144815490E
:108400000D4A0163D2F80C31002BFAD04FF0E02373
:10841000114AC3F80C2DFEE701F04EF9BEE700BF8C
:1084200000FF272080FF2720A8FF27202083B8ED0A
:10843000A0FF272000C00F40004008409C090020FA
:10844000803DCD0B009F240000900D4000002E4089
:1084500000800F40F100AD0B0400FA05FFF738BFB4
:10846000124AD2F880305B07FBD5D2F88030104832
:10847000C3F30B230F4990ED007A07EE903A91ED8C
:10848000006AB8EE477A0C4AF8EEE77A0B4BD2ED69
:10849000006A77EEC77A93ED007AB8EE477A67EE16
:1084A000867A87EEA60A37EE400A704700810D40B3
:1084B0007C68002084680020886800208068002094
:1084C000836BF0B41BB1536843F40043536072B63E
:1084D000446B3CB31A4B2260D3F8B0410C421DD11F
:1084E000184E776804E07468E41BB4F5166F0BD27D
:1084F000D3F8404144F48044C3F84041D3F8B85124
:10850000D3F840416404EED50D4007D10C4CC0E9CE
:108510000225D4F8B0310B43C4F8B031426362B6DF
:10852000F0BC7047064DC0E90224D5F8B0310B43CA
:10853000C5F8B0310263426362B6F0BC704700BF59
:1085400000002E40001000E070B5056B9DB106469E
:108550002A46002403E012680134012A0CD0536833
:1085600013F08003F7D032632CB12846B36B2D682B
:108570009847013CF9D170BDC6E90C33F4E700BF60
:1085800030B4D9B91F4C204B0021204A01254FF0AF
:10859000011099601D60C4E9023180245C60C2F85A
:1085A000BC01D2F8B0311A482B43C2F8B031016097
:1085B000D2F8B031002BFBD130BC70470904154B09
:1085C000104C012541F080019860104A596000F577
:1085D00080511D60D96000F50051A364196100F558
:1085E000405100F58040596100219861E164D2F862
:1085F000B03143F48033C2F8B031D2F8B031002B3F
:10860000FBD1C0E700000020C012002000002E4077
:1086100018680020E0120020084901220B7802FAB5
:1086200000F023EA0000087030B9054AD2F848315A
:1086300023F08003C2F84831704700BF576A00201A
:1086400000002E402DE9F04F974C83B0D4F84471D0
:10865000FB07C4F8447153D5D4F8AC21002A4AD0A2
:10866000924EDFF860A2DFF87492DFF874B2DFF8A0
:108670007482C4F8AC21D6E90A20D4F8403143F41E
:108680000053C4F84031D4F840319D04F5D5D4F8F6
:10869000403123F40053C4F840314FF00113C4F8C3
:1086A000B431D4F8B45115F00115FAD193B284461F
:1086B000CAF80050B3F5086F00F0CF8100F2DB80FC
:1086C00040F202318B4200F0E78100F29A80822B67
:1086D00000F0CB81B3F5817F40F08A8010F0780FF5
:1086E00083B200F003824FF00113C4F8C031D4F814
:1086F000AC21002ABDD16C4AD2F8BC31002B42D14A
:108700007E0616D5684BD3F8AC21C3F8AC21D3F85C
:10871000BC21C3F8BC21D3F8B041002CFBD14FF0F1
:10872000FF32C3F8B421D3F8843100F029FD604B47
:108730001C60FC0103D55F4B1B6803B19847B8016F
:1087400003D55D4B1B6803B19847790708D5564B95
:10875000D3F8843113F4007347D0584B01221A70B8
:10876000514BD3F848311A060AD53B0608D5544A6E
:1087700013782BB1013BDBB21370002B00F0728237
:1087800003B0BDE8F08F4F49C2F8BC31086803421E
:1087900040F0D181464A14681C40B1D05FEA1448C9
:1087A00010D0424E4FF0010998FAA8F5B5FA85F5B8
:1087B00006EBC51009FA05F54030FFF7C5FE38EAAB
:1087C0000508F1D1A4B2002C9AD0384E4FF0010820
:1087D00094FAA4F5B5FA85F506EBC51008FA05F587
:1087E000FFF7B2FEAC43F3D18AE7344A1370B7E720
:1087F000802B7FF478AF344802210580FFF7C0FE5C
:1088000075E7B3F5A06F00F00B81A3F5D063012BE2
:108810003FF669AF2D4B5D68002D3FF464AF1FFA42
:108820008CFC4FEA124E04E01D690C33002D3FF41E
:108830005AAF1A887245F7D15A886245F4D14FEA87
:108840001E22032A00F0A5811A89000C824228BF4B
:108850000246BEF5007F40F0A181184B1C491878F4
:108860001C4B0192002818BF19461B48FFF7ECFA71
:10887000194D019AE1E142F221218B427CD033D99A
:1088800042F221318B4200F081804FF6C0018B42D1
:108890007FF429AF10F47F4F83B27FF424AF43F409
:1088A0006E4363F30F0CB5E700002E40000000207C
:1088B0001C6800202C6A0020306A00205F6A0020BB
:1088C000606A00201868002044680020F408002036
:1088D0002C1B0060901B006000002020106800200E
:1088E0005DCFC6B8C0012E40B3F5106F66D042F21E
:1088F00021018B427FF4F7AE030C072B7FF4F3AE1C
:10890000B24BB349F560D960B249B360C3F808907F
:10891000C1E9002001221A60AF4A5A60AF4A1A61C9
:10892000D4F8B01141F00101C4F8B01102F5805142
:1089300002F5005259619A61D4F8B031002BFBD195
:10894000A74AF36493600123B264136048F2800382
:1089500053604FF00113C4F8BC31D4F8B03143F484
:108960008033C4F8B0314FF48033CAF80030D4F803
:10897000B031002BFBD1BAE680B238B9994BC2F3C3
:1089800007421968984B1960984B1A70944B002253
:108990009A60F2640122B3641A6080225A604FF038
:1089A0000113C4F8BC31D4F8B03143F48033C4F8B7
:1089B000B031D4F8B031002BFBD198E6C2F30742B6
:1089C0008B4B1A708B4BC4F8C8318B4BC4F8CC312D
:1089D0008A4BC4F8D03100F0D5FB80222946884864
:1089E00001F070F8874B8022C6F8A0B0C6F8E030DE
:1089F0007B4BF5645A600122B3649D601A604FF0AE
:108A00000113C4F8BC31D4F8B03143F48033C4F856
:108A1000B031CAF80050D4F8B031002BFBD166E673
:108A20006F4B0121F564196080219D60B36459602A
:108A30004FF00113C4F8BC31D4F8B03143F48033A3
:108A4000C4F8B031D4F8B031002BFBD1130C5B0665
:108A500043F08073C4F8543149E6654B01216A48FC
:108A60001B780370FFF78CFD41E683B210F07800AD
:108A70007FF439AE03F07F0258F82210624A10806A
:108A8000180600F19E80CB0701D501231370022147
:108A90005D48FFF775FD2AE610F0780F83B27FF48A
:108AA00022AE03F07F0213F0800F58F8223014BF7B
:108AB00043F4803343F0010348F822300022484B4E
:108AC000F2649A600122B3641A6080225A604FF007
:108AD0000113C4F8BC31D4F8B03143F48033C4F886
:108AE000B031D4F8B031002BFBD100E603F07F02A7
:108AF00013F0800F58F8223014BF23F4803323F092
:108B0000010348F822300022354BF2649A600122BA
:108B1000B3641A6080225A604FF00113C4F8BC316C
:108B2000D4F8B03143F48033C4F8B031D4F8B03164
:108B3000002BFBD1DBE50020086026490C88486843
:108B400042F221018C427FF425AE80B200287FF4EE
:108B500021AE2E492E4C03C9A18086284FEA11412F
:108B60002060A1717FF416AE72B62A48017841F0F8
:108B700008010170D2F848110D0605D48020014388
:108B8000C2F84401C2F8481162B6234A502111705C
:108B900000E6000C2A78824228BF0246BEF5E06F4C
:108BA00044D11E4B1E4D18781E491F4B01920028C0
:108BB00018BF19462846FFF747F907236B70019A3B
:108BC0003BE0C9033FF561AF61E700BFE012002061
:108BD00010780020801400208000070010880020FA
:108BE000C0120020D8680020286A00205D6A00209A
:108BF0005E6A00200200CC00C80002000200C8002B
:108C0000800000201993D57444680020106800206B
:108C1000206A0020576A0020606A00205F6A0020F6
:108C200000002020901B00602C1B00602946104D86
:108C300001922846FFF708F9019A25F01F03154411
:108C4000BFF34F8F4FF0E021C1F8703F20339D42BA
:108C5000FAD8BFF34F8FBFF36F8F05481146FFF768
:108C60008FFC44E50320FFF7D7FC01F01DF800BF9F
:108C7000000020202DE9F0471F46831E022B01D95A
:108C8000BDE8F087DFF84C9015460C463C2209EB16
:108C9000C01806464FEAC01A002108F10400240457
:108CA00000F010FFB5FA85F20123520944EA42743C
:108CB00049F80A40C8F83870C8F80830002FDFD0EB
:108CC000034AB34011680B431360BDE8F08700BF4F
:108CD0001C680020000000202DE9F0470D46811E91
:108CE000022901D9BDE8F087C701DFF84C90924610
:108CF000044640373C2200211E4609EB07082D049C
:108D000008F1040000F0DEFEBAFA8AF2520945EAE0
:108D1000427249F807200122C8F83860C8F80820D4
:108D2000002EDFD0034B10341968A2400A431A60AA
:108D3000BDE8F0871C68002000000020120481605C
:108D4000C36101F5405342F0800210B40124426037
:108D500001F50052046001F5805401F58041C460C2
:108D600081615DF8044BC0E904237047831E0A4605
:108D7000022B00D97047064B00F110014FF0010C97
:108D800003EBC0100CFA01F14030FFF799BB00BFB4
:108D900000000020831E0A46022B00D970470121E3
:108DA000024B814003EBC010FFF78ABB000000209C
:108DB00040687047124A134BD2F8200220F07F40DF
:108DC000984210B584B002D200EB800040000E4CF7
:108DD00001A90A22FFF7D2F801A90023204611F8C1
:108DE000012B01333AB10A2B20F8022FF7D11623B9
:108DF000237004B010BD5B00DBB2237004B010BD63
:108E000000441F4080969800C00C002000F0D8BAA3
:108E100000F0CABA00F066BB00F03CBB0846114641
:108E200000F02CBBF8B5144C4FF0E025134E4FF476
:108E3000003204EB4024124F06EB40160346C5F8FF
:108E40008C2121463A883046FFF778FF3B8823443F
:108E5000BFF34F8FC5F85C4F2034A342FAD8BFF35D
:108E60004F8FBFF36F8F03203146FFF793FF4FF40F
:108E70000033C5F80C31F8BD80002020001300201D
:108E8000346A0020244B2DE9F0411C884368C569F1
:108E9000C3F30E43E41A002C24DD204920480A784D
:108EA0000078D3B21F4E82421F4807D010F80380CB
:108EB00036F81870C7F50072944218D901330022B1
:108EC00026F81540082B194E88BF134626F81520A2
:108ED00098BFDAB2C554164B0A701A6814441C6065
:108EE000BDE8F0812846BDE8F041FFF79BBF07EBE6
:108EF0004820104922462744084401EB4521FEF74B
:108F0000A3FF0B4A284626F8187013682344BDE8CF
:108F1000F0411360FFF786BF346A0020556A0020D5
:108F2000566A0020506800207068002060680020A9
:108F30004C680020800020201D4B1A78002A36D172
:108F400002F0FF031B4A12788AB32DE9F0411A4D53
:108F50002A8852B3194EC2F50068194F3278194C5D
:108F600007EB421704EBC224424638462146FFF77E
:108F7000E5FE04EB0802BFF34F8F4FF0E023C3F888
:108F8000704F2034A242FAD8BFF34F8FBFF36F8FD8
:108F900004203946FFF7EAFE33780133DBB2032BB6
:108FA00088BF0023337000232B80BDE8F081704719
:108FB0005C6A00205E6A0020386A00205B6A00203C
:108FC00000140020801020202DE9F04F85B0CDE95D
:108FD0000110002900F0BF800023604CDFF8988169
:108FE000DFF898A15E4F009301235E4A23705E4B29
:108FF0001978B8F8003002EB4119002B40F0A78037
:109000001E461D469B464846FFF7D2FE10F08000E4
:1090100000F08C80BFF34F8F9AF8003084F800B0D6
:1090200005B93E68002B7DD13B689B1B782B00F275
:1090300087804E4B1B78002B74D000F09DFA0122E4
:10904000B8F8003015462270002BDCD0464AC3F534
:10905000006011781A4600EBC120454DC902284432
:10906000019D954217D20393DDE901512A46FEF78F
:10907000EBFE039B4FF040425B1BA8F800303D4BDA
:10908000C3F88420BFF34F8F009800232844237037
:1090900005B0BDE8F08F364BCD180299FEF7D4FE2F
:1090A00000234FF4006229464846FFF747FEBFF30E
:1090B0004F8F05F1200205F50063934234BF012371
:1090C00040234FF0E02205EB4313C2F8705F2035D8
:1090D000AB42FAD1BFF34F8FBFF36F8F04204946E5
:1090E000FFF744FE204A13780133DBB2032B84BF21
:1090F00000231D4A1370B8F80030019AD11A009A63
:109100001A4401910092029A1A4400230292194AC9
:10911000A8F80030C2F88430BFF34F8F23700029C5
:109120007FF462AF009805B0BDE8F08F4FF40062A5
:109130000D4B8AF8000019781346A8F800208AE73A
:10914000012300988AF8003005B0BDE8F08F1A4678
:10915000C3F500607FE70198E5E700BF5C6A002087
:10916000D8680020001400205B6A00205E6A00209E
:109170008010202000002E40386A00205A6A00200B
:10918000704700BF2D4B002180222D4870B51B7801
:1091900000242C4D8B422C4E0CBF40234FF4007307
:1091A0002B80338000F08EFC284A2146284B147017
:1091B0004FF4807227481C8000F084FC264A10215E
:1091C000264B0220C2E90044C2E90244244AC3E912
:1091D00000441470234AC3E90244234B1C70234605
:1091E00014602246FFF778FD2246318803201F4B8A
:1091F000FFF740FD2346012229880420FFF76CFD7C
:1092000020460134FFF70EFE082CF9D1184B00213F
:109210004A221848184C0460C3F88410C3F8802010
:10922000D3F84821154942F08072C3F8482121B192
:10923000134A137843F00103137070BD5F6A002076
:10924000001400203A6A0020346A00205B6A002083
:10925000386A002000130020506800206068002059
:10926000556A00204C680020566A00208572000074
:1092700000002E402C6A002039730000000000001E
:10928000616A00202DE9F04F4FF0E0234FF40032E7
:10929000DFF8C8A083B0C3F88C218B469AF8004051
:1092A00000294FD08046E4B20027DFF8B490264B67
:1092B000ABEB070225491B78A34204F101043FD020
:1092C000092C234B404628BF00241E5D39F816C0E8
:1092D0000CEB462319441F4B33F81650A5EB0C0535
:1092E000AA421CD20CEB462C18491B4C614401923B
:1092F000FEF7AAFD216839F816505846019AA1EBED
:109300000B012A44394429F8162021604FF0E0234C
:109310004FF40032C3F80C2103B0BDE8F08F2A46A9
:109320002F44FEF791FD0C49E3B230460A68A84489
:10933000521B0A608AF80030FFF774FDBB45B6D8AF
:109340003846E3E70846E1E7556A00208000202020
:1093500070680020506800204C680020566A002089
:10936000606800200B4B0C4A12781978D3B28A42FD
:109370000DD0013309480A4A092B0A4928BF0023A6
:10938000C35C31F8131002EB4323585C70474FF075
:10939000FF307047556A0020566A00207068002030
:1093A0008000202060680020044B10B51C680CB1C0
:1093B000204610BD00F0E0F8204610BD4C680020AB
:1093C0002DE9F84F144E154D33782A78934221D069
:1093D000DCB2DFF85090DFF850B0DFF85080104F6B
:1093E0000134082C5FFA84FA01D90024A24619F846
:1093F0000400DBF8003038F8102037F81010521A4B
:109400009B1ACBF80030FFF70DFD86F800A02B78F3
:10941000A342E5D1BDE8F88F566A0020556A0020C6
:1094200060680020706800204C68002050680020B0
:1094300000B583B001210DF10700FFF723FF20B134
:109440009DF8070003B05DF804FB4FF0FF30F9E72B
:10945000094B00B583B01B788DF807003BB10121A3
:109460000DF10700FFF7B0FD03B05DF804FB03F05A
:10947000FF0003B05DF804FB5E6A0020044B1B781C
:1094800003F0FF020BB1FFF79FBD1046704700BF0E
:109490005E6A00202DE9F0410024DFF844800123BA
:1094A0000D4D27460D4E88F800303378284620357C
:1094B000A34204F1010405D0FFF77AFC030658BF6C
:1094C00007F50067042CF0D1BFF34F8F0023384617
:1094D00088F80030BDE8F081001400205B6A0020AD
:1094E0005C6A00202DE9F8431D4B1B7813B11D4D1C
:1094F0002A880AB9BDE8F8831B4EC2F500691B49EA
:1095000033784A461A4C01EB43181A4F04EBC32434
:10951000012340463B7021460023FFF70FFC04EB7C
:109520000902BFF34F8F4FF0E023C3F8704F203490
:10953000A242FAD8BFF34F8FBFF36F8F042041468A
:10954000FFF714FC33780133DBB2032B88BF002311
:10955000337000232B80BFF34F8F3B70BDE8F8833F
:109560005E6A0020386A00205B6A00200014002038
:10957000801020205C6A00202DE9F8432D4B1E78D6
:1095800066B12D4F3B784BB90123F1073B7043D4B3
:10959000B20726D400233B70730701D4BDE8F883DB
:1095A000264B1A68002AF9D0EFF30582002AF5D17C
:1095B000EFF3108572B61868002834D0204C21785B
:1095C000002930D10122227042691A60002A2ED06F
:1095D000916105B962B60025836845779847257083
:1095E000DCE7DFF8648098F80030002BD2D000254B
:1095F000DFF858902B4659F8234001352368204660
:109600001B69984710B163699B68984798F80020D8
:10961000EBB29A42EFD8BDE7FFF7C6FE0028B7D0FD
:10962000AFF30080B4E7002DB8D162B6B6E7054BC2
:109630001A60CEE7616A0020446A00202867002093
:10964000426A002034670020436A00203867002007
:1096500070B5EFF3108272B60C4C206880B10C4EDE
:1096600000254369236073B19D6102B962B68368C6
:1096700045779847EFF3108272B620680028F0D142
:1096800002B962B670BD3360EFE700BF30670020FB
:109690002C670020FFF7DCBF0449054A4968054BE9
:1096A0001960136801331360704700BF001000E0B9
:1096B000D8680020D4680020A249A34B88422DE935
:1096C000F047A24C5E699A69D4F80C801BD9A04B74
:1096D000984240F20281C31A9E491B0AA1FB031360
:1096E00040F22761DB0903EB830303EB830303F2FF
:1096F000E2438B4228BF0B46A3F54877964BA3FB6A
:109700000737FF0804E0954FB8428CBF0E270627A5
:109710008D4908F01F09D1F88030B94543F0C003E6
:10972000C1F880300CD228F01F08A1F5F82148EAD2
:109730000708C1F80C800B68002BFCDA08F01F0941
:1097400016F0007324D186490C698649A14300F0C4
:10975000EA8082F4805134464FF4805514F0605F03
:1097600004D026F060561E43774B5E6111F4405FD3
:1097700007D022F4405274492A438A618B6C1A073D
:10978000FCD446F00076704A5661936C9B06FCD47C
:10979000754CA04200F2CE804FF0010C01466346AA
:1097A00003FB011203F1010E0CF10105A24218D8CE
:1097B000BEF1080F4FF0010340F08D80BCF1040FA3
:1097C00000F291800A18A24200F2A48005FB00F189
:1097D000AC4603F1010E03FB01120CF10105A2429C
:1097E000E6D90CF1FF318C0286EA81215F481044F2
:1097F0005F4A90427FD9DFF8A4A16C225D48584DA2
:10980000B0FBFEF0D5F800E0B0FBFCF0DFF890C153
:109810000EEA0C0CD44509D042F400524FF4805C9F
:10982000C5F800C02A602A68002AFCDA464A156991
:1098300005F007059D4203D01361936CDD03FCD452
:1098400011F4E05F09D026F4E05604F4E0543E4AF7
:1098500026435661936C9907FCD44749474A014413
:1098600091423CD8464BC909A3FB0131090B4B1E61
:109870001B0286EA030212F4407F06D026F44076EB
:1098800003F44073304A334353612F4A536923F042
:1098900000735361936C9B06FCD43A4B4F45A3FB7A
:1098A00000234FF0FF324FEA9343B0FBF1F1B2FBDC
:1098B000F3F3354A1060354A1160354A136008D217
:1098C00028F01F08214A48EA0707D7601368002BD1
:1098D000FCDABDE8F087734662E7122718E74FF419
:1098E00040730421C5E70CF1FF31204807238C02A7
:1098F000104486EA8121274ADFF8A8A0A2FB0020B5
:10990000020D2548362A38BF362202FB00F042EA13
:109910000A0A74E74FEA8C24002386EA8C214FF070
:10992000010EAC4662E71D4686F0C05411464FF06A
:10993000C05313E700244FF0010C02463146234682
:10994000E64653E700A4781F00C00F40000008401F
:109950000046C32323B24C001F85EB5100366E0135
:1099600000800D4040300080FFB19F26808D5B005D
:10997000FF7EF64D00643F4D7FD1F0087F17B42C79
:109980009F10E50083DE1B439C09002098090020FE
:109990008C680020819F5E16001BB7006C20008041
:1099A0007F30018000200080074A506A936A194680
:1099B0008446506A936A9942F9D18445F7D1DB0B0A
:1099C00043EA4040704700BF00400D4088420DD937
:1099D0008B1883420AD900EB020CBAB1624613F825
:1099E00001CD02F801CD9942F9D170470F2A0ED866
:1099F000034602F1FF3C4AB10CF1010C013B8C44DF
:109A000011F8012B03F8012F6145F9D1704740EAA5
:109A100001039B0750D1A2F1100370B501F1200C96
:109A200023F00F0501F1100E00F11004AC441B09E6
:109A30005EF8105C44F8105C5EF80C5C44F80C5C5A
:109A40005EF8085C44F8085C5EF8045C44F8045C6A
:109A50000EF1100EE64504F11004E9D1013312F0C5
:109A60000C0F01EB031102F00F0400EB031327D0DE
:109A7000043C24F003064FEA940C1E441C1F8E463F
:109A80005EF8045B44F8045FB442F9D10CF10104C0
:109A900002F0030203EB840301EB840102F1FF3CBB
:109AA0004AB10CF1010C013B8C4411F8012B03F875
:109AB000012F6145F9D170BD02F1FF3C03469BE7E0
:109AC0002246EBE7830730B548D0541E002A3FD02A
:109AD000CAB2034601E0013C3AD303F8012B9D07CB
:109AE000F9D1032C2DD9CDB245EA05250F2C45EA35
:109AF000054536D9A4F1100222F00F0C03F1200E17
:109B0000E6444FEA121C03F1100242E9045542E90F
:109B1000025510327245F8D10CF1010214F00C0F0D
:109B200003EB021204F00F0C13D0ACF1040323F08A
:109B300003030433134442F8045B9342FBD10CF05B
:109B400003042CB1C9B21C4403F8011B9C42FBD195
:109B500030BD64461346002CF4D1F9E703461446A1
:109B6000BFE71A46A446E0E770B50D4E0D4D761BD3
:109B7000B61006D0002455F8043B01349847A6429D
:109B8000F9D1094E094D761B00F08AF8B61006D0BF
:109B9000002455F8043B01349847A642F9D170BD22
:109BA000F01A0060F01A0060F81A0060F01A006005
:109BB00000000000000000000000000000000000A5
:109BC00090F800F06DE9024520F007016FF0000CFD
:109BD00010F0070491F820F040F049804FF00004A5
:109BE0006FF00700D1E9002391F840F000F1080080
:109BF00082FA4CF2A4FA8CF283FA4CF3A2FA8CF3B8
:109C00004BBBD1E9022382FA4CF200F10800A4FA1E
:109C10008CF283FA4CF3A2FA8CF3E3B9D1E9042372
:109C200082FA4CF200F10800A4FA8CF283FA4CF3A9
:109C3000A2FA8CF37BB9D1E9062301F1200182FA63
:109C40004CF200F10800A4FA8CF283FA4CF3A2FA69
:109C50008CF3002BC6D0002A04BF04301A4612BA77
:109C6000B2FA82F2FDE8024500EBD2007047D1E97A
:109C7000002304F00305C4F100004FEAC50514F009
:109C8000040F91F840F00CFA05F562EA05021CBFDA
:109C900063EA050362464FF00004A9E700000000F4
:109CA0005FF800F0AD1A00605FF800F0051A006080
:049CB000F8B500BF44
:109CB40000000000000000000000000000000000A0
:109CC4000000000000000000000000000000000090
:109CD4000000000000000000000000000000000080
:109CE4000000000000000000000000000000000070
:109CF4000000000000000000000000000000000060
:109D0400000000000000000000000000000000004F
:109D1400000000000000000000000000000000003F
:109D2400000000000000000000000000000000002F
:109D3400000000000000000000000000000000001F
:109D4400000000000000000000000000000000000F
:109D540000000000000000000000000000000000FF
:109D640000000000000000000000000000000000EF
:109D740000000000000000000000000000000000DF
:109D840000000000000000000000000000000000CF
:109D940000000000000000000000000000000000BF
:109DA40000000000000000000000000000000000AF
:109DB400000000000000000000000000000000009F
:109DC400000000000000000000000000000000008F
:109DD400000000000000000000000000000000007F
:109DE400000000000000000000000000000000006F
:109DF400000000000000000000000000000000005F
:109E0400000000000000000000000000000000004E
:109E1400000000000000000000000000000000003E
:109E2400000000000000000000000000000000002E
:109E3400000000000000000000000000000000001E
:109E4400000000000000000000000000000000000E
:109E540000000000000000000000000000000000FE
:109E640000000000000000000000000000000000EE
:109E740000000000000000000000000000000000DE
:109E840000000000000000000000000000000000CE
:109E940000000000000000000000000000000000BE
:109EA40000000000000000000000000000000000AE
:109EB400000000000000000000000000000000009E
:109EC400000000000000000000000000000000008E
:109ED400000000000000000000000000000000007E
:109EE400000000000000000000000000000000006E
:109EF400000000000000000000000000000000005E
:109F0400000000000000000000000000000000004D
:109F1400000000000000000000000000000000003D
:109F2400000000000000000000000000000000002D
:109F3400000001010001010101020101020201020C
:109F440003010203020204020205020205030206DF
:109F540003020703020704030704030705040705B4
:109F6400040706050706060706060707070707008E
:109F740000000000000000000000000800000000D5
:109F840000000000000000000000000001000000CC
:109F94000300000002000000000000004649464F94
:109FA40020456E61626C6564202D2D3E200000000A
:109FB400496E7465727275707420456E61626C6569
:109FC40064000000496E746572727570742044698F
:109FD4007361626C65640000094649464F20466916
:109FE4006C7465727320696E207573653A20000085
:109FF4000952656D61696E696E67204D61696C62B5
:10A004006F7865733A20000009094D420000000092
:10A0140020636F64653A2052585F494E4143544966
:10A024005645000020636F64653A2052585F454DE1
:10A03400505459000928457874656E646564204657
:10A0440072616D652900000009285374616E6461B2
:10A054007264204672616D652900000020636F649C
:10A06400653A2052585F46554C4C000020636F649B
:10A07400653A2052585F4F56455252554E000000E3
:10A0840020636F64653A2052585F52414E535745DE
:10A094005200000020636F64653A2052585F4255B5
:10A0A4005359000020636F64653A2054585F494E49
:10A0B400414354495645000020636F64653A205477
:10A0C400585F41424F52540020636F64653A2054F4
:10A0D400585F4441544120285472616E736D697411
:10A0E40074696E672900000028457874656E64659C
:10A0F40064204672616D6529000000002853746174
:10A104006E64617264204672616D6529000000000E
:10A114002849443A20307800285061796C6F616492
:10A124003A20000020636F64653A2054585F54411C
:10A134004E535745520000004649464F2044697328
:10A1440061626C65640A094D61696C626F7865735C
:10A154003A0A000000000000000000005146000020
:10A16400550100009137000059040000C51D00008E
:10A174005D04000061040000000000000000000015
:10A184003D3D0000D1020000853300004D04000075
:10A19400C52D00005104000055040000000000001B
:10A1A40000000000F55900001D7200001972000043
:10A1B4001572000011720000295B00002D5B000085
:10A1C4000D7200000000000000000000995800001B
:10A1D4007D5A0000055300005D5400002553000023
:10A1E400C95300004D530000E154000079540000AD
:10A1F4000153000000000042C8801F40B8821F4085
:10A204000800000000000042C4801F40B4821F40C8
:10A214000400000000C0004224801F4014821F403C
:10A224001000000000C0004228801F4018821F4018
:10A234002000000000C000422C801F401C821F40F0
:10A244004000000000C0004234801F4024821F40B0
:10A25400000100000040004264811F4054831F40FD
:10A26400000400000040004280811F4070831F40B2
:10A2740000000200004000427C811F406C831F40AC
:10A28400000001000040004268811F4058831F40C5
:10A2940000080000004000423C811F402C831F4006
:10A2A400010000000040004244811F4034831F40ED
:10A2B400040000000040004240811F4030831F40E2
:10A2C400020000000040004248811F4038831F40C4
:10A2D400080000000000004204811F40F4821F4077
:10A2E400000004000000004208811F40F8821F4063
:10A2F400000008000000004218811F4008831F402E
:10A30400000080000000004214811F4004831F40AD
:10A31400000040000000004200811F40F0821F4006
:10A324000000020000000042FC801F40EC821F403D
:10A33400000001000000004224811F4014831F40DC
:10A34400000000040000004228811F4018831F40C1
:10A3540000000008000000421C811F400C831F40C5
:10A36400000000010000004220811F4010831F40B4
:10A374000000000200000042EC801F40DC821F400D
:10A384000010000000000042F0801F40E0821F40E7
:10A39400002000000000004234811F4024831F403D
:10A3A400000000400000004238811F4028831F4005
:10A3B400000000800080004294801F4084821F407F
:10A3C4000000040000C0004290801F4080821F40B3
:10A3D4000000008000800042A8801F4098821F4037
:10A3E4000000800000800042A4801F4094821F402F
:10A3F40000004000004000426C811F405C831F400D
:10A404000010000000C0004230801F4020821F4026
:10A414008000000000800042C8811F40B8831F40B4
:10A424000080000000800042C4811F40B4831F40AC
:10A434000040000000800042C0811F40B0831F40E4
:10A444000020000000800042BC811F40AC831F40FC
:10A454000010000000800042D0811F40C0831F40D4
:10A464000000020000800042CC811F40BC831F40DA
:10A474000000010001010004010000040132010197
:10A484000132020101100101011101010112010255
:10A494000103020601030106011202020200000187
:10A4A4000202000102010001021000010222000167
:10A4B400022300010000000000000000022100014E
:10A4C4000220000100000000000000000130010132
:10A4D4000131010101020004010300040000000035
:10A4E400000000000121020101210101000000001F
:10A4F400000000000000000001100201010102013F
:10A504000101010101000201010001010102020136
:10A514000102010153544F434B00000046574400CD
:10A52400353035300000000037353235000000008A
:10A53400435553544F4D00004154000041542B5592
:10A544004152543D31393230302C302C300000002F
:10A5540041542B4E414D453D4F70656E48616C64CE
:10A56400657854340000000041542B524F4C453D53
:10A574003000000041542B434D4F44453D30000012
:10A5840041542B434C4153533D30000041542B5212
:10A594004D4141440000000041542B524553455461
:10A5A4000000000000010000700A002012000000FA
:10A5B40000060000F41B00600A0000000002000016
:10A5C400901B006062000000000700002C1B00606C
:10A5D40062000000EE030000AC0C0020120000003A
:10A5E400000004EE840C002028000000000300009A
:10A5F400281B00600000000001030904101B006018
:10A604000000000002030904F81A006000000000C2
:10A6140003030904C00C0020000000000000000037
:10A624000000000000000000880800208C080020C2
:10A63400A0080020B8080020C4080020D00800208A
:10A64400DC080020E80800200029DE07007B9A17B8
:10A65400F404002000000000E803000000000000F3
:10A664001C05002000000000E803000000000000BA
:10A6740000001940100A002000000000F8660020C5
:10A68400B866002000000000000000002800000060
:10A69400400000002800000040000000000000000E
:10A6A40000000000000000000000000000000000A6
:10A6B4000000000000000000000000000000000096
:10A6C40001170000E9590000000000006CC00F40B1
:10A6D40000000003070000000200000040851F4046
:10A6E40002000000FF000000FF0000000000000066
:10A6F40000000000080000000200000044851F4024
:10A7040002000000FF000000FF0000000000000045
:10A7140000000000FF004000260018007A0000003E
:10A7240012010002EF020140C01683047902010203
:10A73400030100003161000031610000316100005B
:10A7440031610000316100003161000031610000BD
:10A7540031610000316100003161000031610000AD
:10A76400316100003161000031610000316100009D
:10A77400316100003161000031610000316100008D
:10A78400316100003161000031610000316100007D
:10A79400316100003161000031610000316100006D
:10A7A400316100003161000031610000316100005D
:10A7B400316100003161000031610000316100004D
:10A7C400316100003161000031610000316100003D
:10A7D400316100003161000031610000316100002D
:10A7E400316100003161000031610000316100001D
:10A7F400316100003161000031610000316100000D
:10A8040031610000316100003161000031610000FC
:10A8140031610000316100003161000031610000EC
:10A8240031610000316100003161000031610000DC
:10A8340031610000316100003161000031610000CC
:10A8440031610000316100003161000031610000BC
:10A8540031610000316100003161000031610000AC
:10A86400316100003161000031610000316100009C
:10A87400316100003161000031610000316100008C
:10A88400316100003161000031610000316100007C
:10A89400316100003161000031610000316100006C
:10A8A400316100003161000031610000316100005C
:10A8B400316100003161000031610000316100004C
:10A8C400316100003161000031610000316100003C
:10A8D400316100003161000031610000316100002C
:10A8E400316100003161000031610000316100001C
:10A8F400316100003161000031610000316100000C
:10A9040031610000316100003161000031610000FB
:10A9140031610000316100003161000031610000EB
:10A9240031610000316100003161000031610000DB
:10A934003161000028000000000104000100000053
:10A9440000000000020157494E5553420000000028
:10A9540000000000000000000000000012034D0091
:10A96400530046005400310030003000F80000006D
:10A974000C030000000000000000000000000000C4
:10A9840000000000000003030B08000000000000AA
:10A9940000000000000000000000000000000000B3
:10A9A40000000000000000000000000000000000A3
:10A9B4000000000000000000000000000000000093
:10A9C4000000000000000000000000000000000083
:10A9D4000000000000000000000000000000000073
:10A9E4000000000000000000000000000000000063
:10A9F4000000000000000000000000000000000053
:10AA04000000000000000000000000000000000042
:10AA14000000000000000000000000000000000032
:10AA24000000000000000000000000000000000022
:10AA34000000000000000000000000000000000012
:10AA44000000000000000000000000000000000002
:10AA540000000000000000000000000000000000F2
:10AA640000000000000000000000000000000000E2
:10AA740000000000000000000000000000000000D2
:10AA840000000000000000000000000000000000C2
:10AA940000000000000000000000000000000000B2
:10AAA40000000000000000000000000000000000A2
:10AAB4000000000000000000000000000000000092
:10AAC4000000000000000000000000000000000082
:10AAD4000000000000000000000000000000000072
:10AAE4000000000000000000000000000000000062
:10AAF4000000000000000000000000000000000052
:10AB04000000000000000000000000000000000041
:10AB14000000000000000000000000000000000031
:10AB24000000000000000000000000000000000021
:10AB34000000000000000000000000000000000011
:10AB44000000000000000000000000000000000001
:10AB540000000000000000000000000000000000F1
:10AB640000000000000000000000000000000000E1
:10AB740000000000000000000000000000000000D1
:10AB840000000000000000000000000000000000C1
:10AB940000000000000000000000000000000000B1
:10ABA40000000000000000000000000000000000A1
:10ABB4000000000000000000000000000000000091
:10ABC4000000000000000000000000000000000081
:10ABD4000000000000000000000000000000000071
:10ABE4000000000000000000000000000000000061
:10ABF4000000000000000000000000000000000051
:10AC04000000000000000000000000000000000040
:10AC14000000000000000000000000000000000030
:10AC24000000000000000000000000000000000020
:10AC34000000000000000000000000000000000010
:10AC44000000000000000000000000000000000000
:10AC540000000000000000000000000000000000F0
:10AC640000000000000000000000000000000000E0
:10AC740000000000000000000000000000000000D0
:10AC840000000000000000000000000000000000C0
:10AC940000000000000000000000000000000000B0
:10ACA40000000000000000000000000000000000A0
:10ACB4000000000000000000000000000000000090
:10ACC4000000000000000000000000000000000080
:10ACD4000000000000000000000000000000000070
:10ACE4000000000000000000000000000000000060
:10ACF4000000000000000000000000000000000050
:10AD0400000000000000000000000000000000003F
:10AD1400000000000000000000000000000000002F
:10AD2400000000000000000000000000000000001F
:10AD3400000000000000000000000000000000000F
:10AD440000000000000000000000000000000000FF
:10AD540000000000000000000000000000000000EF
:10AD640000000000000000000000000000000000DF
:10AD740000000000000000000000000000000000CF
:10AD840000000000000000000000000000000000BF
:10AD940000000000000000000000000000000000AF
:10ADA400000000000000000000000000000000009F
:10ADB400000000000000000000000000000000008F
:10ADC400000000000000000000000000000000007F
:10ADD400000000000000000000000000000000006F
:10ADE400000000000000000000000000000000005F
:10ADF400000000000000000000000000000000004F
:10AE0400000000000000000000000000000000003E
:10AE1400000000000000000000000000000000002E
:10AE2400000000000000000000000000000000001E
:10AE3400000000000000000000000000000000000E
:10AE440000000000000000000000000000000000FE
:10AE540000000000000000000000000000000000EE
:10AE640000000000000000000000000000000000DE
:10AE740000000000000000000000000000000000CE
:10AE840000000000000000000000000000000000BE
:10AE940000000000000000000000000000000000AE
:10AEA400000000000000000000000000000000009E
:10AEB400000000000000000000000000000000008E
:10AEC400000000000000000000000000000000007E
:10AED400000000000000000000000000000000006E
:10AEE400000000000000000000000000000000005E
:10AEF400000000000000000000000000000000004E
:10AF0400000000000000000000000000000000003D
:10AF1400000000000000000000000000000000002D
:10AF2400000000000000000000000000000000001D
:10AF3400000000000000000000000000000000000D
:10AF440000000000000000000000000000000000FD
:10AF540000000000000000000000000000000000ED
:10AF640000000000000000000000000000000000DD
:10AF7400FFFFFFFFFFFFFFFFFFFFFFFFFFFFFFFFDD
:10AF8400FFFFFFFFFFFFFFFFFFFFFFFFFFFFFFFFCD
:10AF9400FFFFFFFFFFFFFFFFFFFFFFFFFFFFFFFFBD
:10AFA400FFFFFFFFFFFFFFFFFFFFFFFFFFFFFFFFAD
:10AFB400FFFFFFFFFFFFFFFFFFFFFFFFFFFFFFFF9D
:10AFC400FFFFFFFFFFFFFFFFFFFFFFFFFFFFFFFF8D
:10AFD400FFFFFFFFFFFFFFFFFFFFFFFFFFFFFFFF7D
:10AFE400FFFFFFFFFFFFFFFFFFFFFFFFFFFFFFFF6D
:10AFF400FFFFFFFFFFFFFFFFFFFFFFFF0000000059
:10B00400000000000000000000000000000000003C
:10B01400000000000000000000000000000000002C
:10B02400000000000000000000000000000000001C
:10B03400000000000000000000000000000000000C
:10B0440000000000000000000000000000000000FC
:10B0540000000000000000000000000000000000EC
:10B0640000000000000000000000000000000000DC
:10B0740000000000000000000000000000000000CC
:10B0840000000000000000000000000000000000BC
:10B0940000000000000000000000000000000000AC
:10B0A400000000000000000000000000000000009C
:10B0B400000000000000000000000000000000008C
:10B0C400000000000000000000000000000000007C
:10B0D400000000000000000000000000000000006C
:10B0E400000000000000000000000000000000005C
:10B0F400000000000000000000000000000000004C
:10B10400000000000000000000000000000000003B
:10B11400000000000000000000000000000000002B
:10B12400000000000000000000000000000000001B
:10B13400000000000000000000000000000000000B
:10B1440000000000000000000000000000000000FB
:10B1540000000000000000000000000000000000EB
:10B1640000000000000000000000000000000000DB
:10B1740000000000000000000000000000000000CB
:10B1840000000000000000000000000000000000BB
:10B1940000000000000000000000000000000000AB
:10B1A400000000000000000000000000000000009B
:10B1B400000000000000000000000000000000008B
:10B1C400000000000000000000000000000000007B
:10B1D400000000000000000000000000000000006B
:10B1E400000000000000000000000000000000005B
:10B1F400000000000000000000000000000000004B
:10B20400000000000000000000000000000000003A
:10B21400000000000000000000000000000000002A
:10B22400000000000000000000000000000000001A
:10B23400000000000000000000000000000000000A
:10B2440000000000000000000000000000000000FA
:10B2540000000000000000000000000000000000EA
:10B2640000000000000000000000000000000000DA
:10B2740000000000000000000000000000000000CA
:10B2840000000000000000000000000000000000BA
:10B2940000000000000000000000000000000000AA
:10B2A400000000000000000000000000000000009A
:10B2B400000000000000000000000000000000008A
:10B2C400000000000000000000000000000000007A
:10B2D400000000000000000000000000000000006A
:10B2E400000000000000000000000000000000005A
:10B2F400000000000000000000000000000000004A
:10B304000000000000000000000000000000000039
:10B314000000000000000000000000000000000029
:10B324000000000000000000000000000000000019
:10B334000000000000000000000000000000000009
:10B3440000000000000000000000000000000000F9
:10B3540000000000000000000000000000000000E9
:10B3640000000000000000000000000000000000D9
:10B3740000000000000000000000000000000000C9
:10B3840000000000000000000000000000000000B9
:10B3940000000000000000000000000000000000A9
:10B3A4000000000000000000000000000000000099
:10B3B4000000000000000000000000000000000089
:10B3C4000000000000000000000000000000000079
:10B3D4000000000000000000000000000000000069
:10B3E4000000000000000000000000000000000059
:10B3F4000000000000000000000000000000000049
:10B404000000000000000000000000000000000038
:10B414000000000000000000000000000000000028
:10B424000000000000000000000000000000000018
:10B434000000000000000000000000000000000008
:10B4440000000000000000000000000000000000F8
:10B4540000000000000000000000000000000000E8
:10B4640000000000000000000000000000000000D8
:10B4740000000000000000000000000000000000C8
:10B4840000000000000000000000000000000000B8
:10B4940000000000000000000000000000000000A8
:10B4A4000000000000000000000000000000000098
:10B4B4000000000000000000000000000000000088
:10B4C4000000000000000000000000000000000078
:10B4D4000000000000000000000000000000000068
:10B4E4000000000000000000000000000000000058
:10B4F4000000000000000000000000000000000048
:10B504000000000000000000000000000000000037
:10B514000000000000000000000000000000000027
:10B524000000000000000000000000000000000017
:10B534000000000000000000000000000000000007
:10B5440000000000000000000000000000000000F7
:10B5540000000000000000000000000000000000E7
:10B5640000000000000000000000000000000000D7
:10B5740000000000000000000000000000000000C7
:10B5840000000000000000000000000000000000B7
:10B5940000000000000000000000000000000000A7
:10B5A4000000000000000000000000000000000097
:10B5B4000000000000000000000000000000000087
:10B5C4000000000000000000000000000000000077
:10B5D4000000000000000000000000000000000067
:10B5E4000000000000000000000000000000000057
:10B5F4000000000000000000000000000000000047
:10B604000000000000000000000000000000000036
:10B614000000000000000000000000000000000026
:10B624000000000000000000000000000000000016
:10B634000000000000000000000000000000000006
:10B6440000000000000000000000000000000000F6
:10B6540000000000000000000000000000000000E6
:10B6640000000000000000000000000000000000D6
:10B6740000000000000000000000000000000000C6
:10B6840000000000000000000000000000000000B6
:10B6940000000000000000000000000000000000A6
:10B6A4000000000000000000000000000000000096
:10B6B4000000000000000000000000000000000086
:10B6C4000000000000000000000000000000000076
:10B6D4000000000000000000000000000000000066
:10B6E4000000000000000000000000000000000056
:10B6F4000000000000000000000000000000000046
:10B704000000000000000000000000000000000035
:10B714000000000000000000000000000000000025
:10B724000000000000000000000000000000000015
:10B734000000000000000000000000000000000005
:10B7440000000000000000000000000000000000F5
:10B7540000000000000000000000000000000000E5
:10B7640000000000000000000000000000000000D5
:10B7740000000000000000000000000000000000C5
:10B7840000000000000000000000000000000000B5
:10B7940000000000000000000000000000000000A5
:10B7A4000000000000000000000000000000000095
:10B7B4000000000000000000000000000000000085
:10B7C4000000000000000000000000000000000075
:10B7D4000000000000000000000000000000000065
:10B7E4000000000000000000000000000000000055
:10B7F4000000000000000000000000000000000045
:10B804000000000000000000000000000000000034
:10B814000000000000000000000000000000000024
:10B824000000000000000000000000000000000014
:10B834000000000000000000000000000000000004
:10B8440000000000000000000000000000000000F4
:10B8540000000000000000000000000000000000E4
:10B8640000000000000000000000000000000000D4
:10B8740000000000000000000000000000000000C4
:10B8840000000000000000000000000000000000B4
:10B8940000000000000000000000000000000000A4
:10B8A4000000000000000000000000000000000094
:10B8B4000000000000000000000000000000000084
:10B8C4000000000000000000000000000000000074
:10B8D4000000000000000000000000000000000064
:10B8E4000000000000000000000000000000000054
:10B8F4000000000000000000000000000000000044
:10B904000000000000000000000000000000000033
:10B914000000000000000000000000000000000023
:10B924000000000000000000000000000000000013
:10B934000000000000000000000000000000000003
:10B9440000000000000000000000000000000000F3
:10B9540000000000000000000000000000000000E3
:10B9640000000000000000000000000000000000D3
:10B9740000000000000000000000000000000000C3
:10B9840000000000000000000000000000000000B3
:10B9940000000000000000000000000000000000A3
:10B9A4000000000000000000000000000000000093
:10B9B4000000000000000000000000000000000083
:10B9C4000000000000000000000000000000000073
:10B9D4000000000000000000000000000000000063
:10B9E4000000000000000000000000000000000053
:10B9F4000000000000000000000000000000000043
:10BA04000000000000000000000000000000000032
:10BA14000000000000000000000000000000000022
:10BA24000000000000000000000000000000000012
:10BA34000000000000000000000000000000000002
:10BA440000000000000000000000000000000000F2
:10BA540000000000000000000000000000000000E2
:10BA640000000000000000000000000000000000D2
:10BA740000000000000000000000000000000000C2
:10BA840000000000000000000000000000000000B2
:10BA940000000000000000000000000000000000A2
:10BAA4000000000000000000000000000000000092
:10BAB4000000000000000000000000000000000082
:10BAC4000000000000000000000000000000000072
:10BAD4000000000000000000000000000000000062
:10BAE4000000000000000000000000000000000052
:10BAF4000000000000000000000000000000000042
:10BB04000000000000000000000000000000000031
:10BB14000000000000000000000000000000000021
:10BB24000000000000000000000000000000000011
:10BB34000000000000000000000000000000000001
:10BB440000000000000000000000000000000000F1
:10BB540000000000000000000000000000000000E1
:10BB640000000000000000000000000000000000D1
:10BB740000000000000000000000000000000000C1
:10BB840000000000000000000000000000000000B1
:10BB940000000000000000000000000000000000A1
:10BBA4000000000000000000000000000000000091
:10BBB4000000000000000000000000000000000081
:10BBC4000000000000000000000000000000000071
:10BBD4000000000000000000000000000000000061
:10BBE4000000000000000000000000000000000051
:0CBBF40000000000000000000000000045
:040000056000100087
:00000001FF
